A4F336	1.03504441314301
A0A0K3AWR5	1.03504441314301
U4PAK0	-1.71497105182869
A0A2X0T1Z3	-1.71497105182869
A4F337	-1.71497105182869
J7SA53	-1.05679421571425
G5EFG7	-1.05679421571425
Q7Z0N6	0.0322899789989872
Q9U3S9	0.0322899789989872
Q2HQL9	0.0322899789989872
I7EVL8	-0.0592890961899842
Q9XXA4	-0.0592890961899842
D3NQA2	-0.0592890961899842
Q17399	-1.95376078609338
Q17405	-0.103650223701658
H9G2W1	-0.103650223701658
Q17403	-0.476588616998624
Q17404	-0.847609925622423
Q58AU0	-3.94100893163016
Q58AU1	-3.94100893163016
O77472	-0.642122571100162
Q22875	-0.642122571100162
Q8MPP6	-0.642122571100162
V6CJ50	-0.642122571100162
V6CK98	-0.642122571100162
A4F2Z7	2.45881776364754
G5EFZ2	0.178473629987061
G5EDW3	-1.21776718184992
G5EFZ2	0.178473629987061
Q09208	-0.178940729302114
Q09436	2.0776742190163
Q10904	-0.54768194159704
Q10905	-0.703817034128635
Q10906	-0.435365134880589
Q10907	-0.814485087939927
Q2L6W5	-1.42086223738063
Q17410	0.0553291775983725
E5QCG5	0.0553291775983725
E5QCG6	0.0553291775983725
Q17411	-2.00986862726019
A7LPH1	-0.485301671362258
A0A061ACH8	-0.485301671362258
Q17412	-0.485301671362258
A0A3P6N643	0.795380308527883
Q17413	0.795380308527883
Q17414	0.420597932663161
Q17415	-0.122141738287791
Q17416	0.666947738216817
H9G2U9	0.666947738216817
H9G2U8	0.666947738216817
K8ESC8	0.0932825184094229
A0A0K3ARG5	0.0932825184094229
A0A3P6NIB1	0.0932825184094229
Q8WQH2	0.0932825184094229
Q9XXU5	-0.398305199035929
G5EBL4	-0.169476870412197
Q17425	0.373277689537244
Q17426	-0.0393473341782561
Q17427	0.35920857946886
Q17428	-0.988824179519871
Q7JLP4	-0.988824179519871
E1B6S3	-0.314100169852293
G5EF34	-0.314100169852293
G5EEX3	-0.314100169852293
G5EBZ2	-0.314100169852293
Q8MQG4	-1.13570365545133
Q17419	-1.35757360760893
Q17420	-0.0527536658400308
E9P869	-0.429807464166564
E9P870	-0.429807464166564
M1ZMI6	-0.429807464166564
Q17423	-0.429807464166564
Q17424	0.411507330671983
G3MU08	0.411507330671983
Q5TYK9	-0.0924446407960422
Q9TXI6	-0.0924446407960422
Q9TXI7	-0.0924446407960422
Q9XZR0	-0.0924446407960422
O01422	0.432816152471912
Q8WQC3	-1.35094667050532
Q10910	-0.239124626893835
G5ED46	-0.624605097133873
H2KY57	-0.624605097133873
Q2L6X9	-0.624605097133873
A0A8S4QCC9	-0.624605097133873
Q10912	-1.01853457706758
A0A7I9HS13	-3.39352060928429
Q4TTB9	1.39250743161605
Q9U3S8	0.263434363951619
Q93156	0.263434363951619
Q17431	0.606905977397642
Q17430	-0.425909110599908
Q17437	-0.969586781624519
Q17438	-0.237356085982533
K8ESE7	-0.237356085982533
Q17439	-0.626971596865605
Q17440	1.42789133027607
Q17433	-0.810919690982204
Q17432	-0.43188215885527
Q17435	0.552258100318723
Q27464	-0.584314212844301
Q17436	-0.0941112822746034
E4MVC4	-0.838666319771039
H2KY60	0.0423898060524237
A0A2C9C358	0.0423898060524237
A0A2C9C2E8	0.0423898060524237
A0A2C9C2L0	0.0423898060524237
H2KY58	0.0423898060524237
H2KY59	0.0423898060524237
Q95R18	0.0423898060524237
O02055	-0.462668086342556
O02056	-0.392070615850095
A0A2K5ATJ4	-1.05814382271018
O02057	-1.05814382271018
O02058	0.0273994393444037
Q2MGF4	0.0273994393444037
O02061	-0.0975444430579827
Q9U7E0	-0.0975444430579827
Q95R19	0.420440775766782
O16566	0.608997319978395
Q17441	0.402915526771835
D0VWN1	-0.475032361456945
Q17442	-0.475032361456945
Q17443	0.821556693446484
H2KY62	0.281921996633323
Q2MGE6	0.281921996633323
Q95X39	-0.27926377149857
Q4W4Z5	1.9666539257119
Q336L1	-0.114328245396138
Q336L2	-1.03578948724307
O61742	0.237052906901383
O61739	-1.13920583416466
O61741	-0.592661774317945
P18334	-0.530356272006242
O61743	0.377266832441069
O61745	0.904989678468839
O01433	-0.49623835624934
Q17369	-0.274799054200874
Q95Q97	-0.274799054200874
Q8IFY7	-0.274799054200874
Q17367	-0.274799054200874
Q95Q96	-0.274799054200874
O01431	-1.75868452786
O01428	-0.211504656005786
Q7Z117	-0.211504656005786
Q9BIG2	-0.211504656005786
O01427	0.673055663643338
O01426	1.27832501803562
O45063	0.290340074266416
Q5TKB1	0.0399693300967405
Q968A3	0.0399693300967405
U4PBV2	0.0399693300967405
Q95X47	0.0399693300967405
H2KY64	0.0399693300967405
O44657	-4.12698430501467
O44658	-1.42070686250373
H2KY68	-2.73128531179376
H2KY69	-2.73128531179376
Q2MGF0	-2.73128531179376
A0A168H3M4	-2.73128531179376
O61204	-5.24444244827677
Q8MNX6	-0.364862460120354
O44666	-1.1233767919734
O44665	1.42433019970606
O44664	-0.935025657530247
O44663	-0.163983520357279
O44662	-1.00434727444165
H2KY70	-0.14677197266044
Q17449	-0.14677197266044
Q17447	-0.662203399964113
Q17446	-0.928200880567053
W6RTE8	-0.39539515480652
Q17450	-0.39539515480652
Q17452	-3.34220568483084
Q17453	0.337734323614761
Q4PIU5	0.712000961771473
Q17455	-0.775476924173584
Q17456	-1.0993212497164
Q17457	-2.24988377355135
Q17458	0.181330838277293
Q17460	0.757787842854026
Q960A1	-1.67808413730997
Q09220	0.125722415092218
Q09221	-0.456968139023491
D7SFI9	-0.456968139023491
Q10908	-0.456968139023491
Q27GU7	-0.456968139023491
Q5WRU1	-0.456968139023491
Q5WRU2	-0.456968139023491
Q5WRU3	-0.456968139023491
Q09433	1.80073745111495
Q306X0	1.80073745111495
Q7YZF7	1.80073745111495
Q09223	-1.55640540756192
Q09438	0.712849252095625
O16497	-1.12904762834482
O16486	-0.111448143639722
O16487	0.0698067453125712
O16488	-0.162311116489092
O16485	0.498357684107913
Q17463	-0.791256033233673
Q9N2M5	-0.791256033233673
A0A0K3AUK6	-1.21398034132255
Q8I4N4	-1.21398034132255
Q8I4N3	0.405670107495458
A0A2K5ATT9	0.548477222909821
G5EGJ5	0.121265171374754
G4RRB5	-0.0212986524022756
G8JXY4	-0.0212986524022756
Q09964	-0.0212986524022756
Q2PJA8	-0.0212986524022756
Q10909	-0.245730748202591
Q09965	-0.915962958933036
Q9XVF7	-0.844754052734181
G1K0Y4	-1.74246172784855
G1K0Y8	-1.74246172784855
Q9XVF6	0.722667271893969
Q9XTI0	-0.0955880348481207
G5ED82	0.521520664966944
Q10915	0.470464393753005
Q10916	-1.0722847284434
Q10917	-0.213168575179688
Q7YZF8	-0.213168575179688
G8JXY5	-0.213168575179688
P52017	0.75681335890093
Q95ZZ8	0.75681335890093
Q45EL2	-0.68192804765395
O01441	0.207264597038854
O01438	0.154132000602856
Q95Q95	0.154132000602856
Q2L6V2	-0.980092458411661
Q2L6V1	-0.980092458411661
O01442	0.790398534543644
Q7Z116	-0.38384898570808
P41937	-0.939172659729301
P41941	-0.68231866722901
P41938	-0.163268089873146
P41942	0.473628703261875
V6CJ41	1.31319717462573
O44170	1.31319717462573
O44169	1.00359939185406
O44171	-0.339943885649672
Q26261	-0.339943885649672
Q26262	-0.339943885649672
Q7JPT6	-0.339943885649672
Q7KPX0	-0.339943885649672
V6CK86	-0.339943885649672
V6CLG6	-0.339943885649672
V6CLK6	-0.339943885649672
V6CLL7	-0.339943885649672
P41992	0.278595257003253
Q2V4X4	0.278595257003253
A0A2K5ATS5	-0.179491560818629
A0A2K5ATS9	-0.179491560818629
A0A2K5ATU9	-0.179491560818629
A0A7R7JK61	-0.179491560818629
P42001	-0.179491560818629
Q10914	-0.612867211237388
Q86GT2	-0.612867211237388
Q9BK24	-0.612867211237388
Q5WRU4	-0.235112631461971
P41993	-0.305203778391584
Q5WRU5	-0.305203778391584
P41994	-0.741777802083749
P41995	2.85586345687688
P41999	-0.087370161825921
Q86PK9	-0.087370161825921
P42000	-0.292261110346551
O16614	-0.543716751429558
H2KY83	-0.926478751630714
O16612	-0.926478751630714
O16613	-0.334623913794732
Q17466	-1.53740256665687
Q17469	-0.903755080045062
Q17467	1.14579370627761
C8JQQ9	-1.03449495815434
C8JQR0	-1.03449495815434
P46551	-1.03449495815434
P46552	-1.03449495815434
P46560	0.00121684288629488
Q1LZ58	0.00121684288629488
P46553	-0.142591972608131
P46554	-0.673486178445719
P46555	-0.590238749224685
Q6Q8P8	-0.590238749224685
P46556	-0.192214507511035
P46557	-1.10344551914531
P46558	-0.796220877392703
Q8IS24	-0.796220877392703
P46559	-0.17897888274189
Q8IS23	-0.17897888274189
Q10921	-0.11509831916155
B2MZA8	-0.592551523023859
G5ECX0	-0.592551523023859
Q10457	0.427689867585255
B2MZA9	-0.282704047918146
Q95QZ3	-0.282704047918146
Q10923	-0.282704047918146
Q95QZ4	-0.282704047918146
Q9TXP8	-2.71546099002976
Q10925	-0.634090667201998
Q7JP57	-0.634090667201998
Q7JP58	-0.634090667201998
Q7JP59	-0.634090667201998
Q95ZZ7	-0.634090667201998
Q10906	-0.932812542323676
Q10928	-0.932812542323676
Q2L6W6	-0.932812542323676
A0A0K3AR76	-0.412116892882355
A0A0K3AU37	-0.412116892882355
P34261	-0.412116892882355
P34262	-0.412116892882355
P34263	0.192415223634636
P34264	0.256640561562273
P34254	0.842796875827152
P34255	0.697547371478649
P34256	-0.405950119233
A9Z1J8	-0.565547607352114
P34258	-0.565547607352114
P34260	0.110993882493745
P22980	-0.0503075267490919
Q10932	-0.319632403128535
Q27465	-0.447296874534115
Q10933	-0.878713000970913
Q10937	-1.46917796786844
A8WFJ3	-1.46917796786844
A8WFJ4	-1.46917796786844
A0A2K5ATZ8	0.113357673412733
Q10938	0.113357673412733
Q10939	-0.243071467306714
A0A2K5ATY0	0.603930810834394
Q10941	0.603930810834394
Q10942	0.532766124024633
Q17473	-0.399661896627973
Q9XVW6	-0.427756483248686
Q8I132	-0.427756483248686
Q7YTS6	-1.16344387967137
E1B6R8	1.05515599278147
Q5FC72	-1.15556677722076
Q17475	0.41891324743581
Q17474	0.41891324743581
Q17476	0.796313715878329
Q17477	-0.652231094027904
Q17478	-0.832034392016165
A0A0K3ARF0	0.751328454755789
Q17482	0.751328454755789
Q94125	0.751328454755789
A0A0K3AUT2	-1.3137465465925
O16145	-1.3137465465925
Q10953	-1.3137465465925
P48158	-0.722996802839088
H2KY79	0.268440780159821
Q10956	0.268440780159821
Q9BIB4	0.790774195040506
Q10943	-0.133644462123604
A0A2K5ATS4	0.383976014382732
A0A2K5ATS7	0.383976014382732
A0A2K5ATT0	0.383976014382732
Q10954	0.383976014382732
A9Z1K0	1.36386388038986
Q10955	1.36386388038986
Q17483	-0.384448957664813
H2KY75	-0.384448957664813
Q10929	1.19782525902777
Q5DX39	-0.102925890522243
H2KY76	-0.102925890522243
Q10931	0.452647328994331
Q8MPQ0	-0.054231521941894
H2KY77	-0.054231521941894
H2KY78	-0.054231521941894
Q10580	-0.054231521941894
Q17484	-0.054231521941894
Q8WQH0	-0.054231521941894
A0A0K3AV78	0.772328066841985
O61958	0.772328066841985
G5EBH0	-0.333202140964728
Q6EZG7	-0.333202140964728
Q95X30	-0.333202140964728
Q9U6B9	-0.333202140964728
A0A0K3AXH8	-0.333202140964728
A0A0K3AUL3	-0.333202140964728
A0A0K3AV83	-0.333202140964728
A0A0K3AS74	-0.333202140964728
A0A0K3ARR2	-0.333202140964728
A0A0K3AXJ0	-0.333202140964728
A0A0K3AUM3	-0.333202140964728
A0A0K3AV97	-0.333202140964728
A0A0K3AS85	-0.333202140964728
A0A0K3ARS4	-0.333202140964728
A0A0K3AXK2	-0.333202140964728
A0A0K3AS71	-0.333202140964728
A0A0K3ARQ7	-0.333202140964728
A0A0K3AUL7	-0.333202140964728
A0A0K3AV92	-0.333202140964728
A0A0K3AS80	-0.333202140964728
A0A0K3ARR7	-0.333202140964728
A0A0K3AXJ6	-0.333202140964728
A0A0K3AUN1	-0.333202140964728
A0A0K3AVA5	-0.333202140964728
A0A0K3AXI3	-0.333202140964728
A0A0K3AS90	-0.333202140964728
O61955	-0.491273337410454
Q8MNX5	-0.491273337410454
Q95X31	-0.491273337410454
Q17489	0.22447450054658
Q17342	0.22447450054658
Q5TYL5	0.22447450054658
G5ECZ1	0.22447450054658
Q8MQG0	0.22447450054658
Q17343	0.22447450054658
Q17490	0.22447450054658
Q7JP86	0.22447450054658
Q17341	0.22447450054658
V6CLS7	0.22447450054658
V6CLR6	0.22447450054658
Q5TYL6	0.22447450054658
A8WFH0	-1.37309163223385
A0A238UKI8	-1.37309163223385
A0A238UKM2	-1.37309163223385
Q9N391	-1.37309163223385
Q9TXZ9	-0.0723955884980371
Q10945	0.218709492212465
Q10946	0.218709492212465
Q4TTD1	0.218709492212465
Q7JPQ6	-0.394445386579529
K8ERY5	-0.606881336279489
Q10948	-0.606881336279489
Q3Y419	-0.606881336279489
Q10949	-0.305495382089476
Q6AHR5	-0.305495382089476
Q10950	1.32553523574261
Q10944	-0.843199975913206
P53993	0.0425407973733115
Q10952	-0.0202104674347464
P90731	0.157371238595798
P90735	-0.152881701002494
Q27461	-0.152881701002494
P90733	-0.0135476589122853
G3MU44	-0.0135476589122853
P90732	-0.375070049728605
Q52GY3	0.384411254810376
Q9XU45	-0.013683060615912
O62011	-0.768388797159994
Q9U3S5	-0.768388797159994
Q8T3G2	-0.822733081679582
A5Z2W8	-0.822733081679582
Q8T3G3	-0.822733081679582
J7SF91	-0.310740850377313
Q9NDU9	-0.310740850377313
O62012	0.166883193705136
Q86D19	1.86619158212132
P46769	-0.232133948415851
Q17491	-0.0128717634305533
Q17492	1.00026082536484
Q17494	1.08724871499822
Q17496	0.408447069254265
G5ED48	0.388429865070209
Q38G53	0.00616995555471885
A7LPF5	0.00616995555471885
Q17498	0.330946600627812
Q17499	-1.90387836664165
G5EER9	-0.0504463384396155
G5EEZ9	-0.0504463384396155
G5ED53	-0.0504463384396155
G5EDG3	-0.0504463384396155
G5EFI1	-0.0504463384396155
Q8I4D2	-0.0504463384396155
Q11076	-2.31896386747327
Q11077	-0.587932403030548
Q11067	0.91399387244602
Q6LCP9	-0.461061173511451
Q5WRT2	0.0456950458065729
H2KY90	0.268901139464964
Q95ZZ6	0.268901139464964
Q95ZZ5	0.744349696726766
H2KY91	-1.87048197510438
Q86GT3	-1.87048197510438
P92172	-0.0103364400029568
A0A131MD37	0.5003443363228
A0A131MBP2	0.5003443363228
A0A131MCW2	0.5003443363228
A0A131MCR0	0.5003443363228
A0A131MBH5	0.5003443363228
P90983	-1.21399433830463
G5EFQ5	0.560475549317591
O01833	0.424297374752487
O01835	0.904564650560103
O01836	-0.137096544366772
Q960A2	-0.523215722289919
O01837	-0.523215722289919
O01839	-0.104630295620718
G8XYY4	-0.104630295620718
Q11069	0.680696514824009
A0A1N7SYS6	0.680696514824009
A0A1N7SYT6	0.680696514824009
A0A1N7SZ06	0.680696514824009
Q11071	-1.0810846678052
Q11073	-0.0995027645833622
O76776	0.229500302855165
Q11068	0.229500302855165
Q11074	-1.87669391404887
Q2L6Y1	-1.87669391404887
P90991	1.07525091584766
P90990	-1.73226756291715
Q3HKB5	-0.650611622299189
A0A0K3ATU6	-0.650611622299189
P90994	-0.405356448771976
P90993	-0.885906654932605
P90992	-0.209791708278218
A0A0K3AQW3	0.427416167820987
A0A0K3AUF2	0.427416167820987
P90989	1.96817201280853
Q8WT45	-0.536166366128677
G5EDW7	0.170848960619053
O17172	-0.282879323837586
O17167	0.713175743245228
O17173	-0.832828360718605
G5EDW2	-0.396698543447733
G5EEH7	-0.396698543447733
Q7JM97	-0.396698543447733
G5EGF7	-1.28353913286472
Q7YX77	-0.0235045623745561
O45224	-0.0286038351239418
Q7YX99	0.809277359582385
C7FZU7	1.5073970271141
Q03577	0.630802694989353
C0P268	0.542882357661207
C0P269	0.542882357661207
C0P270	0.542882357661207
Q03560	0.542882357661207
Q03561	-0.499844976743378
Q03562	-0.111848650974811
Q03563	-0.28187436029148
M1ZJY1	-0.28187436029148
Q9XVX9	-0.28187436029148
Q9XVY0	-0.28187436029148
Q03564	-0.626076599618425
Q03565	-0.839452134862931
Q9BMU1	-0.839452134862931
Q9XVX8	-0.503906884697686
Q9BIB3	0.0507346552080277
Q17507	-0.231783440554629
Q8WQG9	-0.231783440554629
Q9UAH2	-0.231783440554629
Q17508	0.694687844336685
Q17515	0.205468261971559
A0A2K5ATQ0	-1.04681727253722
Q17511	-1.04681727253722
Q17512	-1.71867058465158
A5Z2S5	-0.450235040460802
Q17513	-0.450235040460802
Q17514	0.664484158658952
G5EEX0	0.327484066006306
Q7KGT9	0.327484066006306
G5EG93	0.327484066006306
G5EGQ0	0.327484066006306
B0M0L5	-0.0374836924665603
B0M0L6	-0.0374836924665603
B0M0L7	-0.0374836924665603
Q09219	-0.0374836924665603
A0A2K5ATR0	-0.746276743350775
Q09437	-0.746276743350775
Q09432	-0.281963658348869
Q8T5S1	-0.281963658348869
Q09214	0.0589144345688613
Q09215	0.592330852643849
Q09216	-0.555102880567546
Q09217	0.41761169011472
G8JXY3	0.41761169011472
Q09218	0.377218571794549
D1MN57	-0.16458468607342
H2KYA5	-0.708615725842155
H2KYA9	-0.708615725842155
H2KYA8	-0.708615725842155
W6RYB3	-0.708615725842155
H2KYA6	-0.708615725842155
D1MN54	-0.708615725842155
H2KYA7	-0.708615725842155
H2KYA4	-0.708615725842155
D1MN51	-0.708615725842155
Q17519	-2.48799637586528
Q17522	-0.332084300268101
Q17525	-1.7690566835785
Q22886	-0.757503749722384
Q95Q93	1.54949761391742
Q22885	-1.18572873565122
H2KYB0	-0.519158429999547
B1Q247	-0.519158429999547
E3W720	0.874096078602368
Q22881	-0.0390315931010574
Q22882	1.07391885968534
Q22883	-1.70388944222148
O61826	0.847271607279444
O61820	0.0875977180087048
O61823	0.439306226288932
O61825	0.157088688236856
G4RT15	0.157088688236856
Q95X35	-0.0643075208566071
G8JXZ3	-0.0643075208566071
A0A0K3AU60	-0.235937121376341
O61816	0.375752264473373
O61815	0.0944167924798092
O61817	0.258517089371855
O61818	0.819445787947272
G4RT11	-0.726614844489416
A9D8E6	-0.726614844489416
G4RT06	-0.726614844489416
H2KYB5	-0.726614844489416
O62020	0.141541923872426
D3YT69	0.141541923872426
A0A061AL58	0.141541923872426
Q9U3S3	0.459572003510763
D3YT70	0.459572003510763
O45226	0.136147780471654
O45227	0.435847314112529
D3YT72	0.435847314112529
A0A061AD41	-0.391038976645221
O45228	-0.391038976645221
Q95QZ1	-1.7403668635528
Q2EEN5	-1.7403668635528
P34266	0.205782225725795
P34267	0.205782225725795
P90737	0.205782225725795
P34268	0.102059731633398
P90739	0.102059731633398
Q17331	0.102059731633398
Q9N5Z6	0.76283520727658
P34722	-1.03180262558242
O44441	-0.285174938048495
U4PEY4	-0.253472567990937
O44438	-0.253472567990937
U4PBQ7	0.207254251471419
U4PMI3	0.207254251471419
U4PC30	0.207254251471419
U4PRU4	0.0616246258584221
O44440	0.0616246258584221
Q86S45	0.0616246258584221
P91001	0.468807125854284
P91003	0.259828543036558
P91002	1.13017041589008
A0A4V0ILP0	-0.508713247152026
Q17526	-0.508713247152026
Q11079	-1.18158617219802
Q11080	-1.18158617219802
Q11081	0.0621393952735868
A8WFI5	-0.461330120865606
Q11082	-0.461330120865606
Q8MQF9	-0.461330120865606
Q11083	-0.994630694494474
P52906	-0.773089730713959
Q23021	-0.773089730713959
Q7JLL9	-0.773089730713959
H9G2W8	-0.773089730713959
H9G2W7	-0.773089730713959
Q6BET5	0.0767810866782919
A0A061AJK0	0.0031134612505347
Q17527	0.0031134612505347
Q17528	0.0883214887774239
Q17531	0.321622466335894
A0A061AL82	-0.765316831298515
Q17532	-0.765316831298515
Q17531	0.321622466335894
Q965N4	-1.52046040501044
A0A0H3W5B8	-2.31554864123538
O17554	-2.31554864123538
G3MU45	-2.40687126102897
G3MU48	-2.40687126102897
G3MU47	-2.40687126102897
B3WFW7	-0.449298241830154
Q9XVT7	-0.449298241830154
O02207	-0.624214178008695
O02208	-0.68260204250205
O02209	0.349101004329877
G3MU46	-0.624609986043761
Q8T3G1	-0.624609986043761
Q17542	0.885795608991578
G4RTP0	-1.33979130990645
Q3Y3Z9	-1.33979130990645
Q17543	0.261394968311618
V6CJY6	0.802906697015381
Q17541	0.802906697015381
Q95QZ0	-1.6581795408372
Q9U3W3	-1.6581795408372
H2KYC8	-1.6581795408372
H2KYC7	-1.6581795408372
V6CLC8	0.396290437788443
V6CLB5	0.396290437788443
H2KYC9	0.396290437788443
Q8MQF7	0.396290437788443
Q17539	0.136568838941436
Q17540	0.618391985429402
O17208	-0.515325063767873
O17206	0.382278242223311
O17204	-2.70561409865687
O17205	-0.288309093517186
O17210	3.34572167424864
G5ECR6	-2.97325928097808
A0A0M7RFG7	-1.26706472560468
A0A0M7RDW4	-1.26706472560468
G5EDZ6	-1.26706472560468
A0A0M7RDX3	0.0650724782305489
G5EDB5	0.0650724782305489
H2KYB3	-0.584261241430253
I7K4K0	-0.584261241430253
Q8MNV9	-0.584261241430253
H2KYB2	-0.584261241430253
A0A3B1DQX2	-0.181156087228242
Q17549	-0.181156087228242
Q17551	-0.206767411300693
G5EEP1	-1.23712091331813
A5Z2X0	0.389909213736813
O45231	0.389909213736813
A0A4V0IK28	-0.281188166822296
Q11085	-0.281188166822296
Q9NGJ8	-0.281188166822296
Q11086	0.318638429261461
Q6AHQ9	0.318638429261461
Q11087	-1.70745452964768
Q9NGJ7	-0.294809905478959
Q11088	-0.856824615018656
A0A5E4LWP2	-0.387054559797517
A0A5E4LWD8	-0.387054559797517
A0A5E4LZ36	-0.387054559797517
A0A5E4LWR3	-0.387054559797517
Q11090	-0.387054559797517
Q8MQF5	-0.387054559797517
Q8MQF6	-0.387054559797517
G5EBZ8	0.00950617819173523
C6KRP0	0.00950617819173523
Q17558	-0.476474898299356
Q17557	0.46651505335897
Q17556	-0.0556033936886826
Q2L6W1	-0.0556033936886826
Q17553	0.772236751815644
Q17554	2.6273128708531
Q17555	0.0119678411850063
O01443	-0.741579798374426
O01444	-0.741579798374426
H2KYD2	-0.741579798374426
Q17559	-0.406707505953683
G3MTY9	-0.822473894693817
P34691	0.15268787280165
H2L280	0.15268787280165
Q17561	-0.808983037343074
G5EE55	-0.707769272287688
G5EFP7	-0.707769272287688
Q27GP2	-0.707769272287688
I2HAI6	-0.707769272287688
I2HAG6	-0.707769272287688
X5LQ26	-0.707769272287688
G5EC64	-0.707769272287688
G5EDM4	-0.707769272287688
X5LVA5	-0.707769272287688
X5MBG4	-0.707769272287688
G5EG22	0.356966328909007
G5EFZ5	0.356966328909007
X5M911	0.422828865392419
G5EDA6	0.422828865392419
Q93170	-0.0630012755327146
E0AHC6	-0.883510018391346
Q7JNU9	-0.883510018391346
E0AHC3	-0.883510018391346
E0AHC4	-0.883510018391346
E0AHC5	-0.883510018391346
Q7JL62	-0.883510018391346
O01392	-0.883510018391346
Q7JL61	-0.883510018391346
Q93171	0.227887868786011
Q7YX84	0.797095575941202
Q7YX83	-1.0174418218133
Q93164	-3.12972368312337
Q93165	-3.08162901720266
Q93166	-0.822993170283399
Q93167	0.555708502217705
Q93168	0.191227437262465
Q93169	-0.955072778067536
O45233	-0.906669281658945
O45238	-0.846389806957972
U4PB93	0.824882162036939
Q17568	0.0105659841639976
Q17569	-0.712236744207313
V6CIV2	2.5170114233223
V6CK03	0.733489134154297
P90740	0.733489134154297
Q9TXQ7	0.185427773847818
Q7JMQ6	-0.59260269403932
Q17571	-0.59260269403932
Q9U3S2	-0.59260269403932
Q17572	-0.386160681008233
Q17573	0.226761919714696
P46012	-0.328784406701426
Q17574	0.220967376779556
Q8I4N2	0.220967376779556
Q17577	-0.836718231728477
G5ECA5	0.321725487139521
G5EGK5	0.321725487139521
Q38G54	0.321725487139521
Q17575	0.113552031562891
H2KYD5	-3.89134899171418
P91011	-3.89134899171418
G5ECU8	0.768443542719036
P91013	-0.600910892707128
P91014	-0.587338531814987
G5EES2	0.0651111328530788
G5EGU8	0.0651111328530788
G5EBK3	0.0651111328530788
P91017	0.433241756559002
X5M5M2	-0.72159321794238
P91019	-0.72159321794238
J7SA49	-0.72159321794238
Q17583	-0.188550778202651
Q17580	-0.181644514393632
Q17585	0.0323532424122419
P41828	0.401079637166857
Q17380	0.401079637166857
Q17584	0.401079637166857
Q3S1J2	0.401079637166857
Q3S1J3	0.401079637166857
Q3S1J4	0.401079637166857
Q5FC60	0.401079637166857
Q9BJL3	0.401079637166857
Q17586	-3.49775876156837
Q17581	0.296523489937823
A5JYT2	0.296523489937823
A5JYT3	-0.118577588521318
A5JYT4	-0.118577588521318
G5EE25	1.30147552478135
O16198	-4.04098977582964
O16202	0.949430171316803
G5EEH6	-0.148723413124919
O44445	0.76806252434832
O44443	-0.719788778878179
O44444	-1.07330786651409
V6CLE9	0.148809342012069
O44447	0.148809342012069
Q17589	-0.750854748660072
A5JYR5	-0.179002044767096
H8W3X1	-0.291425700641334
Q11093	0.3988833471177
O76255	-1.14800809673469
Q11094	-1.14800809673469
Q11096	0.633188240438913
P34269	-1.22009697547174
P34270	-1.22009697547174
P34271	0.25358977167
Q6IZD3	0.25358977167
P34272	-2.0460711331009
L7TUZ3	0.0496778270108216
P34273	0.0496778270108216
Q9U9I9	-0.112119604284457
P39055	-0.112119604284457
Q93176	-0.112119604284457
Q95QY9	-0.112119604284457
Q93174	-0.515647967755139
Q564X8	-0.515647967755139
A6ZJ74	-1.10941901177351
A6ZJ75	-1.10941901177351
Q93177	-1.10941901177351
Q2XMZ4	-1.10941901177351
D3IUK5	-2.305856390708
O02213	-2.305856390708
Q6LA87	-2.305856390708
Q6LA88	-2.305856390708
Q6LA89	-2.305856390708
Q6LA90	-2.305856390708
G5EF04	-2.305856390708
H2FLI4	-2.305856390708
P34275	-0.376966978820711
P34276	0.122455219945317
Q2L6Y8	0.122455219945317
D7SFI3	-0.273802423270317
Q9UAN9	0.231298844842278
H2KYE0	0.231298844842278
O16433	1.15447028097488
H8W3X2	0.430594265688013
O16431	0.430594265688013
O16428	-0.416763449518492
A0A0K3AT70	1.32381466653013
A0A0K3AW84	1.32381466653013
A0A0K3AYG5	1.32381466653013
B3WFU6	1.32381466653013
Q11098	1.32381466653013
A0A0K3ASL7	0.585441045358186
A3FPJ2	0.585441045358186
Q11099	-0.853227786077984
Q11100	-0.468752944871192
Q11102	-1.09908050760674
Q11103	-0.402341806952685
G5EEN3	-0.0298279694308512
Q0G819	-0.826414118757313
Q86MD4	-0.826414118757313
Q95002	-0.826414118757313
Q93185	0.0301908792151333
P34278	-2.06083397243772
Q95QY8	-0.376597809479664
Q95QY7	0.1087439456279
P61228	0.381646611035272
Q4PJ10	-0.318343313740907
P34280	-0.783461328175701
P34281	0.737627549699771
P34283	-0.0442199620832838
Q8T3F9	-0.0442199620832838
P34284	-0.000750065843572066
Q8T3G0	-0.000750065843572066
P34285	-1.96055026663367
P34286	0.326780034228298
Q9BMU3	0.326780034228298
O17054	0.677058394185131
Q17595	0.279531166551101
O02626	-1.16997952578735
Q27467	-1.16997952578735
Q8MQF4	-1.16997952578735
Q17597	-0.476791151502837
Q5WRN4	-0.476791151502837
Q17598	0.504494294700094
Q17596	0.0707588661486893
O16506	1.51679090281013
O16511	-0.546825599753175
Q11117	0.182331631691889
Q95QY6	-1.98980529880755
Q95QY5	1.85655271117415
Q11109	2.46374830851678
Q11112	0.491950308424511
A0A4V0IJZ3	0.344366879170569
Q11113	0.344366879170569
Q8IG57	0.344366879170569
E9P846	-1.20620811303709
E9P847	-1.20620811303709
Q11114	-1.20620811303709
Q11107	0.338910273489836
Q9NBV2	0.338910273489836
P42168	0.0658291847338974
P42170	0.50844796828659
P42171	-1.39172595465473
G5EDX7	-0.491790035812877
Q17600	-0.219475389323207
O02558	0.173649280129948
Q17607	0.173649280129948
Q6A3Q2	0.173649280129948
Q17602	0.482888378728572
Q17603	-0.439869512185592
Q17604	2.2891779625582
Q17605	2.2891779625582
Q17606	-0.208894011247122
A0A061AL07	0.622148148693772
O17559	0.745894138081757
O17560	-1.42700020856724
Q9NGK7	-1.42700020856724
Q11122	-0.657996445306154
Q11123	0.34205054728295
Q11124	-1.22586901725204
Q11125	0.563372682878761
Q09508	0.38251629554135
Q17616	0.38251629554135
Q34089	0.38251629554135
O61466	-0.33813645846691
O01446	0.0365087903120553
O01452	-0.0604747397949215
O02628	-1.13005286520238
O01460	-1.1087859430167
G5EFH4	-0.498978083641754
O01457	-0.00901547441405202
O01456	-1.13537355965963
O01454	-1.47937841636054
O01448	-1.13600896832697
S6F542	-1.17286871969601
S6EZQ4	-1.17286871969601
S6FN15	-1.17286871969601
S6FCZ6	-1.17286871969601
S6FWQ0	-1.17286871969601
G5ECV3	-1.17286871969601
O16660	0.263483228925662
O16658	0.216185006626482
A0A0K3AWR8	0.444019439126063
O16657	0.444019439126063
O16656	-2.61200984517155
O16659	-0.152778874956332
A0A0K3ARF6	-1.58472790648075
O16655	-1.58472790648075
E4MVC7	0.00317006662745334
A0A3B1E041	-1.08164024880197
O17567	-1.08164024880197
A0A4V0IKG6	-0.0162648525819911
O17566	-0.0162648525819911
A0A3B1E9Z5	-0.48898934060183
G5EDW5	-0.48898934060183
Q7YX90	-0.496826622613235
Q09445	0.0275604127699806
Q7JPJ1	0.0275604127699806
G4RV56	0.142872574841388
Q09228	-0.41019820148468
A0A0K3ATV0	-0.41019820148468
A0A0K3AQW8	-0.41019820148468
A0A0K3AWS4	-0.41019820148468
A0A0K3ARG1	-0.41019820148468
A0A0K3ATV3	-0.41019820148468
A0A0K3AQX3	-0.41019820148468
A0A0K3AUG7	-0.41019820148468
A0A0K3ATV6	-0.41019820148468
A0A0K3AUG2	-0.41019820148468
A0A0K3ARG6	-0.41019820148468
A0A0K3AUH3	-0.41019820148468
A0A0K3AWT1	-0.41019820148468
A0A0K3AQX8	-0.41019820148468
A0A0K3AWS8	-0.41019820148468
J7RNK9	-0.41019820148468
Q09229	-0.41019820148468
Q86LT4	-0.41019820148468
Q8MQF3	-0.41019820148468
Q9XYD0	-0.41019820148468
Q09446	-0.331935648624532
Q95QY2	-0.331935648624532
Q95QY3	-0.331935648624532
Q95QY4	-0.331935648624532
Q8MQF1	-0.331935648624532
Q17625	-1.05708273856829
Q17624	-0.449843293658055
O44451	0.06613703929355
P34288	0.143547904544695
U4PBA1	0.143547904544695
U4PBN0	0.143547904544695
U4PM34	0.143547904544695
U4PRC7	0.143547904544695
B3VIA5	0.143547904544695
B5MBW1	0.143547904544695
P34414	0.143547904544695
P34588	0.143547904544695
P34589	0.143547904544695
Q8ST20	0.143547904544695
Q9TY64	0.143547904544695
O76679	-1.06941530266654
O76677	-1.46465863565579
O76678	-1.46465863565579
O01470	1.21797047067418
Q8IFY6	-0.106334078034727
O01464	-0.117885736506785
G4RVA5	0.572205337778186
O01463	0.572205337778186
Q11193	0.406164225901344
G5EC36	-0.942736669309084
Q9XVF1	0.52988697319328
Q9XVE5	-0.291606843596287
G5EFS1	-0.0583105784368606
Q9XVE9	-0.430388227340921
Q9XVE8	1.17009919472766
Q9XVE7	-1.46516056494353
Q9GZC8	-0.111859693056604
Q9GZD5	-1.27102053866401
Q9GZD0	0.8296682129214
Q9GZC9	-0.923296022059968
O17321	-0.907969425921913
Q11174	-0.907969425921913
Q11176	0.755505156257942
Q86GT5	0.755505156257942
Q11177	0.165933249981416
Q17629	-1.05388300101473
H2L2B1	-1.05388300101473
Q17632	-0.463904683888533
G5ED14	-0.164935410574694
Q6ABN8	-0.241332954702875
H2KYF8	-0.241332954702875
Q8IG56	-0.241332954702875
G5EDU3	-0.993761873683218
Q17636	0.0916124688543446
Q17638	-2.30171032853086
O45241	-1.2618679567495
U4PDV5	0.439037616183881
O45239	0.439037616183881
O45244	0.439037616183881
Q7YX92	-0.575721749810263
U4PAL5	-0.575721749810263
G5EC18	-0.970842574516656
Q17645	1.81268116059041
B6VQ78	1.81268116059041
Q17644	-0.415234744465144
O44128	-0.794449124260218
V6CIV8	-0.794449124260218
P34291	-1.60526460391346
P34292	0.71241900668871
P34293	-3.12374350630413
D1MN65	-0.56542171263668
P34295	-0.56542171263668
Q9NHP9	-0.56542171263668
Q86DA7	0.790718327316746
A0A5S9MPX1	-0.338775682398659
A0A5S9MNI8	-0.338775682398659
Q09449	-0.338775682398659
Q95ZZ3	-0.338775682398659
Q09450	0.18721512034239
Q09451	-0.901448261969605
Q09230	1.67137999724465
Q7JMK4	1.67137999724465
Q2XN09	1.67137999724465
I2HAD6	-0.618103184789232
G5EES6	-0.618103184789232
G5EFK5	-0.618103184789232
Q8I4N1	0.137240217719104
G5ECM4	-0.386925797649771
Q8IG05	-0.386925797649771
Q17649	-0.60346248631754
G5EEY1	0.394515749768093
A0A9J5I097	0.394515749768093
A6PVA5	0.0309470466143255
O16314	0.0309470466143255
O16311	0.359507846745882
O16309	1.00525533069394
O16310	-0.0147248691623358
O16312	0.515971661549231
O16313	0.98499937643269
O16315	-1.72994020916149
H2KYG1	0.205662359403412
Q95X94	0.205662359403412
H2KYG7	-1.7682869240391
Q11178	-1.7682869240391
Q5TYM0	-1.7682869240391
G8JY04	-0.134981255250062
Q11179	-0.134981255250062
Q8T3F7	-0.134981255250062
A0A2K5ATT2	1.19746912886652
A0A2K5ATU8	1.19746912886652
Q11180	1.19746912886652
Q11181	-0.176217377446913
Q8T3F3	-0.176217377446913
Q8T3F4	-0.176217377446913
Q8T3F5	-0.176217377446913
P48053	-0.0900808030082049
Q11189	-0.219442997103593
P50432	-0.343117370998246
Q95QX8	-0.343117370998246
Q11190	-0.81217886801428
A0A2K5ATU4	0.28682714549663
Q11191	0.28682714549663
Q11182	-0.0412606663237115
Q11183	0.166617872064003
O76831	-0.506576404001717
Q11184	-0.506576404001717
Q11185	1.78335205055761
Q8T3F2	-0.497948860864896
Q11186	-0.497948860864896
Q11187	-0.881219989860476
Q11188	-1.31482559067631
Q17661	-0.000961333251482858
Q17657	-0.184567061658404
Q6A4V9	-0.371751312168811
Q2PJ78	-0.371751312168811
Q17658	-0.0322645371612213
Q17659	-1.32315222328517
Q5FC75	-0.0504795819820444
G8JY02	-0.788166027432461
A0A131MB12	-0.788166027432461
A0A131MBJ8	-0.788166027432461
Q8ITX8	-0.788166027432461
O45139	-0.788166027432461
P50488	-0.788166027432461
Q95X41	0.200262520198439
Q95X42	0.200262520198439
H2KYG4	-1.61888951014376
Q66NI4	-1.61888951014376
O45137	-1.61888951014376
Q66NI3	-1.61888951014376
O45134	0.997400993260359
O45133	0.279451627892822
H2KYG5	0.279451627892822
O45136	0.111136414461472
Q9GYJ9	0.0866624524424374
Q9GYK0	0.11049756863481
A0A4V0IN84	-0.801640013849576
Q9GYK2	-0.801640013849576
Q22888	-1.17769512907691
Q9GYK1	-0.51676660673042
Q95ZM9	-0.182114083996455
H2KYG6	-0.182114083996455
A0A2K5AU06	-1.44105694534567
Q17667	-1.44105694534567
L8E7Y1	-1.25948751295583
G5EGG4	-1.25948751295583
Q17663	1.76247918331196
Q17662	-1.30591972960771
G5EBV5	-0.166800382917551
O17365	-0.138812074063173
Q6QUR0	-0.138812074063173
A0A0K3AVC3	1.19893556683436
A0A0K3AXL9	1.19893556683436
Q10663	0.767952035811474
O17353	0.767952035811474
Q8IA71	0.767952035811474
Q9U3R5	-0.446191389845579
Q17670	0.305811302983911
Q17671	-1.46365569423149
Q17675	-1.26753670853538
A0A2K5ATY5	1.2028540644525
Q17676	1.2028540644525
Q17677	0.076418693900332
P53596	-0.689685668000031
H9G2V6	1.84241242219564
H9G2V7	1.84241242219564
I6U4Y5	1.84241242219564
Q17678	1.84241242219564
Q3Y416	-0.536891030532668
G4RS26	-0.536891030532668
G5EDZ4	-0.536891030532668
P54811	0.0615688101692971
H2FLG6	0.600240909287652
H2FLG7	0.600240909287652
Q17684	-0.16766379407044
Q9XU41	-1.13853262428527
D3YT87	-1.13853262428527
D3YT88	-1.13853262428527
C1P657	-1.68612729213566
Q9XU42	-1.68612729213566
O01483	0.0930812946123049
Q95Q89	0.964350033818256
Q4TT80	1.22705575103188
Q5TYK5	0.470561398130749
H2KY56	0.470561398130749
O01477	0.600690256819866
O01479	-0.480409174523895
Q95Q88	-0.480409174523895
Q86ND0	1.39900904105028
O01481	1.39900904105028
O01482	-0.600003470328962
W6RXT0	-1.44222039820009
W6RTM8	-1.44222039820009
W6RQS3	-1.44222039820009
W6RRQ8	-1.44222039820009
H2KYH8	-1.44222039820009
Q8MQE8	-1.44222039820009
Q17687	-0.0032999924881504
Q17686	0.650388821803144
Q5WRS4	0.650388821803144
Q17688	-0.400657374208721
Q7JP64	0.366624552189479
G8JXY2	0.79002183483279
Q17693	0.79002183483279
Q17694	1.38626308363833
Q17698	-0.469957689529802
G5EGN7	-0.284233160568415
Q17695	0.211604768242105
Q17692	0.897275959672623
Q17690	1.74043320759825
Q17691	-1.48363612455564
Q8IG54	-1.48363612455564
A0A3B1E4S1	-1.48363612455564
A0A3B1DQR1	-1.48363612455564
A0A3B1E606	-1.48363612455564
A0A3B1DVH8	-1.48363612455564
A0A3B1E3L0	-1.48363612455564
A0A3B1DZV2	-1.48363612455564
Q17697	-0.281806770937768
H2KY73	-0.281806770937768
Q17701	-0.933997151182453
G5ECD0	-1.65352997451995
Q17703	-0.0673817883411722
Q17705	-0.285884940216755
Q17706	1.61304764757017
Q17707	-2.2264698818765
Q6DNF7	-2.2264698818765
Q9BI80	-2.2264698818765
O17573	-0.439118253518251
G5ECJ3	-0.585420211155273
G5ED61	-0.585420211155273
G5EDY9	-0.585420211155273
G5EFN3	-0.585420211155273
O17571	0.734454279030162
O17575	0.211565701171035
O17570	-0.441373471080977
G5ECD7	-0.889596473900104
G5EGT0	-0.889596473900104
G5EG29	-0.889596473900104
G5EEB3	-0.889596473900104
A5JYR0	0.642148099912815
A0A8S4QGG3	0.642148099912815
B7WN68	-1.55450061812008
Q17717	-0.744360923477647
Q17713	-0.773617518250659
O62034	-0.671914571637759
Q9GTE4	-0.671914571637759
O62031	-0.434883626053188
P34296	1.51712642290758
P34305	0.159719438621541
P34298	-0.406827879062752
P34299	0.437225058205775
Q17363	0.437225058205775
P34303	-0.421279854600582
P34304	-0.388757314678495
Q17721	0.633355725169728
P52484	-1.38113415340383
Q17719	-0.55265728052002
Q17720	0.266606414863835
V6CLG3	-0.398146824108664
Q17728	-0.398146824108664
Q17726	1.17724846921389
Q17727	-2.11417284598396
G4RWI7	-0.259961999000018
Q17730	-0.259961999000018
P50305	0.668254129405491
V6CL99	-0.553175001169396
Q17731	-0.553175001169396
P50306	-0.325631165175425
V6CL83	-0.787557370257451
Q17732	-0.787557370257451
C4RVF5	2.13948859999145
K8ESD7	-0.359880091590513
H2KYI1	-0.359880091590513
Q8T3F1	-0.359880091590513
H2KYI2	-0.359880091590513
Q17738	-0.504791580295895
A8WFJ7	0.031625144397469
H2KYI4	0.031625144397469
Q17742	0.474727961464783
Q17740	-0.518694873269231
Q17755	-0.413096731421117
Q86PJ4	-0.413096731421117
Q3LQX0	-0.413096731421117
Q17752	-0.423641332785697
Q21444	-0.423641332785697
Q17754	-0.173662638751044
Q86B35	-0.173662638751044
G5EBX0	0.648424079732124
Q9G6S4	0.648424079732124
Q17751	1.89773144122666
Q86NI2	-0.726790651383984
H2KYI5	-0.726790651383984
Q17746	-0.987690601113004
V6CLN2	0.0544152897029328
Q17745	0.0544152897029328
Q9N2K1	0.0544152897029328
Q9NJH3	0.0544152897029328
V6CLM8	0.212441977860701
Q17749	0.212441977860701
Q17750	0.284905848768654
P34307	-0.420019235885694
P34308	-0.445413236423242
P34309	-0.445413236423242
Q5DX51	-0.445413236423242
Q5DX52	-0.445413236423242
P34311	-1.69902734170038
Q17757	-0.513311056413249
O76185	-0.232128938544429
Q17758	-0.232128938544429
Q6BEU0	-0.44888349467168
A7LPH3	-0.44888349467168
Q17763	0.190391427610117
Q17764	-1.05781646025516
A0A2I2LDX7	0.498765394408259
Q17765	0.498765394408259
A3FMP6	0.405809433906489
Q17766	0.405809433906489
B6EU61	-1.70977034253415
B6EU62	-1.70977034253415
N1NTE7	-0.403964244268393
Q8WQG5	-0.403964244268393
I2HAA3	-0.147547105993788
I2HAA4	-0.147547105993788
O17577	0.218580863022473
O17578	-2.22525998925752
I2HAK9	0.376795621230089
G5EDA7	0.376795621230089
G5EDI0	-1.26865271528312
G5EEQ2	0.877116481967077
G5EEM8	0.877116481967077
A3RMS1	-0.216280322894795
A3RMS3	-0.216280322894795
H2KYH4	-0.216280322894795
Q17772	-0.809937548793346
Q17771	-0.634539087000544
Q3Y408	-0.634539087000544
Q5VKT6	-0.634539087000544
Q9GTH7	-0.634539087000544
Q17770	0.044614937130805
Q17768	-0.242948945551796
Q7JP33	-0.242948945551796
H2KYH5	0.213756148684867
Q95QX5	0.213756148684867
Q93194	-1.28033081847035
Q93192	0.729668860342101
P34322	0.532635964586837
Q5CZ51	-1.04121882268658
P34313	-0.22619921991203
G3MTX3	-0.51524970297712
Q2XN10	-0.51524970297712
P34314	-0.51524970297712
P34323	-0.51524970297712
Q6SSJ1	-0.51524970297712
Q8I4N0	-0.51524970297712
P34315	-1.2593697734729
P34317	0.278041055902105
P34318	-0.284108076413519
Q8I4M9	-0.284108076413519
P34319	-0.80255224023062
P34320	0.0991333171149765
Q17776	-0.423030754984001
Q17777	-0.405244824318696
Q5WRQ4	-0.405244824318696
A0A8D9IA70	-0.405244824318696
A0A8D9I6W5	-0.405244824318696
Q17778	-1.02224767414093
Q17779	-1.1640643807666
Q17783	0.674255387311603
H2KYJ3	-1.0880963273197
Q17782	-1.0880963273197
Q17781	0.0516901699331008
P55113	-1.08232921295957
Q7Z0N5	-1.08232921295957
Q17780	0.579356286548903
P91020	-1.10383432473674
Q9U3R2	-0.279320528368996
A1XDB6	-0.279320528368996
Q17784	-0.279320528368996
O17579	-0.985106614692434
A7UGI7	0.13079282577647
O17580	0.13079282577647
O17971	0.13079282577647
O18163	0.13079282577647
Q17785	0.13079282577647
K8FDZ1	-0.534178920730485
Q17786	-0.534178920730485
Q17788	-0.7111141494826
Q17792	0.440580337451232
Q17790	1.04453530847878
Q9BIW9	0.412568529534396
Q9N5Z3	0.412568529534396
Q9N5Z4	-1.89899735701116
H1AGA0	0.013333844678946
Q17800	0.013333844678946
G5EDS3	0.838364041703444
Q8I7M8	0.838364041703444
Q8MQE6	0.0486553765520359
Q17795	0.0486553765520359
Q17796	-0.611947558886729
Q3Y400	0.946659081925717
Q17802	0.150692575156349
Q1A3T6	0.150692575156349
B3GWA6	-0.721756015440652
Q17801	-0.721756015440652
Q86MD3	-0.721756015440652
Q9U3R1	-0.721756015440652
P47209	-0.288053130039486
A0A131MD85	0.290555868112753
A0A131MCH2	0.290555868112753
O16327	0.576608021003214
O16321	-0.262339388380167
G4RU38	-0.262339388380167
A0A131MBT3	-0.157021835177746
O16322	-0.157021835177746
A0A078BS54	-0.95923855765578
Q17803	-0.95923855765578
G5EGT4	-0.931961355571048
Q9U6W4	-0.931961355571048
Q95YE6	0.631498543247564
Q95YE7	-0.453621239691579
Q95YF0	-0.806215525644254
Q95YF1	-0.0638822758220949
Q95YF3	0.921615879296152
Q95NL2	1.02258654196722
Q95YE9	1.02258654196722
P34684	-1.20270021536909
Q95VX5	0.071847415823304
Q95YE8	0.071847415823304
P41977	-2.57649091164099
Q27469	-2.57649091164099
Q17809	-0.401256980012003
Q17810	-0.97970123097938
P21541	-0.290936560799066
Q09440	-0.612210204925399
A0A2K5ATP7	0.484756452487758
Q09441	0.484756452487758
Q09225	-0.0291905705641869
Q9U4I8	-0.0291905705641869
Q09442	0.866928374023594
Q17352	0.866928374023594
Q8T8N6	0.866928374023594
Q09443	0.825804398618088
Q17351	0.825804398618088
Q09444	-0.145332867068262
Q09226	2.21412396229476
Q09227	-0.360287266074999
A5JYT6	0.269916969972035
Q17813	0.269916969972035
Q17821	-0.0135761677085675
Q8MQE5	0.18104864838437
N1NSH4	-0.400589370955532
Q17815	-0.400589370955532
Q65ZB0	-2.90652016878623
Q17816	-2.90652016878623
D9N129	0.623679733089146
A0A1N7SYT4	0.623679733089146
Q17818	0.623679733089146
Q17819	-0.173035235133302
G3MU09	-0.173035235133302
Q17820	-0.3033421916166
P17486	0.284886943004766
Q21061	0.284886943004766
Q7YZV2	0.284886943004766
A0A2K5ATM3	0.33947348020442
P34324	0.33947348020442
P10038	0.15943938844367
Q9GZ02	0.15943938844367
A8WFF0	-0.854271129440795
A8WFF1	-0.854271129440795
P34325	-0.854271129440795
H2KYK4	-1.37398179379232
Q8I7M7	-1.37398179379232
U4PLX7	0.403416073922614
G5EDK7	-1.63373290250686
G4RXG5	1.05814784984019
O17201	1.05814784984019
G5EDK7	-3.08555996947993
O17196	2.29672545433781
O17198	0.358105120538766
O17200	0.0303941858524707
O62039	-0.279220717765011
B2D6P7	0.684634853536564
O62042	1.88634557795163
G5EFJ3	0.0474492491450696
Q8MXJ2	-0.454041632867337
Q4W511	-1.64680627451368
O17178	-0.151898867558357
Q8MXJ3	-0.990380599312013
H2KYK5	-0.990380599312013
H2KYK6	-0.574477296304715
O17177	0.729135831439742
O17181	0.403753065313327
Q9U3Q9	2.10999430891171
O62054	-0.26460596124345
G1K0Z7	-0.26460596124345
G1K0Z6	-0.26460596124345
O62049	-1.14051406012526
K8FDX4	-0.185711501744387
Q9U3Q8	-0.185711501744387
Q9U3Q6	-0.725758359729945
E9P871	-0.053961825440017
Q17827	-0.053961825440017
G3MU12	0.66779092481405
E9P872	0.357764009180351
Q17828	0.357764009180351
Q2XN00	0.357764009180351
S6FN37	0.327093967277482
Q17829	0.327093967277482
O01312	-2.0216006541982
Q86PK2	-0.267521328541155
Q9XVV3	-0.267521328541155
Q7YX96	0.545278790324441
G4RXP2	0.179816547568532
Q9TZL3	0.179816547568532
A0A0S4XQZ9	0.179816547568532
Q9TZL1	0.024741905841532
Q4W4Y6	-0.373121535268779
B0JCV7	-0.373121535268779
Q9TZL2	-0.373121535268779
Q8MXJ0	-0.00914369487464592
P52714	-1.07346397139003
Q17835	-3.17429560514311
Q7YX93	-1.16965181614124
B5BM26	0.357789255421602
Q17832	-0.186269138791162
P52887	0.228446116729996
Q5WRQ2	0.228446116729996
Q14V32	-0.384026705051447
Q17838	-0.384026705051447
Q17833	-0.0015428759203763
Q17837	0.501242466868716
Q86GT6	-1.54334884803243
Q22895	-1.54334884803243
Q8T3C1	-1.54334884803243
A0A2K5ATZ1	-1.46507040202569
A0A2K5ATY7	-1.46507040202569
A0A2K5ATY9	-1.46507040202569
Q22894	-1.46507040202569
A0A2K5AU07	-0.284656071260591
Q17848	-0.284656071260591
Q8WRS7	-0.284656071260591
Q17846	1.53332577066783
Q17847	-1.60463599079487
Q17849	-0.511676036274414
Q86GU1	-0.511676036274414
Q5H9M9	-0.511676036274414
Q17850	-0.117494206694625
Q22041	-0.117494206694625
Q86GT8	-0.117494206694625
Q86GT9	-0.117494206694625
Q86GU0	-0.117494206694625
Q94133	-0.117494206694625
Q8WQG3	-0.999354646992048
Q17854	-0.942745178848407
Q4PIU7	-1.02747351630226
V6CLR3	-1.02747351630226
G5ECB1	-2.2845972739808
O01761	-0.331730878843792
Q17362	-0.331730878843792
Q5W614	-0.331730878843792
Q5W615	-0.331730878843792
Q5W616	-0.331730878843792
Q5W617	-0.331730878843792
Q646H5	-0.331730878843792
Q64EQ8	-0.331730878843792
Q7Z119	-0.331730878843792
Q7Z120	-0.331730878843792
A0A2C9C2V3	-0.331730878843792
A0A2C9C2V5	-0.331730878843792
A0A2C9C332	-0.331730878843792
A0A2C9C2S8	-0.331730878843792
A0A2C9C330	-0.331730878843792
A0A2C9C2W9	-0.331730878843792
A0A2C9C3B7	-0.331730878843792
A0A2C9C365	-0.331730878843792
A0A2C9C2G8	-0.331730878843792
G4RY15	-1.67291622846811
O01735	-0.306072007216771
Q5W618	-0.306072007216771
O01734	-0.837726177951433
H2KYM6	-0.538458291975577
H2KYM5	-0.538458291975577
O01731	-0.538458291975577
O02639	0.262409570818466
Q09434	-0.416417549536774
Q17859	-0.416417549536774
Q20137	-0.416417549536774
Q9BMN7	-0.416417549536774
Q9BMN8	-0.416417549536774
Q8I120	-0.416417549536774
G5EE54	-0.416417549536774
L8E6W1	-0.416417549536774
L8E6H9	-0.416417549536774
L8E7X5	-0.416417549536774
L8E6Z3	-0.416417549536774
L8E6L2	-0.416417549536774
G5EDC5	-0.416417549536774
V6CIQ1	-0.416417549536774
V6CJV7	-0.416417549536774
A0A5S9MM89	-0.416417549536774
A0A5S9MN58	-0.416417549536774
Q7JNZ1	-1.12181449156087
Q58AU6	-1.12181449156087
Q58AU5	-1.12181449156087
Q58AU4	-1.12181449156087
Q17860	-1.12181449156087
Q4W5T7	-1.5911962108814
Q9N5Z2	-0.064572176479585
Q9N5Z0	0.291685557676638
A0A2K5ATT5	0.322151078030482
A0A2K5ATV5	0.322151078030482
Q9N5Y7	0.322151078030482
H2KYM7	1.02038213116862
Q8IAB8	1.02038213116862
H2KYM8	-0.167028757377304
O76555	0.819265369202441
U4PBM6	-1.31874524284436
U4PRQ9	-1.31874524284436
U4PEV1	-1.31874524284436
A4F300	-1.31874524284436
Q93196	-1.31874524284436
Q93198	0.166828936175058
Q93199	-0.90805160491591
G5EE93	-0.955146266874161
A0A2K5ATT6	-0.706502333425807
Q09231	-0.706502333425807
Q09232	-0.046257661152614
B6VQ32	-0.046257661152614
G4RYC1	-0.046257661152614
O62055	0.827084233842093
B6VQ90	-0.696752816139485
H2L2H2	-0.696752816139485
U4PRW7	-0.696752816139485
B0M0P0	-0.696752816139485
H2L2H3	-0.696752816139485
B0M0N9	-0.696752816139485
Q17865	-0.130720168347093
A0A2K5AU03	1.7491395292158
Q7YTR3	1.7491395292158
Q03206	0.360171857399636
O44463	0.360171857399636
O44464	0.360171857399636
O76258	-0.500696976003463
X5LPS5	-0.0449191203518187
X5LX61	-0.0449191203518187
G5ED45	-0.0449191203518187
H2KYN2	-0.266219922298249
H2KYN1	-0.266219922298249
Q8MQE2	-0.266219922298249
Q17868	-0.190728263884966
G5ED81	0.306124335037736
O16187	-0.543928168633152
Q9GYS1	-0.543928168633152
Q09453	-2.26165857992026
G3MTX7	0.546196242994974
F5GU80	-0.0889872946288843
Q09454	-0.0889872946288843
Q09455	-2.95335981732968
B6VQ42	-0.794242235808616
B6VQ43	-0.794242235808616
Q09459	-0.794242235808616
Q09513	-0.794242235808616
L8E712	0.535140056860591
L8E6N6	0.535140056860591
Q17871	0.535140056860591
B3GWB1	0.726526996281278
Q17872	0.726526996281278
Q17875	-0.390166205182389
D3YT10	-0.390166205182389
N1NV27	-0.390166205182389
G5EC86	0.393068931623613
A0A2K5ATP9	0.734267930888836
Q9U3Q2	0.734267930888836
P48166	0.0321394622821081
Q17880	0.288628892366615
E3W728	0.225655940042105
E3W729	0.225655940042105
Q17882	0.225655940042105
Q17886	0.254711087324647
Q17884	-0.124034511545175
O16331	0.504783737009506
O17582	-0.208662770695066
O17583	-0.551629104147702
B3WFX4	-0.551629104147702
Q9XZQ5	-0.551629104147702
O17581	-0.513098069512256
A8WFH1	-0.118909167615846
Q17891	0.151885571464554
Q17889	0.710634673880818
Q17895	-0.498667476024819
O16318	0.344673923497745
O16319	-0.0584420928985379
O01260	-0.797755771477911
B9WRT3	-0.797755771477911
D0VWN8	-0.797755771477911
H9G2S2	-0.797755771477911
Q17897	-0.797755771477911
C6KRJ3	-0.797755771477911
H9G2S3	-0.797755771477911
A0A067XG44	-0.797755771477911
A0A061AE33	-0.797755771477911
A0A061ACU2	-0.797755771477911
A0A061AJB7	-0.797755771477911
A0A061AL01	-0.797755771477911
Q17896	0.448596157571574
Q17898	1.64355538794508
Q17899	0.88538227075489
S6F588	-0.172956094819973
S6FD39	-0.172956094819973
Q68TI8	-0.172956094819973
G5EF88	-0.172956094819973
G5EEV7	-0.172956094819973
Q7YX82	-0.732434213065337
H9G328	0.21076332056845
G5EBW1	0.21076332056845
H9G329	0.21076332056845
H9G330	0.21076332056845
H9G331	0.21076332056845
D3KFW7	0.21076332056845
A0A061AKZ2	0.21076332056845
G5EFA4	0.21076332056845
G5EG63	0.21076332056845
P90745	-0.384882788195247
P90746	0.652826221220711
O02620	-0.210117845803727
P90747	-0.210117845803727
A0T4F7	0.412235641031102
I7LHW0	0.412235641031102
O17324	0.217823677104432
H1ZUW2	-1.20691118882044
O17323	-1.20691118882044
Q400M0	-1.20691118882044
O17326	-0.633982947864461
O17325	-0.633982947864461
O17328	0.512253222266924
O16883	0.699863356940268
O16881	0.695222016339223
O16880	-0.745781510546736
O16879	0.0975378247562745
Q5ZR76	0.0975378247562745
G8JY24	-0.791441962312164
Q27873	-0.791441962312164
G5EFE7	-0.718277896322395
Q8IA79	-1.34823812423692
Q86NC9	0.266835055170736
H2KYP7	0.266835055170736
H2KYP8	0.266835055170736
H2KYP9	0.0457997611511457
E5QCF3	0.0457997611511457
P91027	-0.804624089441486
Q17902	-0.651328178407121
Q65ZH5	-0.651328178407121
Q8I7I7	-0.5495740325303
H2KYP4	-0.5495740325303
O45630	-0.5495740325303
H2KYP2	-0.5495740325303
H2KYP3	-0.5495740325303
Q94165	-0.744909147053448
Q94166	0.258229677597894
Q8I7I6	0.0713978995761888
H2KYP5	0.0713978995761888
P91041	-0.724991669384985
P91039	-2.77030517463411
P91038	-0.240227786309648
B1Q250	0.84418379764796
H2KYQ0	0.84418379764796
E5QCF5	-1.2348007075317
P91040	-1.2348007075317
P92199	-0.276668414909333
O45072	1.08529390464846
O45068	-0.892760286924629
O45069	0.298827854522245
Q6Q762	0.132960932441439
V6CJF5	0.132960932441439
V6CKL6	0.132960932441439
V6CLY7	0.132960932441439
Q06AY5	0.132960932441439
V6CLY1	0.132960932441439
V6CLT6	0.132960932441439
V6CJF9	0.132960932441439
V6CKM5	0.132960932441439
V6CLZ1	0.132960932441439
V6CLY6	0.132960932441439
V6CLU1	0.132960932441439
U4PCH9	0.132960932441439
U4PMX5	0.132960932441439
Q688B4	0.132960932441439
Q688B3	0.132960932441439
Q688B2	0.132960932441439
Q8MXH5	0.132960932441439
Q8MXH7	0.26154076516764
O01847	-0.229700076327365
Q93204	0.295808493561059
Q95003	0.984123325668671
A0A3B1DVT2	-0.901575565550429
Q93205	-0.901575565550429
Q93203	-0.757002509795411
A0A4V0IL44	-0.383972728628475
Q7YX70	-0.383972728628475
A0A4V0IJX9	-0.383972728628475
A0A4V0IIN0	-0.383972728628475
A0A4V0IN19	-0.383972728628475
Q17903	-3.11214138399272
E9P861	0.0549713423784177
E9P862	0.0549713423784177
E9P863	0.0549713423784177
A0A1I6CMF0	0.0549713423784177
Q17905	-0.0322018904734181
Q17906	-0.0322018904734181
Q5FC68	-0.0322018904734181
Q5VKU0	-0.0322018904734181
Q9GTI2	-0.0322018904734181
Q9GTI3	-0.0322018904734181
Q17912	-1.57724198127593
Q17911	0.198194173930207
A6ZJ67	-0.627722357124175
G5ED99	-0.627722357124175
A0A078BQJ2	-1.17756985143916
G5EDB0	-1.17756985143916
Q5WRP2	-0.193775539539991
O45246	-0.795379335474357
A5JYW2	-0.984065681352893
O02215	-0.984065681352893
Q9U489	-0.162249015917447
Q9U490	-0.162249015917447
H2KYQ3	-0.764830180174829
H2KYQ2	-0.764830180174829
Q17921	-0.764830180174829
P90798	-0.748706107959288
Q10901	-0.748706107959288
Q17920	-0.748706107959288
Q17919	-0.0848326258378024
A0A1N7SZG1	0.947293706062017
Q17922	0.947293706062017
Q17929	-0.469173919098838
Q17927	0.465998865159058
Q27470	-0.0467280819066088
Q8I7M3	-0.22686498727631
G5ECI7	-0.22686498727631
Q9GTC5	-0.22686498727631
Q17930	-1.22552246342514
Q2XMZ9	-1.10093071978721
Q17935	-1.10093071978721
Q17936	-1.10093071978721
Q17941	-0.0763356094096667
Q17942	-0.0763356094096667
Q8MQE0	-0.0763356094096667
Q17933	0.323349100232496
Q27274	0.323349100232496
Q17943	-1.56643093270085
Q7YTS3	-0.134241942406176
Q7YTS2	-2.70595903643609
Q7YTS1	2.79651354727687
Q7YTS0	1.64343251597026
D7SFN3	1.1657502807546
D7SFN1	1.1657502807546
Q17938	-1.93285312629478
Q17934	-1.6826217703626
P91044	-0.835842771767278
A0A078BTM6	-0.835842771767278
P91043	-1.12061563546955
U4PRV8	-0.444742457627408
A0A486WXC8	-0.444742457627408
A0A486WTC7	-0.444742457627408
A5Z2V3	-0.444742457627408
O45247	-0.444742457627408
O45248	-0.919532227406011
Q17361	-0.919532227406011
Q5CCJ0	-0.316209219427667
Q95X12	-0.316209219427667
Q09235	1.33074442200656
Q09236	-1.26745823883405
B2BBX5	-0.0830966320334221
G5EDW6	-0.0830966320334221
G5EFM1	-0.0830966320334221
Q09460	-0.0830966320334221
S6FD44	-0.0830966320334221
S6F595	-0.0830966320334221
H9G2Z0	-0.713951309327268
P04630	-0.713951309327268
Q17944	2.12012816427211
O01929	-1.06570100637431
O01931	-0.385159967581947
O02284	-0.385159967581947
A0A3B1DZZ4	0.322693859495754
O01930	0.322693859495754
O01926	1.11877066406801
O01927	-0.64800084727808
O01928	1.16203266596308
Q7YTR4	-0.0355178380895106
O16246	-0.662829017357015
O16241	0.277097526877325
O16243	0.468019730481921
A0A2K5ATJ5	-2.43572629115018
G4RWG2	-2.43572629115018
Q8WQC2	-2.43572629115018
H2KYG3	0.667080289937611
Q95Q87	0.667080289937611
O01488	1.19178454902706
O01485	0.323121295806646
O01486	-0.802251031183724
O01487	-0.908637945502938
O01489	-1.28254553759321
Q17947	-1.15854707711178
G5EER8	-0.40170975015342
A9UJN4	-0.620181513365944
H9G2X3	-0.620181513365944
Q17948	-0.620181513365944
Q9U3Q1	-0.620181513365944
P34326	0.278812717928564
P90748	0.278812717928564
Q6DTF7	0.278812717928564
P34327	0.0574134850768236
G4RWX0	0.332298002511411
O02135	0.253402573080431
H2KYI8	-0.197697086559638
H2KYI7	-0.197697086559638
O02134	-0.197697086559638
O02136	-0.0305307323343493
A0A2K5AU00	0.579488365169012
A0A2K5ATZ7	0.579488365169012
O02139	-0.917704660499299
A8WFN7	0.00619666472014518
Q17949	0.0442312071402837
Q17957	-0.114770292284828
Q17958	-0.959305143826417
Q17959	-0.521600869164291
Q7JMG4	-0.521600869164291
Q9U3Q0	0.83304094147561
G5EFC8	-0.0487109824163137
P54002	0.90739964578435
G5EBX6	-0.0707564560950221
Q8I129	-0.0707564560950221
G5EG59	0.707478504126954
Q17953	-0.164037590991109
Q17954	0.287773267440778
Q7JMG5	0.287773267440778
Q17956	-0.222730736676519
Q9XVE1	-1.8543993644543
Q17967	0.495658406192617
Q9U3P9	0.378620868727149
C0P279	0.940053132353728
Q17961	0.314487526672195
Q17962	-0.331550023756438
Q17963	0.228011484401899
P49958	0.295376346205965
A0A2K5ATT7	0.373505005196969
Q17968	0.373505005196969
Q17964	1.15519881124684
Q17966	0.213302518886536
G5ED06	0.705553326080446
P34328	0.178565455632707
Q8MNV8	-0.905462350168634
P34329	0.0587359825132024
P34330	0.316196906101499
O61662	0.277081195492335
O76763	0.277081195492335
P34331	0.277081195492335
B5MBV9	-0.252715988107697
P34332	-0.252715988107697
P34333	-0.252715988107697
Q8MYR1	-0.252715988107697
P34334	-0.14294649400921
A0A2K5ATT8	-0.390664412927295
P34335	-0.390664412927295
Q17972	0.700638079968519
Q2PJ75	0.700638079968519
Q17973	-0.445609796450909
Q52GY7	-0.445609796450909
E3W740	-0.445609796450909
Q17974	0.245931895816279
N1NTN5	0.155856347185432
Q17971	0.155856347185432
G5EEQ9	1.0549743459669
Q95QW9	0.548311175475436
Q17979	1.1477119335104
G5EFL1	-0.138384172330383
Q17976	-0.313466436900007
Q17978	0.906191868864054
Q17981	1.82631412749007
H2KYR7	0.501375167559602
Q17982	0.501375167559602
A0A0K3AVD0	1.41719907205149
O44675	1.41719907205149
A0A0K3AXM4	1.3938984646925
O44667	1.3938984646925
Q4PIV3	-2.59447074746419
Q17994	0.363818514534183
Q17989	-0.803817167933195
Q17990	-0.635267380325598
Q963E8	-0.635267380325598
B0M0L8	-1.60216275197066
H2KYS1	-1.60216275197066
Q17993	-0.251889147797121
Q09969	-0.831468498897353
Q95QW5	-0.831468498897353
Q9UB15	-0.831468498897353
G5EEY6	-1.38508939299263
H2KYL7	-0.754489175230333
H2KYL8	-0.754489175230333
B9WRS6	-0.754489175230333
A0A4V6M4Y3	-0.754489175230333
A0A4V0IK50	-0.754489175230333
H2KYL9	-0.754489175230333
Q09972	-0.926641421736733
P29355	0.0860653926757092
Q17996	0.0399844718961295
Q0G832	-1.04146294992291
G5EDI1	-1.04146294992291
A0A4V0ILK2	-1.04146294992291
A0A4V0IJY6	-1.04146294992291
A0A4V0IJU5	-1.04146294992291
B1Q254	-0.10402455668751
B1Q255	-0.10402455668751
Q93212	-1.13662915810686
Q93213	-0.501366992767387
Q93211	-1.8988339850242
Q17999	-0.324094968167577
Q18000	-0.497262272203801
Q18006	-0.993107227672507
Q18005	-0.703824398647721
Q18007	-1.33610830608729
Q9NJS7	-1.33610830608729
Q9NJS8	-1.33610830608729
Q9XTK1	-1.33610830608729
A0A4V0IIV3	-1.33610830608729
A0A4V0ILB0	-1.33610830608729
A0A0K3AVG9	1.05041882457434
Q18008	1.05041882457434
A0A0K3ASM2	-0.0445877879562095
Q18009	-0.0445877879562095
Q95QW4	-0.0445877879562095
Q8WSW2	-2.00026652891101
Q9XVT5	-1.41307538017021
Q9XVT2	-0.990437952142997
Q9XVT1	0.146011573822873
P83528	-0.0262066541367414
Q18013	1.1140786111702
Q18010	-1.07583394240568
Q18012	-1.76995839533365
Q00P41	0.0790448263629214
Q18014	0.0790448263629214
Q18017	-0.283679777152456
E0AHB8	-4.28206331512372
Q18020	-4.28206331512372
G5EF26	-1.22723038504259
Q18019	-0.545071531054324
Q18021	0.316270582733808
G5EC11	2.13114932630494
A5Z2T3	-3.82519023787382
A0A2C9C2Z6	0.708513335640888
A0A2C9C2Z4	0.708513335640888
P34709	0.603362984309121
G8JY28	0.603362984309121
Q8STA8	0.603362984309121
Q8STE2	0.603362984309121
Q8T5X5	0.603362984309121
Q8T5X6	0.603362984309121
Q8T5X7	0.603362984309121
Q8T5X8	0.603362984309121
Q8T5X9	0.603362984309121
Q8T5Y0	0.603362984309121
Q8T5Y1	0.603362984309121
Q8T5Y2	0.603362984309121
Q8T5Y3	0.603362984309121
Q8T5Y4	0.603362984309121
Q8T5Y5	0.603362984309121
Q9N5Y5	0.603362984309121
P42004	-0.818068866413393
P80361	-0.818068866413393
Q9N5Y4	-0.818068866413393
H2KYS7	1.7387235180988
Q2MGS5	1.7387235180988
Q9N5Y2	-0.524353288578269
P34697	-0.121327903289068
Q5W7E8	-0.121327903289068
Q9N5Y1	-0.121327903289068
B5U8N3	0.00614950427063767
Q7YX88	0.00614950427063767
Q9XVS5	-0.501369437107866
D9N144	-0.501369437107866
B5BM32	-0.0119611949390884
Q9XVS7	-0.0119611949390884
Q9XVS9	0.203570449835652
O17585	-0.328050997924308
Q9XVS8	1.05430634386708
O17586	-0.322980608055575
O17587	0.246458816101083
Q9XVT0	-0.0643775654795638
Q18031	-1.05848051013165
Q95QW3	1.15701611588844
Q18030	0.664228329679344
Q18029	-1.9517138929994
Q18025	-1.2835145023845
Q18024	-0.463115956002352
V6CJ24	0.230521807063243
P27420	0.230521807063243
Q7JNW0	0.230521807063243
Q18026	0.16181490023272
Q18028	-0.303222556242904
Q18027	-0.303222556242904
Q18032	-0.021339744057796
O76584	1.11732494127257
F0IWT4	1.11732494127257
H2KYD0	-0.324452040971924
Q6A578	-0.324452040971924
C0Z1Y4	0.623370463700008
H2KYD1	-0.178991823392896
O76580	-0.178991823392896
A0A1X7RC39	1.22258673535412
A0A1X7RBK7	1.22258673535412
A0A1X7RBJ4	1.22258673535412
A0A1X7RBQ2	1.22258673535412
A0A1X7RC32	1.22258673535412
A3KFE6	-0.0980724532530873
A3KFE7	-0.779133531432496
Q8MNV7	-0.281971433890413
Q95ZY8	-0.281971433890413
Q95ZY9	-0.281971433890413
Q18040	-0.0995449286833105
Q9TY00	1.37102315758443
Q18038	-0.133620757408769
Q18037	-0.0380260059618756
Q18036	0.517806696235212
Q18035	0.308524046520598
Q18034	-0.386135101255023
Q18033	-0.182437200025705
P51404	-0.184781540519695
G5EGT9	-0.26761059177432
Q18042	-1.44854528485193
Q18043	-0.748461685967482
Q18044	-0.2282006559085
Q09461	0.537377535658759
Q09253	0.411454008563113
Q09254	0.5734982876385
Q09462	-0.451419123876406
Q09249	-0.227693631602793
Q09250	0.183164028956822
Q09251	-0.201076930992069
Q09252	-0.479743107525979
A0A131MD51	0.544712831276744
A0A131MBI1	0.544712831276744
A0A131MBQ1	0.544712831276744
Q09463	0.544712831276744
Q09464	-0.155712287042546
Q09465	-1.49984496829636
O17588	0.664685480745596
P20269	0.664685480745596
O17589	-1.22308574771697
Q8T3F0	-1.22308574771697
A5Z2U3	-0.464956714165481
O17590	-0.464956714165481
A0A2K5ATM8	-0.761678634238986
O17591	-0.761678634238986
D3NQ86	-1.7021606567641
P91050	-0.737108365825284
P91051	0.899988679867552
P91052	1.64489563359843
P91053	0.123622153691462
P91055	0.789227542131925
P91060	-1.43469434963294
P91057	-1.42719298872391
P91056	0.1386050638974
D6VPA4	-3.21818497700548
A0A078BTK0	-0.19200197520546
A0A078BS36	-0.19200197520546
A0A0K3AYF5	-0.19200197520546
O62062	-0.19200197520546
Q22902	0.0260370932304343
D7SFL6	-0.217036847951871
Q8I7I3	-0.217036847951871
Q8I7I4	-0.217036847951871
Q8I7I5	-0.217036847951871
Q22898	0.078464042383243
Q22899	-1.0905447655696
Q22900	0.456566276336976
Q95Q85	-0.34979640139552
Q18048	-0.195953419632706
Q7JP90	-2.51880714462105
Q18046	-2.51880714462105
Q18047	-2.51880714462105
Q8IG52	-0.872997124509117
T2DKY3	-0.872997124509117
Q17394	-0.872997124509117
A0A4V0ILQ4	1.65497896091087
A0A4V0IK35	1.65497896091087
G5EC10	-0.594113849010495
Q94170	-0.131059709342129
Q86MD9	-0.131059709342129
A0A131MD03	0.626388386050547
A0A131MCU7	0.626388386050547
O45159	-0.0512323018431395
O45156	1.29051261843916
B0M0L9	-1.17427612625636
H2KYT7	-1.17427612625636
Q9BIA9	-1.17427612625636
H2KYT8	-1.17427612625636
H2KYT6	-1.17427612625636
H2KYU0	0.467126885334263
A0A2C9C2X1	0.467126885334263
Q9BIB0	0.467126885334263
A0A2C9C369	0.467126885334263
H2KYT9	0.467126885334263
Q9BIA6	-1.59498422653175
Q18061	-0.35508759871481
Q18060	-0.768649880019862
O62067	-0.0761270430890557
Q9U3P7	-0.0761270430890557
Q8I4M8	-0.0761270430890557
A0A0K3AWH2	-0.0522779010120964
A0A0K3AR68	-0.0522779010120964
A0A0K3ATM0	-0.0522779010120964
G5EE68	-0.0522779010120964
G5EFH6	-0.439250621715073
O62071	0.0420648286087159
B3WFW8	0.441531669251748
Q93231	0.441531669251748
Q564W8	-0.316899529690521
H2FLI5	3.41890625013818
Q93228	-0.498367269172533
H2FLI6	0.817653200203381
Q93227	3.41848975750259
Q93233	-0.185920916020147
Q93230	0.339957980768334
Q93235	-0.891412329831649
O16398	-1.36208129587647
Q965M9	0.371430004191901
O16388	-0.371840644926316
O16389	0.876521733252221
A0A168H3P3	0.640503171454538
O16390	0.640503171454538
Q4W524	-0.208209007974368
A0A2K5ATP8	-0.23262392260349
O16544	-0.23262392260349
A0A2K5ATR8	-0.23262392260349
A0A2K5ATQ4	-0.23262392260349
Q9BKP8	1.39917854931844
Q965M5	1.49687074960648
Q93242	0.0715921489074303
Q0G821	0.0715921489074303
Q93238	-0.832985589508141
Q5WRN0	-0.832985589508141
Q93241	-0.0934284290875353
Q93244	-0.620531680728732
Q5WRN1	0.717734865847936
Q09973	-0.203913393621325
A0A0K3ARH1	-1.23970753111007
Q09974	-0.658292867583985
P81299	-0.37022497989591
A0A0K3AQY3	-0.37022497989591
A0A0K3ATW0	-0.37022497989591
P81300	-0.37022497989591
Q09955	-0.37022497989591
Q09976	-0.37022497989591
Q6DLY2	-0.37022497989591
Q6DLY3	-0.37022497989591
Q6DLY4	-0.37022497989591
Q6DLY5	-0.37022497989591
Q6DLY6	-0.37022497989591
Q8MQD6	-0.37022497989591
Q09975	0.00202807304577415
H2KYU5	-1.3439873952514
Q7JPE6	-1.3439873952514
Q09978	-0.631023704185106
Q09979	-0.933179048934849
Q8MQD4	0.33416786191132
Q95QW0	0.33416786191132
A0A1N7SYP6	0.33416786191132
A0A1N7SYP7	0.33416786191132
A0A1N7SYR1	0.33416786191132
O45256	0.908365165403959
O45257	1.10651083652319
O45258	1.45023246767348
P91064	-4.08099371232535
P91063	-0.21106045255584
B1Q249	-0.859520280152304
A0A0K3AW92	-0.859520280152304
A0A0K3AYH3	-0.859520280152304
Q86ME0	-0.859520280152304
Q95Q83	-0.859520280152304
A0A486WV95	-0.801502445734093
O45087	-0.801502445734093
O45081	0.736971970299458
O45082	-2.63578851751327
G5EDH7	-0.833254432019717
G4S185	-0.833254432019717
Q95X44	0.567925250101683
O45086	0.736348210700414
O45083	-1.8948864926843
V6CJ59	1.17894340763864
V6CKA7	1.17894340763864
O45078	0.551030830823359
O45080	-0.333580160327912
Q18070	-0.644753505763393
Q18069	-1.1343403053297
Q18068	-0.501985948710684
Q18066	-1.16839280956067
Q8MZK1	-1.16839280956067
Q09956	-0.520087308478089
Q8MQD3	-0.179687252379192
Q09957	0.95708131486793
Q09958	0.532039248896364
Q18071	-0.253866732479476
Q8IG51	-0.253866732479476
Q95QV9	-0.253866732479476
Q95QV6	-0.0803265393751145
Q95QV7	-0.0803265393751145
Q95QV8	-0.0803265393751145
I7F488	-1.24565358138067
Q95QV3	-1.24565358138067
Q94986	-1.24565358138067
Q09961	0.648512462560281
P91071	-5.2792046385041
G5EBF7	-1.36503771342656
Q93246	-0.365095157366945
Q9XX98	-0.69140419942863
G5EEW1	-1.21234719940521
Q18079	0.0485402398529058
Q18078	-0.974537807331251
Q18074	-2.77074442905593
Q18075	0.682731340429415
Q18076	-0.110263847414331
H2KYV3	-0.110263847414331
Q18077	-0.561724006500871
A3RMS5	0.566892299319339
M1ZMJ2	0.566892299319339
P46822	0.139942210788662
Q18088	0.139942210788662
Q6BEW4	0.139942210788662
Q8I7M2	0.139942210788662
Q8TA80	0.139942210788662
Q95QV1	0.139942210788662
Q95QV2	-2.19406643585395
Q18081	-0.354274354132387
A0A2C9C3A0	0.264417641706254
A0A2C9C3J8	0.264417641706254
Q8MNV5	0.264417641706254
A0A2C9C3R1	0.264417641706254
H2KYV8	0.264417641706254
Q18086	-0.309499466213186
A0A131MCR4	0.380688310298566
A0A131MCL4	0.380688310298566
G5EG31	0.00362993769819192
G5EDT2	-0.371244815192079
Q9XTZ4	0.374073669269528
Q9XTZ5	0.424720396906209
Q9XTZ3	-0.170994396133268
Q9XTZ2	-0.518838234150693
G3MU77	-0.518838234150693
Q86DA6	-0.446693454698208
G5EGC2	0.174494359581986
G5EF28	0.174494359581986
Q6BER7	-0.726742252851974
I2HAG8	-0.726742252851974
O45263	-0.726742252851974
O02101	0.151725516965481
O02099	-0.74207008879738
O02097	-0.359127971980415
A0A061ACX4	-0.708457713895431
O02096	-0.708457713895431
B3KLZ7	-0.6068882055132
Q86NJ8	-0.6068882055132
Q8IG64	-0.6068882055132
O02100	0.0949568568614868
H2KYW0	0.372837837192372
O02103	0.372837837192372
G5EEG0	-0.66761864284816
A0A2K5ATL4	0.481912203490447
A0A2K5ATL1	0.481912203490447
A0A2K5ATK0	0.481912203490447
G5EDD5	0.481912203490447
Q95NU5	-0.153067475770769
Q95NY6	-0.153067475770769
Q18093	-1.02540077453463
Q565A8	-0.200367709590628
B2D6L4	-0.200367709590628
G5EGU9	-0.200367709590628
A9P338	-0.200367709590628
A9P339	-0.200367709590628
G5EEB4	-0.200367709590628
D2KT99	-0.200367709590628
Q18095	0.722723332300308
Q18091	0.27159771139697
Q18090	0.199011467190232
Q18096	-1.90075332174595
Q18089	0.0564190250041744
Q18098	-0.322549644496739
Q18099	0.0365995359482764
Q8MNV2	0.0365995359482764
Q18100	-0.765052825088359
Q4PIU9	-0.765052825088359
Q53U87	-0.765052825088359
Q53U86	-0.765052825088359
W6RRX6	-0.765052825088359
W6RTH3	-0.765052825088359
C1P623	-0.487602798671876
H2KYW5	-0.487602798671876
O61925	-0.359690590794161
A6PVB2	-0.877144693403103
O61924	-0.877144693403103
O17426	1.08394658561647
O17536	1.08394658561647
O61919	0.331529446776433
U4PB74	0.594423275752706
U4PQZ9	0.594423275752706
Q9GZF5	0.594423275752706
Q4R118	0.372379669729203
H2KYH7	-0.093352796809322
Q8MXG8	-0.093352796809322
D0IMZ1	-0.828096110511495
A0A2C9C305	-1.05800403407417
A0A2C9C367	-1.05800403407417
A0A2C9C3A1	-1.05800403407417
A0A2C9C3E9	-1.05800403407417
Q09237	-1.05800403407417
Q09482	-1.05800403407417
Q09484	-0.785527572760608
Q09238	0.290659376913735
Q09485	-0.172951011821497
A0A2C9C2S9	-1.14231864116868
Q7M3L0	-1.14231864116868
A0A2C9C2L6	-1.14231864116868
D0VWL7	-0.595167208165724
D0VWL8	-0.595167208165724
A0A0K3AVH5	-0.595167208165724
A0A0K3AW96	-0.595167208165724
A0A0K3AYH6	-0.595167208165724
A0A0K3AT80	-0.595167208165724
A0A0K3AVH8	-0.595167208165724
A0A0K3ASN4	-0.595167208165724
A0A0K3AWA2	-0.595167208165724
A0A0K3AYI1	-0.595167208165724
A0A0K3AT86	-0.595167208165724
A0A0K3AVI4	-0.595167208165724
A0A0K3ASN9	-0.595167208165724
D0VWL6	-0.595167208165724
A0A0K3AT74	-0.595167208165724
A0A4V0IK09	-0.595167208165724
A0A4V0IKI4	-0.595167208165724
A0A4V0INA2	-0.595167208165724
A0A4V0IN32	-0.595167208165724
A0A4V6M3C1	-0.595167208165724
A0A4V0IK63	-0.595167208165724
A0A0K3ASM8	-0.595167208165724
Q18107	-0.231897029202261
A0A4V0IIX4	1.26195890304975
Q9GYR3	-2.52736140683144
Q10121	1.26145456899283
Q5NV58	1.26145456899283
Q5NV59	1.26145456899283
Q8MQC9	1.26145456899283
P48152	-0.354182742109932
Q18114	-0.799060966753608
Q18115	-0.799060966753608
Q9GYR8	1.02341987423022
Q45EK5	0.821655801446302
Q45EK6	0.821655801446302
Q45EK7	0.821655801446302
Q9GYR5	0.630773694691872
A0A0K3AWT5	0.279521103406305
P91082	0.279521103406305
H2KYX4	0.220995006923563
Q8IFY5	0.220995006923563
A9Z1L6	0.710128997617385
P91079	-0.184671679806635
A0A0K3ARH7	-0.184671679806635
Q5R3Y5	-0.184671679806635
P91078	-0.741629433004592
G5EG96	-0.672259801312239
Q6A5A0	-0.392266625883427
A0A0K3ATW3	-0.392266625883427
A0A2C9C306	-0.392266625883427
H2KYX6	-0.392266625883427
H2KYX5	-0.392266625883427
P90751	-0.576477861512951
Q93249	-0.576477861512951
Q93251	1.46524883218072
Q93254	0.242562332277909
P90750	0.368718455299665
Q93250	0.368718455299665
B6VQ85	0.368718455299665
Q8MQC8	-0.159929823650964
Q564Y0	-0.467154864870794
O61833	-0.361007203387499
Q7YZV1	0.488565082669158
O61830	0.821400784091147
A8WIS5	1.33777832277944
U4PRA9	1.33777832277944
H2KYY0	1.33777832277944
H2KYX9	1.33777832277944
O17058	0.0409569301774094
Q5ENY7	0.0409569301774094
H2KYY1	0.0322248694462329
G4RYC9	0.0322248694462329
Q400M2	0.0322248694462329
A0A679L8N8	-0.326060086121061
H2KYZ7	-0.0583824681626808
Q95Q79	-0.0583824681626808
H2KYZ6	-0.0583824681626808
P91093	-0.960630809720329
A0A4V0ILC7	-1.23965795950909
A0A4V0ILS0	-1.23965795950909
A0A4V0IK49	-1.23965795950909
Q18124	0.000740010146887718
H2KYZ3	0.000740010146887718
Q18122	0.705208234374462
Q18120	-0.2897180219514
Q9TZP8	-0.2897180219514
P91096	0.657743175725136
P91094	0.232137739004741
Q304D8	1.25041084662793
A0A2K5AU17	-0.0597070686631201
Q304D9	-0.0597070686631201
Q18130	-1.1637813778066
G5EEF8	1.00933150036524
Q7M3K5	1.00933150036524
Q8MNU9	1.00933150036524
Q8MNV0	1.00933150036524
Q18129	0.059009936851927
G4RR37	-0.0564058372821883
Q3Y402	-0.0564058372821883
O76430	-0.377371638329198
O76438	-0.523262656577412
O44134	-0.138424848313339
O44133	0.174646233454533
Q9XXK7	-0.25562535100635
Q9U3P5	-0.25562535100635
Q9XXK8	0.707163024844254
Q9XXK6	0.281875258785745
F3Y5P6	0.281875258785745
F3Y5P7	0.281875258785745
O76388	-1.34449670119158
A0A1N7SYS3	-2.33193102227651
A0A3B1DVM8	-2.33193102227651
O76385	-0.788119173448429
O76384	-0.675031723037622
O76382	0.160997065097475
Q17370	0.160997065097475
O76383	-0.383912953372016
O76386	-3.95502996837713
O76387	0.447024808524886
A0A8D8EJW4	-0.0399580012110594
Q18135	-0.0399580012110594
Q18134	0.0582436778872453
Q18133	1.71655372778997
Q18136	-0.291947246042998
A7LPI7	2.20698200382872
Q9XVD4	2.20698200382872
Q9XVD2	0.759427030455891
G5EGS5	-0.568926232246551
H8ESE7	-0.568926232246551
Q9XVD1	1.08039269494778
A1EHR5	1.08039269494778
Q6BER6	-1.23294046578807
O17165	-4.45810755868931
A0A0K3AQY8	0.129822986652305
A0A0K3AUI3	0.129822986652305
O17157	0.129822986652305
H1ZUV7	-0.0269362308786859
A0A0K3AWU0	-0.0269362308786859
A0A0K3ARI1	-0.0269362308786859
Q95X82	-0.0269362308786859
H2KYF1	-0.0269362308786859
O17594	0.736262139947934
Q564W7	0.269258442572045
Q9XVS4	0.269258442572045
G5EGG7	0.247409617062381
O02219	0.247409617062381
A0A2K5ATL7	-0.238204650797412
A0A2K5ATM4	-0.238204650797412
A0A2K5ATL6	-0.238204650797412
O02218	-0.238204650797412
O02220	0.214195644198485
B0M0N2	0.398423568379333
O17593	0.0381994338744845
E2JL03	0.974344929478853
Q9XVS1	-1.63688024546884
Q9XVS2	-0.288881741154093
Q9XVS0	-0.0624321025908042
E2JL04	0.790402296418984
Q7Z261	0.790402296418984
Q9XVS3	-0.318273178962429
O02217	0.567229535857716
A5Z2U4	0.567229535857716
Q18140	0.327238189886975
Q95ZY7	-0.924995702796916
A0A1C3NSL9	-0.924995702796916
A0A1C3NSK1	-0.924995702796916
A0A1C3NSK9	-0.924995702796916
A0A1C3NSL1	-0.924995702796916
A0A1C3NSL6	-0.924995702796916
A0A1C3NSM8	-0.924995702796916
A0A1C3NSP2	-0.924995702796916
A0A1C3NSQ2	-0.924995702796916
G4RTG4	-0.924995702796916
H2KYC4	-0.924995702796916
H2KYC6	-0.924995702796916
H2KYC5	-0.924995702796916
Q8MQC5	-1.29799482526753
G5EDN5	-1.29799482526753
P43510	-0.136195839555754
H2KZ06	0.18484430635066
H2KZ07	0.18484430635066
Q7Z121	0.18484430635066
A0A2K5ATZ5	-0.172172299789193
A0A2K5AU02	-0.172172299789193
G5EET0	0.0417237764904455
Q4TTA1	-0.679250881951444
O17602	-1.23889500981702
Q7YX91	-0.322170448796348
E0AHC7	-0.322170448796348
O17596	0.203524627675573
P34706	0.203524627675573
B5U8N5	0.793659354150003
B5U8N4	0.793659354150003
O17598	-1.14078496549514
Q9XVR7	0.413614096929735
O17599	-1.26006034192071
Q9XVR6	0.151781726209907
Q18159	-0.274206484222205
Q18160	1.61273564496855
Q18161	-1.74485346844921
Q6ACW9	0.364283828097903
E7EM26	-0.91610552612192
H2KZ10	0.171255220248674
H2KZ09	0.171255220248674
Q18153	-0.987759532212792
Q18152	-0.696624739431009
Q18157	0.174048156924142
Q18158	0.764414899741724
Q18166	-0.277572463363479
G5ECY0	-0.779571786392589
Q7Z124	-0.779571786392589
Q18164	0.0105404825875961
Q18163	-0.977818635435428
H2KZ11	0.80279929536342
Q8MQC3	0.80279929536342
O62077	-1.24167039200692
Q52GY2	-1.49783438032116
B5U8N8	-1.49783438032116
A5JYW3	-0.975959148246987
A5JYW4	0.265684614691869
A5Z2V6	-0.924846717062385
H9G313	-0.924846717062385
B5U8N9	-1.10657086607826
D0VWP3	0.162606900985717
O62078	-2.05401761708691
O62079	-0.827062152162917
O62075	-3.76365670614959
O62076	-1.2634268122804
O62073	-0.368460887861051
C1P642	0.221717766326637
O18023	0.221717766326637
Q18174	0.221717766326637
Q95ZY5	0.221717766326637
Q18169	0.16255687846344
Q18170	0.665091454824345
D4PH98	0.665091454824345
G5EGE9	-0.244346002403306
C6KRL0	1.08787821661903
Q18180	-0.200371853453792
Q18177	-1.01696876883244
G4S328	0.0788793995349854
Q18176	0.0788793995349854
Q18178	-0.118076089666423
Q18179	-0.211104398310368
Q18189	0.411715266547515
H2KYV2	-0.551857303382293
Q5WRT7	-0.551857303382293
A0A2K5ATR5	-0.12237512997078
A0A2K5ATQ8	-0.12237512997078
A0A2K5ATR9	-0.12237512997078
A0A2K5ATQ3	-0.12237512997078
Q9BIA4	-0.181278453273208
Q8IG45	0.907322885567598
Q4TTB7	0.200328095399095
C8JQQ0	-0.381911060736939
Q18187	-1.28334649729981
Q18186	0.458732250553451
Q18184	-0.76428045308824
H2KYV0	0.349051496474617
Q8MQC1	0.384736834391588
H2KYV1	-0.215060876022151
Q18194	-1.17352565091799
Q9GTH9	-0.407878432070854
Q18192	-0.407878432070854
Q5TYL7	-0.407878432070854
Q8MQB8	-0.407878432070854
Q9GTI0	-0.407878432070854
Q18190	0.402349394692385
Q18195	-0.796205383246775
W6RY53	0.608017094053073
Q18196	0.608017094053073
Q18202	0.0626457940886523
Q7Z123	0.0626457940886523
Q18200	-0.116981907019465
Q18198	-0.654727637439827
Q18199	-1.29056970296144
G5EEY5	0.152951423529463
Q565A2	0.152951423529463
P51875	-0.490080367215851
Q18205	-0.490080367215851
Q18206	-0.084538512590624
G5ECM2	-0.58409770792671
G5ED89	-0.58409770792671
B3WFV2	1.21934039351484
G5EBR4	1.21934039351484
Q7YX71	-0.207018462243012
Q18211	-0.499866837104549
Q17323	0.161222716360521
Q18212	0.161222716360521
Q18213	0.600103723087835
Q18214	-1.01133475974573
G5ECA1	-1.4450701572413
G5EBM0	-1.4450701572413
G5EG16	0.203383516464843
Q6BEU7	-1.86988219220566
O17605	-0.0181353408127243
I2HAA5	-0.0181353408127243
O02224	-0.0466592362529183
Q18218	-0.125960452709972
Q95QU5	0.19572774751774
Q18225	-1.26087723916626
Q18224	0.210686904872142
Q10578	0.0470430383134112
Q18223	-0.0315974491715487
P49404	0.477821174784119
A0A078BTJ4	0.259954384485566
A0A078BS27	0.259954384485566
Q95QU3	0.259954384485566
H2KZ13	0.259954384485566
A0A2K5ATU0	0.153501676803854
Q18217	0.153501676803854
Q18221	0.0985342671725999
Q95QU6	0.0985342671725999
Q95QU7	0.0985342671725999
H2KZ14	-0.47380788148225
Q8I7M0	-0.47380788148225
Q18234	-0.172829586620531
Q27472	-2.13594188246132
Q18232	-2.36601240037679
Q18231	-0.698683691787201
Q18230	0.246979417235231
G5EG36	-1.28312895073579
D3KFR7	-0.0868077745590417
Q18227	-0.0868077745590417
P52814	-0.39425590253245
Q9U3P2	0.549937044748562
A0A131MB76	0.549937044748562
A0A131MBR9	0.549937044748562
A0A131MCN5	0.549937044748562
A0A131MDF3	0.549937044748562
A0A131MBS5	0.549937044748562
A0A131MBZ2	0.549937044748562
A0A1N7SYZ4	0.124774852140672
A0A1N7SYU2	0.124774852140672
A0A0K3AXB9	0.222757028384455
B2MZD0	0.222757028384455
G5EDH1	0.222757028384455
G5EFJ7	-0.511714122345694
H2FLM2	-0.511714122345694
H2FLM3	-0.511714122345694
H2FLM1	-0.511714122345694
G5ECR1	1.10162878355862
O01961	-0.222732578549322
O01960	0.51869130033098
G5ECT8	1.72944989169196
O01963	-0.152802426868696
O01964	0.298548581877666
O01965	0.328785092521119
O01966	-0.727655192290212
Q18237	-0.570448670115259
E7EM30	2.09837013518857
P52819	-0.40137625835689
P85027	-0.40137625835689
Q18235	1.38913316681565
Q18239	0.0252916084432103
Q4TT90	-0.0160762228903367
P90754	-0.0587891486723455
Q2PJ70	-0.0587891486723455
B5BM33	-0.0587891486723455
E1B6U2	-0.0587891486723455
P90755	-0.132076223917679
Q1NZ14	-0.132076223917679
E3W744	-0.132076223917679
E3W745	-0.132076223917679
P90757	-0.78580871048286
A5Z2U5	-0.0446314446590459
A5Z2U6	-0.0446314446590459
Q9U3P0	-0.0446314446590459
P90758	-0.0446314446590459
P90759	-0.0446314446590459
H9G2Z4	-0.191289956656053
G5ED11	-0.191289956656053
H9G337	-0.191289956656053
Q7YTR6	0.515042910027171
B0M0N3	0.515042910027171
Q18240	-1.20899159233915
Q9GPJ0	-1.20899159233915
Q7JMA9	-1.20899159233915
Q18242	0.626534709575441
A0A3B1E4Z6	-0.258099722437356
Q18241	-0.258099722437356
Q18243	-0.258099722437356
Q18244	-0.16914194738018
P48460	-0.24804983740585
Q18245	0.760893985308686
Q18246	-0.957589926545017
Q7YTR9	-1.03952089954163
Q18249	0.106024241454207
Q18250	-1.21864148088545
Q18251	-0.0736117717575765
G3MU02	0.241651924648059
Q18248	0.588228814594326
Q18253	0.128521835523578
Q9XVC6	1.95152869320874
P34339	-0.0940603535077675
G4S3E4	0.416407727939556
Q4U219	0.416407727939556
S6FD32	-0.339604812679137
Q09636	-0.339604812679137
Q4JFI0	-0.339604812679137
Q4JFH9	-0.339604812679137
Q95ZX9	-0.339604812679137
Q93290	-0.511074741083183
Q2EEN8	-0.511074741083183
Q93291	1.19251965652574
Q18255	0.820342667056616
Q18263	-0.0697361410369154
Q95QU0	1.21773746418374
G5EG32	0.264171434926069
G5EDM1	0.264171434926069
Q18257	-0.297478469795817
Q18258	0.0922745455287895
Q18262	0.646469527966112
G4S3K6	-0.493936239616578
Q18264	-0.493936239616578
Q95QU1	-0.268860432589869
Q18268	0.37149756835518
H2KZ24	-0.439776410223093
H2KZ25	-0.439776410223093
H2KZ26	-0.439776410223093
Q8IG43	-0.439776410223093
A0A1N7SYQ6	-0.784580530057268
Q18265	-0.784580530057268
H2KZ27	-1.0571129430067
Q7YZG1	-1.0571129430067
A0A0K3ATW7	-1.0571129430067
Q18269	-0.265781053918491
Q8MQB6	-0.541130174731115
Q95QT8	-0.541130174731115
Q95QT7	-1.60314159419192
E1B6U3	-0.336532094089045
E1B6U4	-0.336532094089045
E1B6U5	-0.336532094089045
P90761	-0.336532094089045
O17607	-0.524205051783845
O17608	1.23948842300727
B2D6P1	-0.172224218820559
Q8MQB5	-0.172224218820559
P90762	-0.172224218820559
O17606	0.853299911840805
A9QY30	-0.797401355243264
Q18271	1.22403134296857
Q18270	-0.00503915572971858
Q27473	-0.932183285670138
A0A1X7RBT1	-0.098074475753742
Q95QC6	-0.098074475753742
Q18273	-0.098074475753742
Q18284	-0.892617836767096
X5LPV6	-0.892617836767096
X5LV63	-0.892617836767096
X5LX76	-0.892617836767096
X5M5R1	-0.892617836767096
X5M8V6	-0.892617836767096
A9Z1K3	-0.0969757107841795
H2KYN4	-0.0969757107841795
Q95QT5	0.627558151421475
Q18280	3.07577226156557
Q18279	-0.451654881488199
Q18276	-0.608664483150548
Q18278	-0.608664483150548
Q4JFH6	-0.608664483150548
H2KYN3	0.440228085005964
O17611	-0.202883119522756
Q86PJ9	-0.202883119522756
Q7YTR2	0.805576450114887
A0A061AKL8	0.805576450114887
B3GWD5	-1.32841213955202
A0A061AIW1	-1.32841213955202
O17610	-1.32841213955202
O02225	0.790571326763694
Q95QT4	0.136972737988477
A0A3B1E8S0	-1.07555832361163
A0A3B1E9Z1	-1.07555832361163
A0A3B1E4T2	-1.07555832361163
A0A3B1DQ87	-1.07555832361163
A8R9T5	-1.07555832361163
Q09240	-1.07555832361163
Q18288	0.15576018001907
H8W3X5	-1.27302466855738
Q18287	-2.39469704299715
Q18286	0.86618093871748
A8WFJ8	-0.587816910681496
H2KYH9	-0.587816910681496
Q8MQB4	-0.999272869386834
Q09242	1.12634671257418
Q09474	-0.838656903402648
Q27GU8	-0.838656903402648
Q8I7L6	-0.838656903402648
Q09248	0.917653685558933
Q09243	0.242831645462801
Q09475	-0.254558192591785
Q09473	-0.0664179529579246
A7YEM2	-0.880706410678818
A7YEP3	-0.880706410678818
A8WEL3	-0.880706410678818
Q09476	-0.880706410678818
Q6AHR2	-0.880706410678818
Q09246	-0.696138907413251
Q09477	-1.71436240939428
A8WFG1	-1.71436240939428
H2KZ28	-1.71436240939428
Q09247	-1.71436240939428
Q18292	0.151694369862154
Q27474	0.429516639169742
Q8MQB3	0.429516639169742
A7UQ09	-0.7768001768024
Q18291	-0.7768001768024
Q18294	-0.7768001768024
E1B6S5	-0.7768001768024
E1B6S6	-0.7768001768024
E9P874	-0.7768001768024
H2FLH5	-0.7768001768024
E9P875	-0.7768001768024
A8DZ40	-0.7768001768024
E1B6S7	-0.7768001768024
I2HAJ6	-0.7768001768024
I2HAJ7	-0.7768001768024
S6EZT1	-0.7768001768024
E9P876	-0.7768001768024
G5EFA0	0.692567263814848
G5EGU7	0.692567263814848
Q95QT2	-0.0967911812363645
A0A1T5HUK7	0.345742515698383
P34347	0.345742515698383
Q8MNU8	0.254273496058144
Q5WRU9	-1.61447993026541
H2KZ30	-1.61447993026541
C8JQP0	-1.61447993026541
A3FPI3	1.23466128417841
P34341	0.266637213383687
P34342	-0.0928171739990146
Q8MYR0	-0.0928171739990146
Q8TA79	-0.0928171739990146
P34343	-0.116804026078416
Q5WRU8	-0.116804026078416
C8JQN7	0.0680625908501823
P34344	0.0680625908501823
Q4TTD4	0.0680625908501823
P34345	-1.7147271908641
P34346	-0.103618771588722
G5ECH8	-0.373913138877461
Q27394	-0.373913138877461
Q5WRN8	-0.373913138877461
A5HJZ7	-1.24822451551567
N1NV19	-1.24822451551567
Q18297	-1.24822451551567
A0A061AJB0	0.445155333736611
Q18299	0.445155333736611
Q9GTH4	0.445155333736611
O17612	0.384959384761646
O45272	1.7649559053797
A5JYV2	-0.469244236115796
O17616	-0.469244236115796
Q18302	0.44335136238331
Q18303	-3.08887436795087
Q18304	-2.70030522392042
Q18310	-1.52275064707042
Q18305	0.383625360779304
Q27GU3	-0.985794572394761
Q86GJ0	-0.985794572394761
Q18311	0.359225659677601
O17620	-0.548441146871272
A0A0K3AWA7	-2.04891408006937
O17621	-2.04891408006937
O17622	-0.310055589750487
A0A078BQN7	1.39313603720225
A0A078BTN3	1.39313603720225
O17617	-0.603253315224265
Q9TZB2	0.561585404449342
G5ED94	1.13393314763143
H2KZ33	0.702559628055174
Q8MNX2	0.702559628055174
H2KZ34	0.702559628055174
Q336K9	-0.798603921047545
Q9NG00	-0.302873084215577
Q9TZC4	-0.302873084215577
O16884	-0.693475058819548
O16887	-0.0718985830949445
Q18316	0.88051006411599
Q18315	0.180134864028942
Q5DX43	-1.04187156971729
Q18312	-1.04187156971729
Q8MQB2	-1.04187156971729
Q18313	-0.0405763093755768
Q18314	0.62277469758577
P34348	2.46903392575449
P34349	-0.142137050100747
D7SFI2	-0.584868672116698
P13528	-0.584868672116698
Q18320	0.392194350202939
Q18319	0.461526108752134
Q7JPI9	0.461526108752134
Q7JPJ0	0.461526108752134
Q95QS8	0.461526108752134
Q18318	0.00770765703850443
Q18321	0.437554063319434
H2KZ36	-0.19903648560912
F1LIL5	-0.19903648560912
Q18323	0.653458675705076
C8JQP7	-0.098257465363953
Q04907	0.490523163834791
Q04908	-0.862130727565398
Q05036	-0.568494289203431
G5EFJ9	0.0610251600042368
G5ECG3	0.0610251600042368
G5EDE3	0.0610251600042368
G5EE47	0.0610251600042368
G5EFT6	0.0610251600042368
G5EG15	0.0610251600042368
G5EG91	0.0610251600042368
G5EGQ1	0.0610251600042368
M1Z8A0	0.0610251600042368
M1ZJW5	0.0610251600042368
A0A8D7ZF36	0.0610251600042368
A0A8D7ZGA2	0.0610251600042368
A0A8D7ZEP4	0.0610251600042368
A0A8D7ZGL5	0.0610251600042368
A0A8D7ZGB1	0.0610251600042368
A0A8D7ZEY3	0.0610251600042368
A0A8D7ZEU0	0.0610251600042368
A0A8D7ZEX1	0.0610251600042368
A0A8D8EJ82	0.0610251600042368
O17333	-0.147760763975238
G4S4L8	-0.61005036409752
Q95YE2	-0.61005036409752
Q95YE1	0.151892240309355
Q95YE0	-2.28461137221312
Q95YD9	-5.67987901839641
H2KZ48	-0.830295705991135
D0G904	-0.830295705991135
Q95YD7	-0.438675001287564
Q95YD8	-0.654704139296942
Q18328	-0.493069883131833
Q18329	-0.508119161138487
Q7YX86	-0.83256908004167
Q7YX85	0.080320107462886
Q95YD5	-0.107239744992011
Q8T879	-0.0899355900431662
Q95YD4	-0.0899355900431662
Q09486	-0.190098796124967
Q09257	-3.52122567684486
Q09259	1.51355015255551
Q8TA76	1.51355015255551
Q8TA77	1.51355015255551
Q09487	0.93084247105691
Q18330	0.498419361632773
Q18331	-0.984456000242991
Q65ZH8	-0.69103763941926
H2KYK2	-0.69103763941926
H2KYK3	-0.69103763941926
A0A078BPH7	-0.69103763941926
A0A078BPF7	-0.69103763941926
A0A078BQJ7	-0.69103763941926
A0A078BTK3	-0.69103763941926
A0A078BS39	-0.69103763941926
A0A078BPI1	-0.69103763941926
A0A078BPG4	-0.69103763941926
A0A078BQK0	-0.69103763941926
A0A078BTK6	-0.69103763941926
A0A078BS43	-0.69103763941926
A0A078BPI6	-0.69103763941926
A0A078BPG8	-0.69103763941926
A0A078BQK4	-0.69103763941926
A0A078BTK9	-0.69103763941926
A0A078BS47	-0.69103763941926
A0A078BPJ1	-0.69103763941926
O02556	-0.405072795504273
Q18336	-0.405072795504273
H2FLI3	-1.1919113081838
Q564Y4	-1.1919113081838
D3KFV8	-0.805084297051307
D3KFV9	-0.805084297051307
H2L2E0	-0.805084297051307
C6KRM5	-0.805084297051307
C6KRM6	-0.805084297051307
A0A0K3AS08	-0.805084297051307
A0A0K3AUC7	-0.805084297051307
A0A0K3ARH0	-0.805084297051307
A0A0K3AV02	-0.805084297051307
A0A0K3AXC2	-0.805084297051307
A0A0K3AS12	-0.805084297051307
A0A0K3AUD0	-0.805084297051307
A0A0K3ARH5	-0.805084297051307
A0A0K3AV10	-0.805084297051307
A0A0K3AXC6	-0.805084297051307
A0A0K3AS16	-0.805084297051307
Q8MQB1	0.562362601036828
H9G2Z6	0.0481632404673678
H9G2Z7	0.0481632404673678
O45278	-0.0232070104813375
O45279	-0.0838196863675214
Q9XVR3	0.482724596121359
Q9XVR5	0.573092909033892
G5EFF8	-0.849316609391885
Q304D5	-0.849316609391885
O45282	1.10700248724984
O45283	1.51756422643476
O16898	1.93884790368889
O16900	1.6502770256278
G5EBU3	-1.29009557496334
A0A131MCY4	-0.722478991702672
B8ZX16	-0.722478991702672
A0A131MBC3	-0.722478991702672
G5EG67	-0.722478991702672
G5EER7	-0.722478991702672
O17626	-0.388276807836275
O45285	0.42727918343834
Q8I4M6	-0.979363611400333
Q7YX76	0.685596965649086
A0A4V0IKJ5	-1.86632115341849
Q93313	-1.86632115341849
Q93309	0.378343234344015
Q93314	-0.0461490166468957
Q93315	-0.999269259462685
G5EEB5	0.0216294325554633
Q8I7L5	-0.50632881294847
V6CLN0	-0.50632881294847
H2KYP1	-0.50632881294847
V6CKF6	-1.58690394927954
V6CJA4	-1.58690394927954
V6CLT1	-1.58690394927954
Q18343	-1.58690394927954
H2KZ54	-0.953997809571454
A0A4V0INB7	-0.953997809571454
Q8MQB0	-0.953997809571454
Q18346	-0.871977438030597
Q18347	-0.83156060978305
O62084	-0.654666831488573
B3WFZ2	-0.661878691933678
G5EGB5	-0.661878691933678
O62082	-0.132831724568435
O62085	0.0579009947045954
B3WFZ4	0.496336191281276
B3WFZ3	0.496336191281276
Q09260	1.24222902017734
Q9NGS2	1.24222902017734
Q09261	0.681224052858154
G5EFB9	-1.10022808100365
G5EDL7	-1.10022808100365
A0A0S4XR14	-0.0244061069772499
H2KZ55	-0.0244061069772499
Q95ZM4	-0.0244061069772499
P91104	0.479068223382205
A0A0S4XRR2	-2.14809068503723
P91112	-2.14809068503723
A0A0S4XRJ2	4.22192661808585
P91114	4.22192661808585
P91109	-0.29868267395209
P91107	0.654997190454079
A7UQ08	-0.419260664328592
D9N132	-0.419260664328592
J3K003	-0.419260664328592
D9N131	-0.419260664328592
H9G2X0	-0.419260664328592
D9N133	-0.419260664328592
D5MCS0	-0.419260664328592
Q18351	-0.419260664328592
D5MCS1	-1.68473259307586
H2FLH4	-1.68473259307586
Q18352	-1.68473259307586
Q09262	-0.162185605496761
Q09268	0.011375266599912
Q18355	-0.34173312815606
Q09491	0.545369881546157
Q09488	-1.04065820982322
Q09263	-0.203930292971704
Q09265	0.510906551302174
Q09266	-0.980593059826437
Q09267	-0.690908009175672
Q65ZJ7	0.185164754658017
Q09489	0.185164754658017
Q09490	-0.0450884948098814
P91119	-0.127602846621049
Q95Q77	-0.317022595216331
Q8T3B9	-1.61745677829905
Q9XZI6	0.0108370509459969
Q95Q72	0.0108370509459969
Q95Q73	0.0108370509459969
Q95Q74	0.0108370509459969
Q95Q75	0.0108370509459969
Q9UA04	0.0108370509459969
Q9UA05	0.0108370509459969
Q9XZI7	0.0108370509459969
Q9XZI8	0.0108370509459969
Q9XZI9	0.0108370509459969
P91133	-0.0233202366089773
P91128	-1.44078863495317
Q86GU2	-1.44078863495317
P91127	1.2337330915811
P91125	0.462752638241835
Q8T3B8	-0.471678680550637
H2KZ58	-0.471678680550637
P91124	7.97954819898565e-05
P91129	0.176297523609878
P91130	0.198353323567361
Q8I7N6	-0.491949532738584
O01686	-0.491949532738584
G5EDT1	-0.155495393359626
O01681	-0.421140673218762
O01683	-0.944636206469731
Q10902	-0.0348888428452492
Q9BJL4	-0.0348888428452492
O01685	-0.275512071498469
Q86GU3	-0.275512071498469
Q9XUH3	-0.64420737511983
Q9XUH8	1.06360834359807
Q9XUH7	-0.258773598167461
Q9XUH6	1.57227647176869
G5EDE9	-0.588977583802573
Q93319	0.446183793866213
G5EC57	-0.0190396143246824
E0AHC2	-0.0190396143246824
Q18359	0.343373224745658
Q86D15	0.743451532902554
A0A061ACS0	0.743451532902554
Q18356	-1.30330451665683
Q18357	0.0809714088072403
H2L294	0.0809714088072403
Q18358	-0.275235714162457
A0A061AKV1	-0.631414256778911
Q18361	-0.631414256778911
O17636	-1.07594368474157
B7WN72	-0.518046693940039
Q09493	-0.518046693940039
Q7JMK1	-0.518046693940039
Q7YX74	-0.000443961812076308
A8DZ32	-0.205421150802711
O16580	-0.205421150802711
O16577	2.27377149227185
O16581	-6.85064516601369
O16582	0.711145019823238
Q22910	-3.18884036130393
A0A131MBV5	-0.777480753803742
A0A131MCZ8	-0.777480753803742
A0A131MD56	-0.777480753803742
Q21469	-0.777480753803742
Q21467	-1.46293279516218
Q22905	-1.46293279516218
Q7KPB1	-1.46293279516218
Q9TZP7	-1.46293279516218
I7FXE3	-0.0754394908062102
Q21466	-0.0754394908062102
Q22906	-0.0754394908062102
Q22908	-0.0754394908062102
Q10655	-0.854811587219029
Q18371	-0.854811587219029
G5ECM5	-0.201044690651529
G5ED03	-0.201044690651529
X5M8S5	-0.201044690651529
X5LV34	-0.201044690651529
Q565B5	0.751779993333042
C6KRJ1	0.351003561988032
Q86D17	-2.63099953505915
Q86D16	-2.63099953505915
I7LHV5	-1.25662019200561
Q18377	-1.25662019200561
Q18376	0.399741414712195
O61801	0.263932449279349
O61800	0.138686173633327
Q95QS7	-1.56865066059608
Q5DX36	-0.411308671317993
Q18386	0.466658413521964
A8WFK3	-1.62662783763634
H2KZ60	-0.823396882002901
Q18382	-0.823396882002901
Q8MQA8	-0.823396882002901
Q9BIA2	-0.823396882002901
Q18384	-0.0673726133350827
H2KZ61	-0.0673726133350827
Q8STF6	-0.295997128962518
Q93325	-0.295997128962518
Q9XZQ6	-0.295997128962518
Q93323	-1.01217200665774
Q93324	-0.252409707470919
Q93321	0.0816191861841436
Q18395	-1.47428426482125
G5EEH2	-0.527511200857292
Q86PJ3	-0.527511200857292
Q18392	0.816585016876239
Q18399	0.629023817492494
Q18398	-1.34925736870599
O76828	-1.49067833554036
Q9GTH5	-1.49067833554036
Q18391	0.785448913496129
Q18393	0.385619412347866
Q18394	0.833417963404444
Q18407	0.250763172012011
W6SBE0	-0.669907101325596
W6RQZ7	-0.669907101325596
A0A0K3AUD2	-0.669907101325596
Q18408	-0.669907101325596
Q18409	-0.662672956671511
Q8WSW0	-0.662672956671511
Q8WSW1	-0.662672956671511
W6RY45	-0.653250315037869
Q18410	-0.653250315037869
Q18411	0.700556909437978
W6RRY0	0.700556909437978
W6RTH8	0.700556909437978
Q18412	-0.252956681205446
W6SBE3	-0.252956681205446
Q18418	0.330709136024412
P53439	-1.05551610637433
G8JY50	-1.05551610637433
Q95QS6	-0.969474562357189
Q18404	-0.599670151595417
Q18403	0.651824073398514
Q18405	0.689414392596971
Q18406	-0.0545088211984942
O44953	-0.0202950046593138
Q95X54	-0.245498685996804
O44956	1.10479284918054
O44951	0.287571359281977
O44952	-0.148610479754197
O44954	0.896094024877682
O44955	0.0201318141003858
G5ED24	-1.65139135590345
Q8MTP4	-1.65139135590345
Q18420	-1.65139135590345
Q18419	-0.271284374593031
G5EC47	-1.12378768410555
B2D6N2	-0.744511401441912
F5GUD6	-0.744511401441912
P90769	0.99233451180903
P90770	-0.275714414726772
O02645	0.726734412830672
P90771	0.726734412830672
Q95ZX6	-1.98836386235511
Q09495	-0.321515570693313
Q09496	-1.03755088293622
Q09269	-0.825060485269375
Q09497	-0.0200152682052476
Q09270	0.137841164222411
C1P628	-0.451223650138214
Q09271	-0.451223650138214
Q18421	-1.42708266289216
Q7YX95	-1.99784499652743
Q18424	-0.28184960986954
Q18429	0.311377614439946
D2Y8W1	0.51731508609152
H9G2Q9	0.51731508609152
Q18425	0.51731508609152
Q7JM91	0.51731508609152
Q18426	-0.81676064173774
Q7JM90	-0.81676064173774
B7WN88	0.0691957277303031
B7WN89	0.0691957277303031
G5EEJ1	-1.16012226559606
C3U544	-1.02805281847799
Q18434	-1.02805281847799
Q867E1	-1.02805281847799
Q867N8	-1.02805281847799
Q868B7	-1.02805281847799
Q86FY4	-1.02805281847799
Q86FY5	-1.02805281847799
Q18433	-0.39213963917532
H2L2D5	-0.39213963917532
H2L2D4	-0.39213963917532
G5EG34	0.120742995992416
B1V8I9	0.120742995992416
G5EBE5	0.120742995992416
Q18438	0.38532598172947
L8E6Y3	-0.908795049156902
Q18437	-0.908795049156902
Q18452	-0.222221739313459
Q18440	-0.861177118606519
V6CLB6	0.35673993978022
Q18445	0.35673993978022
Q18446	0.157672925624997
V6CLA2	0.0414289956882114
V6CL74	0.0414289956882114
V6CJX7	0.0414289956882114
V6CIS4	0.0414289956882114
V6CLC0	0.0414289956882114
V6CLA7	0.0414289956882114
V6CL75	0.0414289956882114
V6CIS8	0.0414289956882114
M1ZJS7	0.215709749815898
Q18450	0.215709749815898
G8JY51	-0.120626824826385
Q18449	-0.120626824826385
Q18439	0.155205116538161
Q7Z0N4	0.155205116538161
P46576	-0.106416702077658
Q95UF7	-0.106416702077658
Q95QS4	-0.490748005045165
Q95QS3	-1.06622388629608
P46577	0.820032886129609
P46578	-0.0967439570325745
Q95UF8	-0.0967439570325745
C0HKD7	-1.26488593237635
P46579	-1.26488593237635
Q5TYM1	-1.26488593237635
Q7Z259	-1.26488593237635
C0HKD6	-1.26488593237635
P46580	-0.259853841597873
Q8T8N5	-0.259853841597873
P46561	-0.941420430515062
P46581	-4.01604355779384
P46582	0.412814759558008
Q18453	-0.890464497100958
Q18454	-1.36303682326479
E0AHB1	-1.36303682326479
E0AHB2	-1.36303682326479
A0A4V0IN49	-1.36303682326479
A0A4V6M3C5	-1.36303682326479
A0A4V0IK80	-1.36303682326479
A0A4V0IIZ5	-1.36303682326479
G5EGR4	-0.66264658798006
A0A3P6PCW4	-0.66264658798006
A0A3P6N684	-0.66264658798006
A0A3P6NIF2	-0.66264658798006
G5ED16	-0.66264658798006
D3KFS9	-0.66264658798006
D3KFT0	-0.66264658798006
Q7YTS5	0.210650244164986
F5GU95	-0.456538827095338
F5GU96	-0.456538827095338
G1K843	-0.456538827095338
Q18456	-0.456538827095338
Q18458	0.253827723103215
G5ECE7	-1.77514284273289
H2KZ19	-0.296881389683279
A0A2C9C377	-0.296881389683279
D7SFL2	-0.296881389683279
H2KZ18	-0.296881389683279
Q18464	0.280987736451338
A0A0K3AQZ1	-1.07978189164208
A0A0K3AUI8	-1.07978189164208
A0A0K3AWU4	-1.07978189164208
B1Q240	-1.07978189164208
B7WN58	-1.07978189164208
H2KZ17	-1.07978189164208
A0A486WVV5	-1.05045197011755
A0A486WX36	-1.05045197011755
G5EF49	-1.05045197011755
A0A486WY49	-1.05045197011755
Q7YX65	0.0730852256908663
O17645	0.513256937394903
E9P891	-0.166580645640081
O17639	-0.166580645640081
O17638	-0.0971819498257155
O17643	0.679192911738987
O17646	0.39249614196371
K8ERU3	0.0164908441730485
O01497	-0.539225208649751
A0A0K3AQN5	-0.308027235272535
A0A0K3AU66	-0.308027235272535
A0A0K3AWK1	-0.308027235272535
G5EDF9	-0.308027235272535
O01493	0.787442282719504
H8W3Y1	-0.508170349764555
H2KZ73	-0.508170349764555
Q8T3B7	-0.508170349764555
O01498	-0.831410997514418
Q8I7I2	-0.831410997514418
Q9N5X7	0.483420346838646
Q9N5X6	0.474362976660153
U4PEZ3	1.19237579487047
O45144	1.19237579487047
O45143	0.815645420080532
U4PE42	-0.0962361853190047
U4PAV5	-0.0962361853190047
O45142	-0.0962361853190047
Q86S35	-0.742119099274815
G4S5Y4	-1.50983321728614
Q8MXH4	-1.50983321728614
U4PB34	-1.50983321728614
O16548	-0.133164571684958
O16546	1.23611316268119
O16547	-0.988949015182912
Q18469	-0.585129713218832
Q5FC62	2.96017949098614
D5MCR8	-0.377816768439235
Q5FC61	-0.377816768439235
Q18472	0.15655471236372
Q18473	-0.114884263097462
Q18474	0.00423234985888664
Q1NZ25	0.00423234985888664
Q18475	0.337659915050763
Q18476	0.22120504892852
Q18477	1.50060065972281
O45062	-0.941752596193148
P52478	-0.941752596193148
D3NQ89	0.0877740098252721
U4PB80	0.0877740098252721
U4PAT9	0.0877740098252721
O45060	-0.9606159246679
Q95X48	-0.507040425381485
Q45FX5	-0.376787907445873
Q18479	-0.376787907445873
A0A4V0ILE7	-0.376787907445873
Q7JPI4	0.18532469866444
Q18478	0.18532469866444
A0FLQ5	-1.1889864121892
G5EBL3	-0.111475038959012
Q7YTQ9	0.027130370790507
A6ZJ73	0.027130370790507
Q93327	-0.265605083462332
Q9U3N5	-0.265605083462332
A0A0K3AYI6	0.199398798795222
G5EBV3	0.199398798795222
Q93329	0.274091974081268
Q93330	0.825286799939486
Q93334	-0.198846365020045
Q95QS2	-0.198846365020045
Q93333	-0.478986922109186
Q8WQG1	-0.0310897109010205
Q18484	-1.11575093745657
Q18489	-0.439224527930198
Q18490	0.118915640825235
Q18492	1.83112350326911
P58798	-0.471625650373295
Q18491	-0.471625650373295
Q95QS0	-0.471625650373295
Q8MNU7	0.0802403539600765
Q18486	0.77891727439457
Q18485	-1.5939346970881
Q18483	0.885758338809887
Q8IG40	0.879341441187438
Q8IG41	0.879341441187438
Q18481	-0.953757259378617
P30429	-0.741110540292301
Q5BHI5	-0.741110540292301
O61775	0.76620208541865
Q95X36	0.161555968877397
H2KZ78	-0.0223798482565685
Q95X37	-0.0223798482565685
O61773	0.499129548194573
O61772	-0.788950001974741
O61771	-0.159055857001084
H2KZ79	-0.159055857001084
O61770	0.169758743935615
O61766	0.415489972573484
Q27477	0.0339400558193321
Q18497	0.533200256074321
Q565C6	-0.264223177764042
Q27476	-0.908287858919412
Q1HB05	-3.0411172943934
Q18493	-0.0377324415945062
Q27479	0.956089593462177
B6VQ60	0.80126228824662
B6VQ61	0.80126228824662
A0A679L8N4	0.80126228824662
Q18496	3.39311680313961
Q65ZB8	3.39311680313961
G5EGA4	-0.324296027550425
Q9U9K7	-0.324296027550425
G5EF89	-0.324296027550425
G5EDV5	-0.324296027550425
G5EDQ4	-0.324296027550425
Q93345	1.509843102748
Q93346	-0.928791145131547
Q564X1	-0.928791145131547
Q564X0	-0.928791145131547
Q58A97	-0.568941551749666
Q3S1J0	-0.128751582524155
Q93338	-0.331680643896314
Q95005	0.277001484840362
Q93339	0.713341858473728
B2D6P0	0.618581290504278
Q93340	0.618581290504278
Q93341	0.0795731920566255
Q8I4M5	0.571224478654502
C3UPA2	0.571224478654502
C6KRM2	0.571224478654502
Q93342	0.571224478654502
Q93343	-0.683054161757774
Q966P6	-1.28187958959109
Q966P7	1.14161787960197
G4S696	-0.418386263926573
Q966Q1	-0.418386263926573
Q966P8	0.427521688367686
G5ECA8	-0.334195844527333
A0A4V0ILT9	-0.460795849914564
A0A4V0IMW9	0.0386722430485735
Q9TZK6	0.285855051312319
H2KZ81	1.09403440313698
Q9BLA0	1.09403440313698
Q9BL99	-0.607754353343569
P19625	-0.725900091129523
Q9BL98	-0.725900091129523
P19626	-0.167587264478998
P48322	-0.431142782123252
O62089	-1.30782250111267
Q18500	0.0133432286228719
Q18501	-1.05100109091312
P52275	-0.415572518738076
B0M0N5	-1.14326106473974
Q93348	-1.14326106473974
Q93349	0.148142488099406
A7UQ11	-1.88727088036737
B2D6P2	-1.88727088036737
H2FLI8	-1.88727088036737
C6KRM7	-1.88727088036737
H2FLI7	-1.88727088036737
Q93350	-1.88727088036737
Q9NAR0	-1.88727088036737
Q17395	-0.395677186952874
Q9U3N4	-0.395677186952874
Q18502	-0.420367398008042
Q7KPT0	-0.420367398008042
O01505	-0.867898807635872
O01501	-0.339675825386177
O77098	-0.339675825386177
Q86FL2	-0.339675825386177
G5EF29	-0.796082961333589
S6F562	-0.796082961333589
S6FD15	-0.796082961333589
H2KZ82	-0.796082961333589
O01504	-0.54259546994817
H2KZ83	-0.634180161226053
O01506	-0.634180161226053
B0M0P3	-1.54024455964026
D3YT89	-0.337483870648281
O62096	-0.2480378581682
O62090	0.369322552161994
H2KZ84	-0.630169409102975
B7WN67	-0.630169409102975
Q22921	-0.940873767488157
Q8I7H8	0.00592284062649273
Q8I7H9	-0.902571949871638
A0A1N7SYZ2	-0.684131145231739
Q22918	0.293202395430824
Q95Q70	0.293202395430824
O76840	0.219180113216831
Q22911	0.219180113216831
Q8I7I0	0.219180113216831
Q8MPV5	0.219180113216831
Q22913	0.176173351326439
A0A1T5HUL2	-0.392063664186902
Q22915	-0.392063664186902
Q8MPV4	-0.392063664186902
Q22917	0.369196064672481
Q93353	-0.221657761212693
Q93354	-0.295901827152401
Q93352	0.625983610780856
A0A078BPG5	0.155350649099492
A0A078BPE8	0.155350649099492
A0A4V6M3C3	0.155350649099492
P90773	0.155350649099492
Q93356	0.155350649099492
G5EDL0	-1.68680822536125
U4PLN0	-1.68680822536125
A0A131MB16	-0.360468328644344
A0A131MBL3	-0.360468328644344
P91144	-0.360468328644344
A3RMS7	-0.381486025326877
H2KZ87	-0.381486025326877
Q95Q68	-0.381486025326877
P91143	0.163942047976593
H2KZ86	-0.1426048479446
Q8I7H5	-0.1426048479446
P91136	-0.1556054949769
P91134	-0.5408713727548
Q8MNS2	-0.5408713727548
P11141	0.0531380772597432
P91135	0.0531380772597432
P91137	-1.79377929951392
Q8I7H6	-1.79377929951392
Q95Q69	-1.79377929951392
Q03566	-1.00571570944436
Q03567	-1.26446707830059
Q03569	0.161942962854201
D2Y8V9	0.5189391636976
P34581	0.5189391636976
P39218	0.5189391636976
Q03570	0.5189391636976
Q7YX47	-0.0985713314000782
A5A8Q8	0.593044127127344
Q7KQ32	-0.500877546585604
Q07749	-0.764797214733002
O17075	0.161699356709616
A0A0K3ARV3	0.161699356709616
O17081	0.32685558487611
O45298	-0.193520402129891
G1K108	-0.193520402129891
G1K110	-0.193520402129891
O45300	1.13811251147441
G5EFR0	0.734780334176061
Q18508	-0.275161724296536
Q18509	0.532116620855852
P46941	-1.1815874193974
A0A131MCR8	-1.1815874193974
A0A131MCX1	-1.1815874193974
C9IY23	0.276925446839506
P34766	0.276925446839506
Q18513	0.276925446839506
Q65ZB9	0.276925446839506
Q18510	2.10641516163188
Q18511	0.234549466921622
Q9U3N1	-1.67248648665118
Q9U3N0	0.998631144504968
I2HA99	-0.440208825699227
I2HAA0	-0.440208825699227
Q18515	0.0532014463236353
Q9GQC5	0.0532014463236353
Q7YX56	0.347989310320691
Q18517	-1.80010310397725
A7LPG1	-0.24664670735461
Q18518	-0.24664670735461
A0A4V0IK65	-0.24664670735461
A0A4V0IK40	-0.24664670735461
A0A4V0IKL0	-0.24664670735461
A0A4V0IND2	-0.24664670735461
A0A4V0IN65	-0.24664670735461
A0A4V6Z7Z1	-0.24664670735461
A0A4V0IK97	-0.24664670735461
A0A4V0IJ17	-0.24664670735461
Q18521	2.1699050211604
Q18520	1.08655728282598
D0VWN0	1.28194765348325
Q8MQA7	1.28194765348325
G5ECK1	-3.36892102577338
C2BR92	1.05018739123751
Q9N5W7	1.519589982849
Q9N5X0	0.107661531465306
G4S6Y0	0.97802684175679
Q9N5X5	0.97802684175679
A0A1X7RBQ0	-1.40421006795891
A0A1X7RBV1	-1.40421006795891
Q18525	-0.108777365842248
Q18524	-0.727342866842227
A4UVJ6	-0.727342866842227
Q18526	-1.44140497663422
Q18527	-0.376632716607306
H2KYM1	-0.12114522059512
H2KYM0	-0.12114522059512
Q95QR7	-0.12114522059512
Q18530	0.938048066004535
Q18533	0.577220289146276
Q18534	-2.12686860989104
Q18545	-0.0532193059301104
Q18535	-0.739187620958079
Q18546	1.0532961233338
Q18547	0.996823529329812
G5ED34	-0.158634111157853
G5ECK7	-0.158634111157853
Q18543	1.122859615878
Q18544	0.202336169287833
Q18541	-2.15139466551258
Q7JLS6	-2.15139466551258
D3YT45	-2.15139466551258
D3YT46	-2.15139466551258
D3YT48	-2.15139466551258
D3YT47	-2.15139466551258
B3GWC9	-2.15139466551258
A0A0K3AVD6	-0.816900937052819
A0A0K3AXN1	-0.816900937052819
A0A0K3ASC1	-0.816900937052819
B1GRL4	-0.625513716348062
A0A0K3AUR3	-0.625513716348062
Q9UAQ3	-0.625513716348062
I7FW32	-0.632318387212554
Q9UAQ6	-0.632318387212554
Q9UAQ7	-0.10607548234924
Q18550	-0.209286589122762
Q9TZA4	3.57335002279702
Q9TZA7	0.596056606953629
Q9TZA9	2.79479382946028
Q9TZB0	3.0424195615232
Q9TZA8	0.897697478751834
Q18556	-1.17311531819096
C1KGB4	-0.805758216879033
G5ECG6	-0.805758216879033
G5EED7	-0.805758216879033
A0A0K3AT61	-0.805758216879033
A0A0K3AVG1	-0.805758216879033
A0A0K3AT91	-0.805758216879033
A0A0K3AVK6	-0.805758216879033
G5EFY3	-0.805758216879033
Q8I0R2	-0.805758216879033
Q9XTG1	-0.805758216879033
O76558	-0.686355525961205
Q03574	0.0829413840167475
Q03575	-0.391052724735792
Q03598	0.26120496989753
A0A1I6CM68	-2.20169711914296
A0A1I6CM73	-2.20169711914296
Q7YX61	-2.94211380953713
Q7YX60	0.0802038846526839
Q9U3M6	-0.650299326442698
D7SFP9	-0.650299326442698
A0A4V0ILG5	-0.650299326442698
B6VQ91	-0.666426281744495
G5EE86	-0.666426281744495
H2KYE7	-0.805092369711015
Q3HKB7	-0.805092369711015
A0A1J1DNA2	0.253786553269671
Q09272	0.253786553269671
Q5FC79	0.127174303017972
A0A131MBC0	0.127174303017972
Q09498	-1.00679794639823
Q09499	-0.830894713113249
Q8WRG0	-0.830894713113249
E5QCG0	-0.830894713113249
A3FPK3	-1.45613210437844
Q09274	-1.45613210437844
H2FLG0	-1.45613210437844
H2FLF9	-1.45613210437844
E5QCG1	-1.45613210437844
H2FLF8	-1.45613210437844
Q09275	0.0257882837867656
Q09500	-0.268866075742892
Q8I4M4	-0.268866075742892
P54812	-0.0751362229538386
Q18560	-0.0751362229538386
B5TRE2	-1.47008625715813
G4RZ48	-1.47008625715813
G4RZ45	-1.47008625715813
G4RZ49	-1.47008625715813
G5EET9	-1.47008625715813
G4RZ46	-1.47008625715813
G4SPR0	-1.47008625715813
G5EDX2	-1.47008625715813
G4RZ35	-1.47008625715813
O01974	-0.300248547971589
A0A078BPM2	-0.392819233816219
B3KLZ9	-0.392819233816219
A0A078BS72	-0.392819233816219
H2KYQ1	-0.392819233816219
O01975	-1.72027813366015
O01976	0.225063696010461
Q95NM6	0.35091495451722
Q95QZ5	-0.51059390987763
O16530	-0.79349112294341
Q3Y403	0.245853849621201
A0A078BPH3	-1.10021864203264
A0A078BQK8	-1.10021864203264
Q18562	-1.10021864203264
Q18563	-1.10021864203264
H2KZA0	-0.315764491823812
A0A4V0ILV8	-0.315764491823812
Q18564	-0.315764491823812
H2KZ99	-0.315764491823812
G5EEY9	1.03314901452358
G5EC16	-0.89338265187156
G5EFQ8	-0.89338265187156
G5ECC0	0.606060842250377
Q9NL41	0.606060842250377
Q93367	1.45366148531061
Q93368	-3.26187481822678
O44712	0.494019316214453
Q564W4	0.494019316214453
Q93369	0.494019316214453
P90775	-0.974780382762429
Q93364	-0.974780382762429
B0M0N4	-0.564750566359395
C7FZU5	-0.107376577198181
B3WFW9	-0.107376577198181
O17152	0.890907298306901
O17151	0.344312354298963
H8W3W8	-0.319206338883632
H8W3W7	-0.319206338883632
O17149	0.264123534394651
O17155	0.858481084637077
Q86S48	1.75220790129328
A3QMB0	0.507587077714281
A3QMB9	-0.548441010793121
A3QMC1	-1.81498192811559
A3QMC2	-1.81498192811559
G5EFT4	-1.81498192811559
A3QMC3	0.0521636815069212
A3QMC4	0.730079266974474
A7IQW5	0.730079266974474
A3QMC5	-0.445997962178303
A3QMC6	0.842563735119772
C0RSI9	-1.91880147056496
A3QMC7	-1.91880147056496
A3QMB1	-1.09746560852684
A3QMB3	0.947129823703224
A0A061AD29	0.947129823703224
A0A061AE89	0.947129823703224
A3QMC8	-0.509355122696824
A3QMB6	-1.60924834466918
D3TDG8	-1.60924834466918
A3QMB7	0.567938076332398
Q18577	-0.59390906361727
V6CLB0	-0.307852580700498
V6CLE4	-0.307852580700498
E7EM24	-0.650195961707928
Q18573	0.591305768222722
Q18572	-0.874931669308978
Q18567	-0.35305893496775
Q18566	0.897367474523907
Q18582	-0.0380372430244182
Q18580	-1.09397552902783
I7KSB9	-0.918861200168216
Q18579	-0.918861200168216
Q18581	-0.300751860292398
Q65ZH6	-0.300751860292398
Q10651	-0.924067813118467
Q18583	-0.924067813118467
Q95ZX1	-0.924067813118467
Q09501	-0.249017097016118
I2HAC8	-1.13518302312109
I2HAC6	-1.13518302312109
I2HAC9	-1.13518302312109
I2HAD0	-1.13518302312109
Q09502	-1.13518302312109
Q09276	0.104018957737243
D7SFL7	-0.57411571054756
P91156	0.642227236582379
P91155	-0.125489148811202
P91151	0.58647437415684
A4LBC1	0.208107805916874
H2KYW4	0.208107805916874
Q8I7H2	0.222201362588605
P91153	0.222201362588605
A4LBC2	-0.505046340339373
A4LBC3	-0.505046340339373
G5EDF5	0.449960180782103
H2KYW1	-0.621209006173662
H2KYW3	-0.621209006173662
Q95Q64	-0.621209006173662
H2KYW2	-0.621209006173662
Q5R3Y6	-0.621209006173662
P91148	-0.941368455973808
P91149	0.121112542000083
P91154	-1.21298675882344
Q9XUG6	0.650415754992864
Q9XUG8	-0.809429029733818
Q9U3M2	0.229890780521498
Q7YTP9	0.530097296015718
Q94177	-0.553826474811047
V6CLD5	-0.553826474811047
A0A3B1E8S8	-0.553826474811047
V6CJ04	-1.2943401043918
V6CK55	-1.2943401043918
Q94175	0.0389064651268174
V6CLH7	0.360378585406375
Q94176	0.360378585406375
Q5WRR4	0.196563953547843
Q18587	0.235047722679185
Q18586	-0.416346696462845
A8WFK8	-0.68480924295641
A0A4V0IK78	0.191555958332115
Q18585	0.191555958332115
A0A1T5HUM0	-2.54198545810035
Q18591	-2.54198545810035
Q9TZN1	0.64225925514988
Q9TZN2	0.232921852292832
O01907	-0.948830333529227
P91910	-0.948830333529227
Q7JQD4	-0.948830333529227
Q9TYG0	-0.948830333529227
Q95QZ6	0.240239972735804
U4PF73	-0.056566868040901
P34714	-0.056566868040901
G8JXY6	1.76106488208002
Q10920	1.76106488208002
Q95QR4	1.76106488208002
Q18599	1.14291754825654
Q18600	-0.254161567956906
Q8IG39	0.900900066234404
Q95QR5	0.431386838155244
Q95QR6	0.431386838155244
G5EGL9	0.326569920486086
Q18593	0.628403866978804
Q18595	-2.64385571369392
H2KY81	-2.64385571369392
Q18596	0.164945879902539
Q18597	-0.67906582470202
Q18598	-0.980231102413652
Q18602	0.119909905866006
Q18604	0.334003231504891
Q18605	0.910448928083309
Q18606	1.21448960307642
Q5R3S7	-1.06916210046894
Q18611	-0.115180324401796
Q18607	-0.303300654017872
P36608	-0.353471714918925
Q18608	-0.353471714918925
H2KYN0	-0.118835385264619
Q18610	-0.440140899720021
G8JY22	-0.440140899720021
Q8MQA5	-1.02839155550477
Q5TYJ7	0.466570382393591
Q18616	1.40910339229962
Q18612	-0.511129495513496
J7RNJ1	-0.124830150357888
J7SEY1	-0.124830150357888
J7SF86	-0.124830150357888
A4UVK2	-0.124830150357888
Q18614	-0.124830150357888
G5EBK8	-0.777586570000909
G5EGJ4	0.134523092977415
G5EG90	1.08287945730203
O45094	1.08287945730203
G5EG90	1.08287945730203
O45094	1.08287945730203
G5EGJ4	0.134523092977415
Q965G5	-0.0341054672955348
Q18621	-0.0469527089033082
H2KZB5	-2.65671211477863
O76788	-2.65671211477863
O76791	-2.65671211477863
O76794	-2.65671211477863
O76792	-2.65671211477863
G5EFI2	-2.65671211477863
A0A4V0IK48	-2.65671211477863
A0A0S4XR36	-0.228031000626601
O01808	-0.228031000626601
O01804	-3.53162365966528
O01806	-0.568146277205806
A6PVA1	-0.29645232444594
O01805	-0.0235971897065173
G5EFT9	-0.607958775370065
Q18625	-0.38497447491342
Q9GNP5	-0.38497447491342
G5EE33	-0.082116900659608
Q93373	0.335343176579923
G5EFP4	0.417590474089313
G5EE16	0.364862231329822
G5EEM6	-0.099429054779817
Q93372	-0.36435787468737
G5EE70	0.0761512626153033
G5EGD8	0.0761512626153033
A0A0K3ASL2	0.0761512626153033
A0A0K3AW79	0.0761512626153033
Q8MQA2	-0.392407460028694
Q18633	0.511653985484146
A0A3B1E3S9	0.420073544938612
Q18634	0.420073544938612
Q18631	0.398457215366263
Q18632	0.317288415956636
Q7JLG7	0.317288415956636
G5EFU0	0.23419940868728
Q9U3M1	0.23419940868728
Q18638	-0.526766539479789
Q18639	-0.276260062840113
A4UVK7	0.797797193372533
Q95YC7	-2.89439586378413
Q2WF65	-0.392646534162109
H2KYL4	-0.392646534162109
A0A4V0IKM8	-0.392646534162109
A0A4V0INF0	-0.392646534162109
A0A4V0IN81	-0.392646534162109
A0A4V6M3Y9	-0.392646534162109
A0A4V0IKB1	-0.392646534162109
A0A4V0IJ32	-0.392646534162109
A0A4V0ILI0	-0.392646534162109
A0A4V0ILX4	-0.392646534162109
A0A4V0IK93	-0.392646534162109
A0A4V0IK64	-0.392646534162109
A0A4V0IKP2	-0.392646534162109
Q95YD1	-0.0770125873261777
Q95YD2	0.785398089607113
Q95YD0	0.865354200912882
D4YW56	0.472951804067995
D4YW57	0.472951804067995
O44960	0.472951804067995
Q688B5	0.472951804067995
Q86PK4	0.472951804067995
Q86PK5	0.472951804067995
Q86PK6	0.472951804067995
A0A2C9C2W7	0.472951804067995
O44962	-1.72311703191347
Q18645	1.5629405608549
Q18642	-0.830916347439145
Q95QR2	-0.497811640792044
Q95QR3	-0.497811640792044
H2KZB8	-0.497811640792044
Q9GTH2	-0.497811640792044
O17666	0.379603142333235
O45303	0.632331569245042
O45877	0.632331569245042
G5EF84	0.342566787963759
U4PBZ2	-2.33532759138754
Q09282	-0.594484406341647
Q8MNU5	-1.62606781062998
Q09504	-0.145892281040226
Q09278	0.310459847472066
Q09279	-0.489112284291413
Q09506	-0.466588551088408
A0A0K3ARW0	-1.66012956772408
A0A0K3AVE3	-1.66012956772408
O44692	-1.66012956772408
P18834	-0.00964449722752024
Q18648	-0.00964449722752024
B2MZB1	-0.00964449722752024
Q18647	-1.07434902429696
Q18649	-1.30820686652695
G4S5K3	-1.30820686652695
Q18650	0.55236327186523
Q18653	-0.193448982611298
G5EC23	0.261681278132023
Q966P1	0.099393062923512
E7FM69	0.099393062923512
H2KZC0	-0.389370355965238
Q966P3	-0.628899492552117
G4S808	-0.0140651214796202
Q4R178	-0.0140651214796202
X5M5N0	-0.616483123882598
H2L282	-0.616483123882598
H2L283	-0.616483123882598
H2L284	-0.616483123882598
H2L285	-0.616483123882598
H2L286	-0.616483123882598
H2L288	-0.616483123882598
H2L289	-0.616483123882598
H2L290	-0.616483123882598
H2L291	-0.616483123882598
H2L292	-0.616483123882598
H2L293	-0.616483123882598
Q18657	-0.616483123882598
Q8I127	-0.616483123882598
X5LPT1	-0.616483123882598
X5LPT5	-0.616483123882598
X5LV40	-0.616483123882598
X5LV44	-0.616483123882598
X5LX64	-0.616483123882598
X5M5N6	-0.616483123882598
X5M8T1	-0.616483123882598
X5M8T5	-0.616483123882598
Q18655	-0.230765184954032
A0FLR2	-3.9948558763411
Q6DNF4	-0.599560147920787
Q9XTE0	-0.599560147920787
Q7YTQ6	0.315646234319851
O61206	-0.671404527115054
O44714	0.0851914333185567
Q23024	-1.84551267350625
Q23025	-1.84551267350625
Q58A93	-1.84551267350625
Q7JN54	-1.84551267350625
Q7JN55	-1.84551267350625
Q93380	-1.84551267350625
Q86DB5	0.0414102924756147
Q93379	0.0414102924756147
Q93381	0.538591488272381
Q93382	0.427312475273871
O62100	-0.239320710383333
Q93383	-0.239320710383333
Q7YX48	-0.558127712871559
O61736	2.11568028475024
B5B0J1	0.505626276138884
B8ZZ05	0.505626276138884
G5EFX1	0.505626276138884
A0A4V0ING4	-0.655201657693431
Q18660	-0.655201657693431
O17192	-2.20431494455815
O17190	-2.01263986375706
A0A5S9MPZ0	-0.334920608450336
O02142	-1.32533170057396
O02141	-0.903587084222055
V6CKH6	-1.696436549173
V6CLV0	-1.696436549173
V6CLU3	-1.696436549173
V6CLQ4	-1.696436549173
V6CJC7	-1.696436549173
V6CKI4	-1.696436549173
V6CLV6	-1.696436549173
V6CLU8	-1.696436549173
V6CLQ8	-1.696436549173
V6CJD2	-1.696436549173
V6CKJ1	-1.696436549173
V6CLW0	-1.696436549173
V6CLV2	-1.696436549173
V6CLR2	-1.696436549173
V6CLT8	-1.696436549173
V6CLP8	-1.696436549173
V6CJC4	-1.696436549173
H2KZA4	-1.696436549173
H2KZA3	-1.696436549173
Q9TY23	-1.696436549173
H2KZ44	0.248920845003271
Q7Z125	0.248920845003271
A0A0K3AR72	-0.364474373346899
A0A0K3ATM4	-0.364474373346899
A0A0K3AQN9	-0.364474373346899
A0A0K3AU72	-0.364474373346899
A0A0K3AWK6	-0.364474373346899
A0A0K3AR77	-0.364474373346899
A0A0K3ATM7	-0.364474373346899
G5EFZ9	-0.364474373346899
Q9GYJ1	-0.0523176399113709
H2KZ42	-1.10893737836084
H2KZ43	-1.10893737836084
H2KZ45	-1.10893737836084
H2KZ46	-1.10893737836084
H2KZ47	-1.10893737836084
O45049	-1.10893737836084
O45050	-1.10893737836084
O45051	-1.10893737836084
Q95Q62	-1.10893737836084
Q9GYJ3	2.10143412105099
Q9GYJ2	0.329654831810159
Q18661	-5.83129984825036
Q18662	0.195122815324958
A0A1C3NSM0	0.195122815324958
Q86DC0	0.195122815324958
G5EG58	-0.0124586396403064
O45307	0.258926801369768
C8JQS2	0.258926801369768
O45308	0.525925539109474
Q7JKL2	0.191175967264429
Q9U3L8	0.191175967264429
Q2EEN3	0.191175967264429
O62104	-0.0744700620437233
Q9U3L5	-0.906235300660771
P34690	0.320524669489239
Q17409	0.320524669489239
Q95QR1	0.320524669489239
O62102	0.413652427775838
O62106	-0.724131872437809
Q564Q1	-0.529469806902963
O62107	-0.529469806902963
O62108	0.103242701088805
O62109	0.103242701088805
O62103	0.562748024089199
Q9U3L4	-0.634750982531498
Q94178	0.466301223637004
Q7JNM3	0.466301223637004
Q8MTC7	0.466301223637004
A0A4V0IN98	0.200840734726758
A0A4V6M3V2	0.200840734726758
A0A4V0IKC5	0.200840734726758
A0A4V0IJ47	0.200840734726758
A0A4V0ILJ5	0.200840734726758
A0A4V0ILZ4	0.200840734726758
P24585	0.200840734726758
G5EEV2	-1.02656091729964
Q5CZ43	-1.02656091729964
Q6A4L2	-1.02656091729964
Q18668	0.845589702334586
Q18669	0.921924836007437
Q18665	-1.36436897735
P52709	-0.00079192199974612
Q86D21	-0.00079192199974612
G5EGS4	0.412777086387867
B7WN97	0.412777086387867
G5EBZ1	-1.35249413609433
Q22923	0.145095957322792
Q22922	0.032833122038077
Q18678	0.031626145825602
Q18683	-0.820316557276862
A0A061ACH9	0.0513687791197128
Q18679	0.0513687791197128
Q18680	0.134222836220906
Q86DB1	0.134222836220906
Q86DB2	0.134222836220906
Q86DB3	0.134222836220906
Q27481	-0.149034334703852
C1P636	-0.149034334703852
Q3S1J5	-0.149034334703852
Q8I4M2	0.589305928808747
Q18674	-0.5190707066297
Q18677	-0.65748572926922
Q18676	0.302661953864094
G5EBN3	0.687998425932634
Q18687	-0.284570392503656
D5MCS3	0.284077168087588
D5MCS4	0.284077168087588
D5MCS5	0.284077168087588
Q18691	0.284077168087588
Q18688	-0.395537497539023
Q18689	-1.48414188859891
Q18685	-2.07388826001722
G5EEE4	0.776863210309287
H2FLH7	0.776863210309287
H2FLH6	0.776863210309287
K8ESG9	0.776863210309287
Q7JLG5	-1.67431926146556
K8FDY5	-1.67431926146556
O62111	1.0566113037504
O62110	2.50962172428632
Q18694	-0.445152660458755
Q9NAQ9	0.342363741390101
Q18695	-1.09208579498511
A5Z2S4	-1.32365922569336
B2D6K9	-1.32365922569336
Q18696	-1.32365922569336
Q8MQA1	-1.22584143099987
W6RY76	-1.22584143099987
G5EG02	-1.22584143099987
Q18697	-0.779766749754138
W6RS06	-0.779766749754138
P34355	-0.412805555040719
P34364	0.710055079670464
P34365	0.599344700559784
Q7YX67	-0.375207619897652
P34356	0.094109127973041
P34357	-2.34063474275049
P34358	-0.313144360750405
C0P274	-0.313144360750405
O76287	-0.313144360750405
P34359	-0.313144360750405
P34360	1.38941766806088
P34361	0.215363362989542
P34362	0.446857259098462
C0P275	0.446857259098462
P34363	0.132216901607071
Q95ZM3	-0.761714940863975
O01513	0.481122786263412
O01512	-1.14565221852014
O01510	0.189862468168581
Q6BEW0	0.189862468168581
Q9U9U7	0.189862468168581
O01514	0.343608654339433
O01515	0.291267060582465
E9NQD8	-1.7877850414277
Q18701	-1.7877850414277
Q18700	-0.840648861828995
O02227	-1.24413542117451
Q2EEN7	-1.24413542117451
P42573	0.521088362819076
P45435	0.521088362819076
Q9GQQ4	0.521088362819076
Q9NAQ8	0.521088362819076
D3YT61	0.521088362819076
O02228	-0.811772723382918
Q9NL58	-0.811772723382918
A0A061ADP6	-1.36160480574704
A0A061ACF1	-1.36160480574704
A0A061AIU7	-1.36160480574704
A0A061AKK5	-1.36160480574704
B2MZB4	-0.897051163310772
P41829	-0.897051163310772
Q9GTI7	-0.897051163310772
Q9XYB6	-0.897051163310772
P28191	0.227865440306836
P45449	0.227865440306836
Q8MM81	0.227865440306836
Q9U3N7	0.227865440306836
O02082	0.553801484441166
Q9BIC4	-0.56988145978186
Q8IG69	-0.50921797481757
Q8IG67	0.947141276523634
Q8IG68	0.862032462001136
G5EBT7	0.975936640396525
Q8IG72	-1.40534855116501
G3MVE8	0.465199848551571
G5ECF0	0.465199848551571
G5ED02	0.465199848551571
G5EDQ3	0.465199848551571
G5EG71	0.465199848551571
G5EFI0	0.465199848551571
G5EBS9	0.465199848551571
G5EFE4	0.465199848551571
I7LFF0	0.465199848551571
I7J4D1	0.465199848551571
O45310	-0.569943784913354
O17670	0.462313033138417
Q564S5	0.462313033138417
O44155	0.329687467580131
Q86GU7	-1.41202402284905
O44154	-0.341404871909061
O44153	-1.27774520147367
O44152	-0.616634071312794
O44151	-2.03047146477714
O44150	0.233541279434649
O44148	-0.723240531274511
O44149	0.511828782447686
Q9BKP7	-0.207424848204247
Q9U3L3	-2.21024747556313
D4PHA0	-2.21024747556313
Q9XUF4	-0.735328166931212
Q9XUF1	0.0525346240756647
A0A0K3ARI2	0.335702736734195
U4PBX8	0.335702736734195
Q9XUF9	0.335702736734195
Q9XUG3	0.173503625785709
Q9XUF8	0.402546570461317
Q9XUF2	-0.860258324160503
Q9XUF7	0.884682361750299
D4PHA1	0.884682361750299
Q9XUF6	0.84231345262418
Q18706	-0.030136931323489
Q18704	4.99704345501277
Q27482	0.314895762822871
Q18705	0.399715210638164
U4PBF0	2.25247832104154
O17680	-1.22275820953102
O17679	0.692431224450596
O17683	-1.13735325591527
O17685	0.19416990733537
Q18710	0.235696679598323
Q18712	0.36309469723052
Q18709	0.0490421502536463
A0A168H3U5	0.698816459718404
O16222	0.698816459718404
B1GRK3	-0.737816352997053
A0A168H3Y9	-0.737816352997053
O16226	0.244466854489949
O16225	1.70409686659093
O16224	-1.03940324231108
B1GRK2	0.0180774946128124
A5PEW9	2.89745243917906
Q2L6K7	-0.309763545453226
Q9GYQ4	-0.309763545453226
W6RQY2	0.124793703732921
W6RY26	0.124793703732921
Q9GYQ7	0.124793703732921
P51403	-0.483312688467817
W6RRW5	-0.0461959865644612
Q9GYQ5	-0.0461959865644612
I2HAB0	-2.91637912374692
Q9GYQ6	-0.0195372967426536
Q9GYQ8	-0.408098723352341
W6RRU8	-0.717945338370826
W6RTE4	-0.717945338370826
W6SBC7	-0.717945338370826
Q9GYQ9	-0.717945338370826
H2KZD4	-1.07506887266517
Q95QQ9	-1.07506887266517
Q9GYR2	0.371198995612519
Q9GYR0	-1.59308689606595
U4PF13	-0.302829605349194
U4PBT4	-0.302829605349194
U4PC61	-0.302829605349194
U4PMK7	-0.302829605349194
O44139	-0.302829605349194
A5JYV4	-0.0057724603370182
O17687	0.223794438489534
H2L2E3	0.671587722763254
O17689	0.671587722763254
P91982	-0.670092857270713
P91983	-1.17412620362954
F5GUE4	-1.17412620362954
O17690	-1.49571920928514
Q18724	-0.768632615334629
G5ECJ5	0.784656839236806
Q18726	-0.105367487283482
Q18728	-1.28684343469848
G5EFR2	0.531619997295048
Q7YX43	-0.242321396792103
P34366	0.109093732120324
P34368	-2.03019584279203
P34369	0.0467944584540453
P34370	-1.02219230470616
P34371	-0.236874185314054
A9Z1J5	0.0895884093258545
P34372	0.0895884093258545
P34373	0.0895884093258545
P34374	0.0895884093258545
G4S4A1	0.0895884093258545
A0A0K3ARI6	0.437102598613456
O44799	0.437102598613456
Q4W501	0.595419695643047
O44798	-0.521207153050469
Q8ITY4	0.60619561296043
A0A0K3ATX0	-1.18796239080086
A0A0K3AQZ6	-1.18796239080086
Q8ITY7	-1.18796239080086
Q86S40	0.609303576374002
Q8ITY5	0.906493042145153
A0A0K3AUJ4	0.906493042145153
Q8ITY6	0.836292695247962
H8P172	-1.98162860656545
A3QMA2	-1.98162860656545
Q965H3	-1.98162860656545
H8P173	-1.98162860656545
Q22924	0.402356032947096
Q22926	0.402356032947096
Q22925	-0.259491424242525
P91176	-0.335380961110955
P91175	0.500742648439603
P91177	0.388496702495655
Q95Q60	0.937027237558338
P91180	0.937027237558338
P91181	0.90686712078435
P91182	0.428852110468942
Q18739	-1.29275035045821
G5EFM0	0.0755715348015543
Q18746	-1.24371651317623
Q27485	0.109202828597707
Q18747	0.137080363002049
Q968A5	0.137080363002049
D6R8W5	0.137080363002049
Q95ZW9	0.760690153379399
Q18741	0.275105205256729
Q27484	0.912511255078436
Q18742	0.434269201717362
O02619	-0.0581503764590587
P62784	-0.0581503764590587
Q7JNV2	-0.0581503764590587
Q18743	1.39110533641005
Q18744	0.502577004388603
Q7YXG8	-2.4808596929445
Q18758	-1.43248041294965
P53589	0.942391366916669
Q18751	1.03841769751154
W6RXR9	0.276516416736114
Q18750	0.276516416736114
O16481	-0.499044896193411
O16482	0.227825098784182
L8EC40	-0.979602569490504
G5EG04	-0.979602569490504
G5ED91	0.891600800478471
G5EDX4	-0.565062016340701
Q18760	-0.565062016340701
G5ECK0	-0.290921962754853
Q18761	-0.290921962754853
G3MVG9	-0.290921962754853
Q7YTP7	-1.82561802510852
E7EM35	-1.82561802510852
E1B6U0	-1.82561802510852
Q18766	-1.34992981592189
Q18767	0.250655744969191
Q18771	0.0789564684142362
E9P883	-0.314488697133227
G5ECN9	-0.314488697133227
Q18772	-0.314488697133227
Q8MQ99	0.560386044717777
G3MU39	0.560386044717777
Q9XXK4	-0.596342472545823
Q95YC4	-1.01027336528445
Q95YC3	-3.33481277265075
Q09514	0.572638626459253
G5EC55	-0.805541243003328
Q0PJA9	-0.805541243003328
G5EDY4	-0.805541243003328
Q09EF4	-0.805541243003328
G5EGP5	-0.805541243003328
G5ECF9	-0.805541243003328
G1K0W4	-0.805541243003328
G1K0W3	-0.805541243003328
G1K0W2	-0.805541243003328
G5ECZ8	-0.805541243003328
G5EC95	-0.805541243003328
Q18776	-0.551742448373631
Q18773	0.521498916511631
Q22942	-0.173611660067084
Q2XN11	-0.173611660067084
Q8WQC1	-2.31597105550372
Q8IFX7	-0.383061655479207
A0A4V0IJZ6	-1.59605193950457
A0A4V0IK77	0.189315022583422
H2KYZ5	-0.874387758135987
Q8IFX8	-0.874387758135987
Q22938	-0.12514001252203
Q22940	0.757307918106336
Q56VS1	0.757307918106336
Q22943	-0.541354053043758
Q22944	0.0976026725405324
O45873	0.0499291650440238
A3QM96	0.262647824071102
A3QM97	0.201414861274301
G5EGD5	1.68291421198586
Q8WSZ7	1.68291421198586
G5EFA9	-0.368714835883609
G5EEX4	0.11399095289631
Q8WSZ7	0.11399095289631
G5ECY4	-2.8734099310627
A0A5K1ICF1	0.12614112323861
Q18782	0.12614112323861
P23678	-0.207635071427761
Q8MQ97	-0.207635071427761
Q8MQ98	-0.207635071427761
Q18779	-0.0197657968526891
Q18780	0.0700687315467163
Q8IG38	1.38216815020693
Q95Y49	-1.20592362278272
Q9N4L1	-0.421876766363609
Q95Y47	1.21990788545902
P25807	0.622661529157513
Q18783	0.622661529157513
D6R8W7	0.0325837192970624
Q18785	0.0325837192970624
G3MU38	0.0325837192970624
Q18786	-0.241349353257602
Q18787	-0.187454309010111
E1B6T6	-0.679597177515946
Q18788	-0.679597177515946
G5EBX3	0.0839308174117183
Q18793	-3.51954613517898
Q7YX50	1.60815199499293
O44538	1.22201703988041
O17694	-0.725120244903831
O62118	-1.00266426896259
D5MCT9	-1.00266426896259
C8JQS3	1.31875423956522
L8E6M1	1.31875423956522
A8WHT1	-0.0304490236327927
C8JQS4	-0.932441182841502
O17695	-0.581644053508617
O17697	-0.179860731901212
D5MCU0	-0.179860731901212
D5MCU1	-0.371238785185287
O17698	-0.371238785185287
A0A9J5I4G4	-0.371238785185287
A0A9J5DGE9	-0.371238785185287
O17700	0.595532651902641
Q18797	0.464837164652681
Q5WRP6	-0.638557922522603
A5JYS5	-0.638557922522603
X5LQ14	-0.638557922522603
X5LXA1	-0.638557922522603
A0A486WVD0	-0.638557922522603
A0A486WWK3	-0.638557922522603
A0A486WXK7	-0.638557922522603
A0A486WTK6	-0.638557922522603
A0A486WX00	-0.638557922522603
Q18798	-0.638557922522603
Q7JM28	-0.638557922522603
X5M5W6	-0.309921340779975
Q18800	-0.309921340779975
Q18801	-0.505986597858479
Q067Y3	-0.505986597858479
Q067Y4	-0.505986597858479
Q067Y5	-0.505986597858479
Q1H8X5	-0.505986597858479
Q1H8X6	-0.505986597858479
Q8T8N2	-0.505986597858479
Q8T8N3	-0.505986597858479
Q18806	-0.194162886843028
H2KZE4	-0.921407993497954
H2KZE3	-0.921407993497954
A8WFK2	-0.921407993497954
H2KZE2	-0.921407993497954
Q18803	-0.472818537364361
Q17376	-0.154861320463748
Q18807	-0.154861320463748
P91185	-0.57463034055144
P91184	-1.50120494003026
Q27GT0	-0.115498161480955
A0A4V0IKQ8	-0.115498161480955
Q9XXU4	-0.295371834891702
Q6EUU1	-0.295371834891702
Q09936	-0.0460559756067029
H2KZE7	-2.19026921857434
Q86GI9	-2.19026921857434
Q7JPF0	-2.19026921857434
A0A4V0INI0	-2.19026921857434
H2KZE8	-2.19026921857434
Q6YGZ6	-2.19026921857434
H2KZF2	-0.151425804311254
Q8IAB7	-0.151425804311254
H2KZF0	-0.151425804311254
H2KZF1	-0.151425804311254
Q9N5V7	-0.809822420422798
V6CJ73	-1.32841131309514
V6CKB8	-1.32841131309514
Q9N5V6	-1.32841131309514
V6CLP3	-1.32841131309514
V6CLN7	-1.32841131309514
V6CLJ4	-1.32841131309514
V6CLP9	0.216388250424796
Q9N5V4	0.216388250424796
Q9N5V3	-0.805218427776489
Q565A7	-0.26440241354931
G5EBY8	-1.13557477682256
Q18812	-0.489866256623315
X5LXA5	0.779069047749483
Q18810	0.779069047749483
Q18809	0.714517877996687
Q18813	-0.697440579556362
P91914	-0.0653069346511147
O01826	-0.37072399442745
G4S9I6	0.516592080376447
Q2A956	0.516592080376447
Q09938	-0.655286224768817
A0A131MC86	-0.521798543408845
A0A131MCZ4	-0.521798543408845
A0A131MBD2	-0.521798543408845
Q09930	-0.61528982021808
Q18817	-1.21636633930259
Q18819	0.362871846407195
Q86D25	-0.31026717043722
Q564Y9	3.6721385845738
Q18824	-0.846408802967515
Q18821	0.799052414362241
A0A1C3NSK8	-0.580398169548114
Q8WQL8	-0.580398169548114
A0A4V0IIP8	-0.580398169548114
A0A4V0INB3	-0.580398169548114
Q18820	-0.580398169548114
Q18822	-1.20754988330232
Q18823	-0.749075115820775
Q18825	-0.68681922281903
Q8MQ96	0.766694006441635
G5ECX9	0.511290634265045
G5EBJ3	-1.56434497006551
A5JYT8	-0.0671029964412194
B6EU63	0.405491267824015
J7SEY3	0.405491267824015
Q18827	0.858934302481825
Q18828	-1.35328724339717
B6EU64	0.604209972634307
J7RNJ4	1.41428610392591
Q18826	1.41428610392591
Q18829	0.0721049920008474
Q18838	-1.00310829525781
A0A4V0IJ66	-0.122940140405599
Q7Z002	-1.16660151860061
Q7Z003	-1.16660151860061
Q7YZR6	-1.16660151860061
A0A0K3ASP4	-1.16660151860061
G5EBS2	-1.16660151860061
O45313	-0.27135734293146
D5MCU2	-0.27135734293146
O45315	-3.85725877503732
O45316	0.264914026324325
U4PS12	0.42610441713371
O44466	-1.01186399570325
U4PLP4	-1.01186399570325
O44468	-1.92752655762813
Q65CM4	-1.92752655762813
Q6DNF3	-1.92752655762813
O44469	-2.51311686139259
Q65CM5	0.351954956942318
O16452	-2.65576227576636
Q71VC7	-2.65576227576636
Q8T5S0	-2.65576227576636
O16453	-1.20802903177239
L8E959	0.671695402478006
L8E700	0.042337577958482
A0A2C9C3H6	-0.78685746086098
O16447	-1.50912250014446
Q18841	-0.0487627998865637
F5GUC6	-0.00588903926593053
Q18843	-0.00588903926593053
M1ZJU4	-0.196309354844418
Q18844	-0.196309354844418
Q8I4M0	-0.196309354844418
Q18846	-0.642440743965664
Q1ZXU3	-0.642440743965664
A0A2K5ATN2	-0.642440743965664
A0A2K5ATM0	-0.642440743965664
Q18849	0.392377934278271
Q18850	0.11818188972364
Q18851	0.883884703296605
Q18852	0.0627542070154034
Q18853	0.24225838377173
Q18854	-1.47928127467068
A0A2C9C346	-0.76505779743758
A0A2C9C2U6	-0.76505779743758
A0A2C9C2X0	-0.76505779743758
O44981	-1.20247623897837
Q18858	-1.38097625362922
G5EC53	-0.607573095450869
H2KZ94	0.157953915934628
A0A4V0ILL1	0.157953915934628
A0A4V0IM10	0.157953915934628
A0A4V0IKC9	0.157953915934628
A0A4V0IK92	0.157953915934628
A0A4V0IKS1	0.157953915934628
A0A4V0INJ5	0.157953915934628
A0A4V0IND1	0.157953915934628
D7SFK4	0.157953915934628
Q18859	-0.00844735820964437
Q86GI2	0.30609003109027
G5EE38	0.30609003109027
Q18861	0.0989282626555985
Q18862	1.01759283388898
O18006	0.405804701161886
Q18864	0.405804701161886
O17712	-0.828518574996067
G5EG82	0.106408997839021
O17719	1.17760360847102
Q8WQF9	0.498057629367943
E9P885	0.498057629367943
A0A486WVH5	0.498057629367943
Q7YX68	0.419314572468306
Q5FC47	0.723394536622878
N1NVC0	0.723394536622878
E9P886	-0.118109306961955
O17720	-0.118109306961955
P90778	1.47505472537384
P90779	-2.96053182291287
P90780	-1.2228443514375
O17721	-0.495698424283114
P90781	-0.500403542594074
P90783	-1.01175737533304
H2KZG4	-0.331196721226904
Q65ZG2	-0.331196721226904
P91189	0.0872447736847176
Q27376	-1.41136666208678
Q966L9	-1.41136666208678
Q966M0	0.0121664683788576
Q962C0	-0.925920104557322
Q9NDH7	-0.925920104557322
Q8IAB6	1.88379090289175
H2KZG6	1.88379090289175
Q966M4	0.320398145811125
A0A2K5ATL0	-0.838600843873545
G5EED0	-0.838600843873545
P90972	0.85897421517336
Q966M6	0.85897421517336
A0A131MCJ5	0.76334264172189
Q966M5	0.76334264172189
H2KZG9	-0.0728054756591942
Q18869	0.091368692185648
Q18867	-0.414973070497254
Q7JNV5	-0.616055491810718
Q95QQ5	-0.616055491810718
Q95QQ4	-0.616055491810718
Q9GYQ2	0.208527481776865
Q18873	-0.26319413197628
Q9BIG4	-0.26319413197628
Q18878	-0.171568479101163
E3W741	-0.171568479101163
E3W742	-2.62518336167279
K8F7R9	-2.62518336167279
Q18876	-2.62518336167279
D0FY26	-2.62518336167279
B5U8M8	-0.31790668977601
Q18875	-0.31790668977601
Q18877	0.754443791269148
D7SFN6	-0.113312407098079
D9N138	-0.113312407098079
D9N139	-0.113312407098079
Q18874	-0.113312407098079
A0A486WVK8	-0.113312407098079
A0A486WWU3	-0.113312407098079
E1B6T3	0.248314609919117
E1B6T4	0.248314609919117
G3MU34	0.248314609919117
Q18879	0.248314609919117
H2L2D3	-0.699225731380554
O45318	-0.699225731380554
Q18891	0.26694959582252
Q18888	-0.965165661570137
Q18892	0.297732991514559
Q95QQ1	-0.369903222729784
B2MZA7	-0.369903222729784
Q18886	-0.91870783597823
Q18883	0.392424060192195
B2MZA6	0.491858330794417
Q95QQ2	0.491858330794417
Q95QQ3	0.491858330794417
Q18885	-0.51132211260033
Q18887	-0.0548090267267428
Q18895	-0.0435921775706756
H2KZ08	0.213060030543934
G1K0V0	0.213060030543934
G5EEX1	-2.59241081633272
B3WFU1	-2.59241081633272
B3WFU2	-2.59241081633272
D7SFK1	-0.492205629260956
Q18898	0.448510888939957
Q65ZJ1	-0.453434803158477
H2KZH5	-0.453434803158477
Q18902	-0.299954019180258
A0A2K5ATU1	-0.478083906676548
A0A2K5ATV3	-0.478083906676548
A0A2K5ATU5	-0.478083906676548
Q09285	-0.478083906676548
Q09286	-0.478083906676548
Q09518	0.70236756849927
Q09288	-1.18342530348615
C1P622	0.548718925098164
Q09517	0.548718925098164
S6FCZ1	0.548718925098164
A0A2K5ATW5	-0.397830768132748
Q09289	-0.397830768132748
Q8MNU2	0.260299257684392
Q18904	-3.22676675549052
G8JY12	-3.22676675549052
Q09510	0.0245062052605362
A0A0K3AU43	-0.954575466980387
A0A0K3AR87	-0.954575466980387
Q09292	-0.954575466980387
G5EGN6	-0.46060465353411
G5EEG7	-1.34921991941904
Q966L7	-0.339931353419317
H2KZH6	-0.339931353419317
A3KFE1	0.348632271867414
Q4R133	1.00480376763764
G5EG18	-0.217997554594614
O44159	0.865478811922236
O44158	0.173692424850883
O44156	0.35700507531821
A9D699	0.107819759458462
O44161	0.107819759458462
O61192	2.43673905344245
P53585	-0.480222501843525
Q18910	0.159735807856699
Q18909	-0.906485017758075
Q18913	-0.0255760369268509
Q18911	-1.4604806155026
G5EC89	0.917646141554142
H2KZB4	-0.109544383045081
Q6EZH2	-0.109544383045081
Q7Z1N9	-0.109544383045081
O01868	-0.599164398255504
A0A9S6	-0.522847227683858
O01875	-0.522847227683858
O01876	0.130273833503785
A0A2K5ATL9	0.0550076894218603
A0A2K5ATL2	0.0550076894218603
A0A2K5ATN7	0.0550076894218603
Q9TXQ9	-1.44443188339194
Q4W529	-0.75197916704047
O01872	-1.99566242545166
O01871	0.304533429090452
O01870	0.655447242552333
H2KZB3	0.655447242552333
O01869	-0.463211525426021
O01864	-0.329201508186667
Q9TXQ8	0.296485515132993
A0A131MB92	-0.437016768059514
A0A131MBB2	-0.437016768059514
Q18916	-0.437016768059514
P52016	0.999950052091945
Q95QQ0	0.999950052091945
Q18914	-1.80913968921231
H2KYR5	-1.80913968921231
Q18915	-0.715107036548071
Q18917	0.360702428569488
Q18924	-1.20033661064707
A0A2X0RE13	-0.933055233000456
Q18923	-0.855562775402723
A0A486WXT8	0.325790205268059
Q18921	0.325790205268059
Q18922	-0.117287905355718
Q18918	1.03181304210826
Q18919	0.650723383683319
Q18931	-0.372884156679231
B1Q233	-0.372884156679231
Q18925	-0.38610371255406
Q18926	-0.362950416785467
Q18929	0.272674658255276
Q18930	0.037080836507609
Q8MQ92	0.037080836507609
H2KZI9	0.037080836507609
Q18932	-1.8545051141085
O62124	1.42734339730845
Q564S7	1.16590624958908
O62122	-0.805754730544103
O62123	1.50114131378831
G5ECP8	0.134948982300024
G5ECP8	0.814417461398465
Q8MQ91	-0.0438169660865664
G5ECN6	0.489712045632983
G5ECN6	0.502614705250503
Q9TYS1	0.117316332056663
Q9TYS4	0.476354164529483
Q9TYS3	0.213065508068627
G5EFC1	-0.240278873336873
I7F493	-0.240278873336873
G5EDW9	0.529585625691076
P41949	0.301537314909108
P41950	-0.891355055676314
D7SFI8	-0.891355055676314
Q8TA75	-0.891355055676314
Q95QP5	-0.891355055676314
Q95QP6	-0.891355055676314
P41951	0.317468596658781
Q95QP7	0.317468596658781
P41954	-0.530626782846582
Q95QP8	-0.962871170396534
P84199	-1.47324125650306
C6KRJ2	-0.610235887274588
I7KSC2	-0.610235887274588
Q18937	-0.610235887274588
C1P629	-0.610235887274588
Q18933	-2.7870425873825
Q18934	-1.3141732868141
Q18935	-0.677412929509211
D3YT19	-0.405757184374652
Q18936	-0.405757184374652
Q18938	-0.444330788609782
Q18940	-0.663386652636116
Q7YX64	-1.15387598566819
Q18948	0.506011430098867
Q18953	1.12192661219045
B5U8M4	1.12192661219045
Q18942	0.973653662634524
G5EEL2	0.0801672068400315
G5ECP2	0.0801672068400315
B3WFV6	0.407826254446065
E1B6S9	0.407826254446065
E5QCH0	-0.785205096303191
Q27488	0.440198510694785
J7RNI7	0.0573436102295129
Q18949	0.0573436102295129
Q18945	0.0528186381910758
Q18946	-3.06005122746902
Q564Z7	0.316350191120562
Q564Z6	0.316350191120562
H9G2X4	0.316350191120562
H9G2X7	0.316350191120562
H9G2X5	0.316350191120562
H9G2X6	0.316350191120562
Q18951	0.316350191120562
Q9XVV1	0.316350191120562
Q8I4L9	0.316350191120562
A0A131MCH9	0.0834230702243389
A0A131MD93	0.0834230702243389
A0A131MBM4	0.0834230702243389
O44789	-0.364014151330062
A0A0K3AWU9	0.356189625790214
O44788	0.356189625790214
Q6A586	0.126976814379653
A0A0K3ARJ1	0.126976814379653
A0A0K3ATT8	-3.0873998329785
O44791	-3.0873998329785
A0A4V0IL59	0.238843804934099
A0A3P6PB21	-0.219406228427634
A0A3P6MYD2	-0.219406228427634
A0A5E4LWC2	-0.219406228427634
O17322	-0.219406228427634
Q18955	-0.644278488252892
Q18957	-1.01201510036777
Q18959	2.78583209211332
A5Z2T6	-0.329501473195425
G5EFC4	0.546993471054598
Q9U3L0	-0.900413676366752
O17726	-1.01726203882139
Q5FC38	0.341187100026497
Q5FC37	0.341187100026497
B5U8P0	0.341187100026497
A5JYW7	-0.381863602221222
B5U8P1	-1.05788272366069
O17727	-1.05788272366069
A0A3P6PAX1	2.37089554748442
O17724	0.0525005024026678
E1B6V2	0.0525005024026678
O17728	-0.849363352205999
Q7YX57	-0.0190490042063083
E1B6V3	-0.0190490042063083
Q93412	-0.889091396053128
Q93409	-1.04522330937074
Q93408	0.516590725646837
Q93410	-0.612639693174722
Q93413	-0.0677242099945073
Q93411	-0.607889605060868
B3WFW4	-0.223020486280709
P34375	0.345940249544006
A0A1C3NSP3	-0.00430122563742639
A0A1C3NSI2	-0.00430122563742639
A0A1C3NSM2	-0.00430122563742639
P34376	-0.00430122563742639
P34378	0.533554648460318
P34379	-0.525987065915903
Q18969	0.0370468884728711
O62126	0.0828043580661476
Q18964	0.179823653029859
Q18963	0.759413345147866
Q18965	-0.0787272188752016
Q18966	-0.56497071615329
Q18967	-0.0294445231443335
Q18968	0.498540877414112
Q5FC80	0.498540877414112
Q09512	-0.152056244005929
A0A131MBT2	-1.6724893646028
A0A131MCP7	-1.6724893646028
H2KYE9	-0.282888423917601
Q7Z127	-0.282888423917601
Q1W0S0	-0.355898399278291
H2KYE8	-0.355898399278291
G5EGM5	-0.635457337065535
G5EBI9	-0.635457337065535
Q2L6U6	-0.635457337065535
D1MN82	-0.635457337065535
H2L2E4	-0.770492768464172
O17732	-0.770492768464172
P90785	-1.63728429578652
E0AHC8	-1.63728429578652
O17731	1.42641813051393
O17730	-0.847275494541706
O17735	-0.0840312356383965
Q18974	0.286031943282469
P49191	0.241759341492284
Q8MQ90	0.839835154405139
H2KYI0	0.839835154405139
P34685	-0.0337810096134551
Q18973	1.00704576396202
P90787	0.533261207523241
G5ECE1	-0.0581208754255339
G5EEU3	-0.0581208754255339
Q8MQ89	0.24718590156735
Q7YTQ0	0.601928136553667
P90788	-0.0270726110550629
Q7YTG7	-0.0270726110550629
P90790	0.074503945995614
P90789	-1.32819671415644
G5EEG4	0.967165064462377
P90786	0.461133664845233
P90792	0.353533305882328
P90793	1.27198607490265
C6KRL4	-1.02509111282736
S6FN32	-1.02509111282736
S6FWQ6	-1.02509111282736
P90794	-1.02509111282736
Q9U3K9	-1.02509111282736
B2D6K7	-0.15348345623514
G5ED29	-0.15348345623514
Q5FC83	-0.15348345623514
D4PH96	-0.15348345623514
Q18983	-0.0859389991406531
Q17389	-0.41786998503733
Q18985	-0.41786998503733
Q18988	-0.167974070507688
Q18986	-1.12596754545481
Q18989	-0.406033415931496
Q4W520	-0.433392373436984
Q9UAT1	-2.65287740489985
H2KZJ5	-0.992528513730122
Q6EZG4	-0.992528513730122
Q18990	-0.0463930007359904
Q18991	4.54156642080983
Q18994	0.448645774387508
O17736	0.0447050952563025
Q18992	0.0447050952563025
G5ECF5	-0.167891633574921
H9G2Q2	-0.167891633574921
H9G2Q3	-0.167891633574921
H9G2Q8	-0.167891633574921
H9G2Q6	-0.167891633574921
G5EGJ0	-0.167891633574921
H9G2Q4	-0.167891633574921
H9G2Q5	-0.167891633574921
A0A1I6CM55	-0.167891633574921
A0A1I6CM80	-0.167891633574921
A0A1I6CM66	-0.167891633574921
H9G2Q7	-0.167891633574921
G5EG57	-0.167891633574921
Q18993	-2.07468886250438
Q18995	-0.117751618240706
O01159	-0.147310422354496
P90797	-0.147310422354496
Q8STE7	-0.147310422354496
Q18998	-0.51615341090113
Q18999	-0.711511132560371
Q8T3E6	-0.711511132560371
Q19000	-1.56758430496328
A0A1X7RBQ6	-0.734880686023778
A0A8D7ZEX2	-1.88153174916859
A0A8D7ZET0	-1.88153174916859
H2KZJ6	-1.88153174916859
E9P851	-1.88153174916859
P91198	0.408451657644804
P91197	1.70793773103602
P91194	-0.109261539079483
P91193	-1.0346997418981
X5LX78	0.110908189203919
Q19012	0.110908189203919
Q19010	1.34640675641268
Q19011	-0.00820301325069334
Q86ME1	-2.94555623920783
H2KZJ7	-0.0575033787665108
Q4TTA9	-0.0575033787665108
Q19004	0.658298912300733
X5M5R6	-0.833074149534809
G5EF65	-0.833074149534809
Q19002	0.201656417490488
Q19005	-0.871719159806045
H2KZJ8	-1.39271120821846
X5M8W1	-1.39271120821846
Q19006	-1.39271120821846
X5LV67	-1.39271120821846
Q19007	0.00963091424094779
Q19009	0.381597997377395
H2KZJ9	0.145755241356404
Q5ZR27	0.145755241356404
A0A0K3ASC7	0.145755241356404
A0A0K3AUS0	0.145755241356404
A0A0K3ARW6	0.145755241356404
A0A0K3AVE8	0.145755241356404
A0A0K3AXP2	0.145755241356404
Q9UAW2	-0.863375914366584
H2KZK0	2.86541147303454
Q965F6	2.86541147303454
B1GRL5	0.632629500857975
A0A0S4XRA9	-2.06623445527702
A0A0S4XRH7	-2.06623445527702
Q19013	-2.06623445527702
Q19014	-0.618277101288598
Q19015	-0.450637026558996
G5EDP5	-0.783643482682234
Q19016	-0.783643482682234
G5EFC6	-0.783643482682234
Q8I4L8	-0.783643482682234
O45319	0.3476128456454
O62127	-0.513666281400595
Q21443	-0.513666281400595
O45320	-0.935765156417944
Q95QP3	-0.406232579646319
O45321	-0.406232579646319
O45322	0.423050934196012
O45323	0.474495602275916
G5EFD9	0.411074188418574
G5EGC1	-0.78614578303138
A9CZN9	-0.137221194961295
Q966L2	-0.137221194961295
B1V898	0.135748513267069
Q86S87	0.780365378311733
Q966L5	0.780365378311733
Q27886	0.395814971862754
Q6F3D0	0.395814971862754
Q966L6	0.256677465047578
A0A8S4SQK1	1.32616098008501
Q966L4	1.32616098008501
Q966L3	-0.00465785777248034
Q966L1	0.398914751443032
G5EBW2	0.632184011784293
Q9U3K8	0.558263039129379
Q8I0P7	-1.27951281911246
U4PM84	-1.27951281911246
U4PRI1	-1.27951281911246
U4PEM9	-1.27951281911246
U4PBF4	-1.27951281911246
B7FAS9	-1.27951281911246
B7FAT0	-1.27951281911246
G5EG24	-1.27951281911246
Q9BH44	-1.27951281911246
U4PBS8	-1.27951281911246
A0A168H1X0	-0.978136419952156
A0A164D380	-0.978136419952156
H2L2J4	0.354818970514906
O02237	0.354818970514906
B7WNA5	0.354818970514906
H2L2J5	-0.342413078028704
H2L2J6	-0.342413078028704
O02238	-0.342413078028704
O17740	-0.203264931516009
Q19021	0.710106159976343
Q19022	-0.642773807902978
G5EC03	-0.207669300948632
P90980	-0.85415637514284
P90981	-0.85415637514284
Q19024	-0.85415637514284
Q8MQ87	-0.85415637514284
Q8MQ88	-0.85415637514284
G8JY36	-0.85415637514284
A0A4V6M3D7	-0.85415637514284
A0A4V0IKF6	-0.85415637514284
Q95QP2	-0.240537285564702
O01021	-0.905823980854761
O02489	-0.905823980854761
Q93425	-0.905823980854761
H2L2E7	-0.074176100281888
H2L2E6	-0.074176100281888
P90802	-0.074176100281888
A0A2C9C3L3	-0.074176100281888
A0A2C9C2Z8	-0.074176100281888
A0A2C9C351	-0.074176100281888
Q8I4L7	-0.486060820441761
Q19034	-9.78073337284976
Q65ZI4	-0.473956422387717
Q65ZI5	-0.536172632371141
P28052	-0.92283070570214
Q19029	-0.92283070570214
Q19030	-3.90189954261891
H2KZK2	-2.05268038036095
H2KZK3	-2.05268038036095
Q8MXD9	0.353395671976062
Q9TYV7	0.458210141375205
Q09522	-0.555900911029509
Q09523	0.791782661652806
Q09524	0.257014657617386
Q09525	-0.852370056787173
Q09526	1.28655760902229
Q09527	1.37974297053932
Q09528	-0.476613340953282
Q8T3C7	-0.476613340953282
Q7YX52	-0.989369937568485
Q19038	0.746998061518269
A0A3B1DQL6	0.746998061518269
A0A3B1E9Z7	0.746998061518269
A0A3B1DR12	-1.51432963753642
A0A3B1E657	-1.51432963753642
A0A3B1E4Y4	-1.51432963753642
A0A3B1E026	-1.51432963753642
G5EDB2	-1.51432963753642
G5EGK0	-1.51432963753642
Q19040	-0.933622454075209
Q19041	0.454563817781496
B3GWB3	0.554290040029022
A0A679L8K1	0.553187475733824
Q688A5	1.18323917634785
H2KZK8	1.18323917634785
A8WJ04	-0.17222951258328
Q9TZ99	-0.17222951258328
Q19046	0.694372123102569
G5ECI9	-0.400295239310458
Q0MRC5	-0.400295239310458
P42173	-0.400295239310458
O44540	-1.42761140286756
H2KZL2	-2.50829017269185
Q95X67	-2.50829017269185
O17329	-0.290136456946871
Q19048	-1.83060306300904
G5EFQ9	-0.597065952448685
O02132	-1.65865016256579
O17741	-0.949301026785326
O17742	1.03494950680549
O44475	-0.573140138950381
O44476	0.652889957878085
Q688B7	0.652889957878085
U4PR60	0.652889957878085
O44477	-0.751652311551115
O44478	1.37988864558327
O44479	-0.469260303351244
P19974	-0.469260303351244
O44480	-0.503458503399939
Q19052	0.0903633052718568
Q95ZW6	0.0903633052718568
Q19055	0.456268625484107
G5ECJ2	2.6467615256093
G5EEJ8	2.6467615256093
Q7YX46	0.698363545442717
Q19065	0.664741080208906
Q7KKH7	0.378877657076307
Q9BMK9	0.378877657076307
A0A0K3ATX5	0.378877657076307
A0A0K3AR01	0.378877657076307
A0A0K3AUJ7	0.378877657076307
A0A0K3AWV4	0.378877657076307
A0A0K3ARJ6	0.378877657076307
A0A0K3ATY0	0.378877657076307
A0A0K3AR06	0.378877657076307
Q95QN9	-0.338810552227062
Q19060	0.49601530375429
Q19058	-0.470581254214447
Q19056	-0.488440069426113
Q19057	-0.545086857068883
Q19059	-0.244760714516703
Q19062	-0.484314487930266
Q19063	0.159051996557076
Q19064	-0.0696564299333612
Q09293	-0.222079482779192
Q9BMU5	-0.222079482779192
Q09299	-0.0411470223296378
Q2V4U6	-0.0411470223296378
Q7JPI7	-0.0411470223296378
Q8IG36	-0.0411470223296378
Q09301	0.0715459943751137
Q19068	0.737303688656924
Q19069	-1.40566299493393
Q95QN5	-0.772772140957047
Q95QN6	-1.25037021803298
Q09529	-1.92493686015012
Q09294	0.191796498071213
Q09295	0.426695873005315
Q09530	-0.303456481115255
Q09296	-2.06657805588125
Q09511	0.157309622447278
Q95QN7	0.157309622447278
Q09297	0.107915444320472
Q09298	-0.725964576950646
G5EGM1	0.0578706219860559
A0A2C9C338	1.14855057220199
A0A2C9C3C8	1.14855057220199
Q19075	0.44697975969878
Q19076	-1.69956143850003
Q19077	-1.56026351623007
Q19078	-1.39582548577031
P91200	-1.89745752516596
P91201	-0.256109420770097
Q8ITZ9	0.32174751103785
D5MCT5	7.76885891844268
O17756	7.76885891844268
O17757	-0.0738259800443654
O17754	0.162848536480876
Q95QN4	-0.0616893959286834
O17753	-0.0616893959286834
B3GWD3	-2.12853893851877
O02240	-2.12853893851877
P09088	-2.12853893851877
Q7YTQ4	-2.12853893851877
A0A2C9C378	-2.12853893851877
G5EF21	-0.0200672421917384
Q9XVB1	-0.45832978330413
Q9XVB4	-1.48155379337042
Q9XVA9	0.0999097216225829
Q9XVA8	0.488398474369002
Q9XVA6	-2.2620376171763
Q19082	0.157575268788199
H8W3X8	-0.381662687295096
Q5WRR7	-0.257071543288428
Q19083	-1.86402208295209
Q19084	-1.01987688500063
Q3S1M1	-1.01987688500063
Q7Z290	-1.01987688500063
Q95QN0	-0.165849777062382
Q8I7L2	-0.165849777062382
H2KZ29	-0.165849777062382
Q8TA65	-0.401545414220316
Q65ZJ9	-0.401545414220316
Q19089	-0.401545414220316
Q19090	0.68797774671726
P46563	0.2698938765466
Q95QN1	-2.12902735856695
Q19093	0.655103820362774
Q19091	0.363957588867025
Q19088	-0.205257658507756
Q19086	0.0703881238934114
P46562	-0.193548770135226
Q95QN2	-0.221779965203472
P46550	-0.245122790579245
G8JY43	-0.245122790579245
A0A2K5ATU7	0.397772852887825
Q19087	0.397772852887825
O17759	-0.165579039917733
O17768	-3.13787304707781
O17761	-1.19802537422371
A0A061AKU6	-1.59693805023918
O17762	-1.59693805023918
O17764	1.12334385123997
O17766	-0.599217422834471
F5GUE5	-0.414718179316324
G5EEP2	-0.414718179316324
H2KZM3	-0.795969214610619
Q19096	-0.795969214610619
P17140	-0.304987073511093
G5EF53	-0.106738401722643
A0A061AD09	-0.134637500602149
Q19102	-0.134637500602149
Q19103	0.691563068713969
I2HAE5	-0.0715011796201644
Q19104	-0.0715011796201644
Q93438	0.580140923013119
P40614	-0.877689253074621
G5ECU3	-0.877689253074621
P34380	-0.919001671854239
P34381	-0.919001671854239
P34385	-0.663730746408096
P34382	1.37919374196141
P34383	2.4618250472703
P34384	-1.39652692909924
P13508	-0.0277295956600947
Q4EVY2	-1.29519851006291
Q19107	-1.5755750134684
Q19108	-2.69318938568134
Q19109	0.042001360855698
Q19110	-0.486537472601589
O17624	-1.73746861924489
O17625	-1.73746861924489
Q27491	-1.73746861924489
Q9TVN5	-1.73746861924489
G5EGI5	-0.414859676595744
Q19119	-0.947663698825243
G5EC96	-0.398856005264738
Q7YX51	-0.235228910345767
G4S102	-1.45696776461774
O16571	-1.45696776461774
G4S105	-0.354617342418117
G4S100	-0.354617342418117
A0A5S9MRT4	-0.354617342418117
G4S101	-0.354617342418117
Q19126	-0.631763433918366
Q19125	-3.20842368842953
Q7JNX1	-3.20842368842953
Q19123	-0.602497831503503
Q19124	-0.529166837530325
Q19127	0.175744183201919
O01314	1.65062181912485
Q95QM9	-0.315539678940733
Q564V0	-0.315539678940733
A5Z2V7	-0.315539678940733
P92186	-0.514896783512717
Q9U3K6	-0.514896783512717
A5JYW9	0.312915204945569
O01319	0.312915204945569
A5Z2V8	-0.047989553656169
O17769	-0.047989553656169
O01320	0.689288035807134
Q9U3K7	0.700731304019126
G5ECW7	0.700731304019126
Q19128	0.148813073424168
Q8WR46	0.148813073424168
Q8T3E5	0.148813073424168
Q8MQ86	0.148813073424168
O62133	1.16894246657997
C6KRP5	1.16894246657997
C6KRP6	1.16894246657997
A0A061ADY3	1.16894246657997
M1ZJZ0	1.16894246657997
M1ZJU1	1.16894246657997
Q19130	0.0300458733118921
Q95QM8	0.0300458733118921
Q19131	0.560764235606342
I2HA92	-0.0895348065435212
Q19132	-0.0895348065435212
Q19133	0.229162111286167
G5EGK6	-0.271392765684838
E1B6R6	-0.271392765684838
G5EBT0	-0.271392765684838
G5ED50	-0.271392765684838
G5EDA4	-0.271392765684838
G5EEE3	-0.271392765684838
Q8I124	-0.271392765684838
O62136	0.781296093601777
Q19139	0.781296093601777
Q19140	0.308372571294099
Q19137	0.804544560164213
Q19136	-0.711770644209267
B3WFV3	-0.467885873110809
P10567	-0.467885873110809
Q93214	-0.467885873110809
Q93439	-0.467885873110809
G5EBM4	1.39101132136003
G3MU35	1.39101132136003
Q965Y9	0.832579411182381
G5EEP1	-1.23712091331813
M1ZMI4	1.46655487005111
Q9GYH4	1.46655487005111
Q19155	-2.71230020485149
Q19147	-0.185904403880005
Q19148	0.521664478414018
Q5DX34	-0.126787034786753
Q19151	-0.408849555450113
Q19154	-0.0705338811691055
P91207	0.174337413755495
H9G2V0	-1.50637772577771
H9G2V1	-1.50637772577771
Q19157	-1.50637772577771
Q19159	1.25106857977527
Q19158	-1.19108696096926
G5ECW4	0.113975248927712
A0A061ACE0	0.113975248927712
A0A061AIT4	0.113975248927712
A0A061AKJ3	0.113975248927712
G5EGL0	0.113975248927712
G5ECS7	0.113975248927712
Q8I093	0.113975248927712
G5ECX1	0.113975248927712
Q19162	-0.526438645573048
P81283	-0.0778228920022626
Q19165	-0.0778228920022626
Q21257	-0.0778228920022626
Q9TZZ5	-0.0778228920022626
P91222	1.82728901979522
P91223	-0.333818751527497
P91228	3.00488631627804
Q09303	0.695519614586313
Q09531	-0.346809862731106
G5EGQ9	-0.433992096575734
Q8WQF8	-0.202159667561064
Q8WQF7	-0.841205864976108
Q19168	0.589062336034944
Q19169	-2.67103620783041
Q19174	1.00366666628198
Q95QM7	-1.07377478114486
Q19185	0.68765113700163
Q19181	-0.41790753487052
Q19175	-2.17542937042885
G5ECM0	-0.58192926357826
G5EEU0	-0.58192926357826
G5ECI3	-0.58192926357826
G5EDA9	-0.58192926357826
K7STE9	-0.58192926357826
V6CLK4	-0.58192926357826
V6CLJ1	-0.58192926357826
G5EBM2	-0.58192926357826
G5EGU5	-0.58192926357826
Q8I4G5	-0.58192926357826
Q8I4G4	-0.58192926357826
G5EFG6	-1.07431556028531
D3YT65	-1.07431556028531
N1NSF4	-1.07431556028531
O62140	0.20566721597026
Q2L6T9	0.20566721597026
Q7JK62	0.20566721597026
O62137	-0.528387698927788
O62138	-0.849989811816325
O62139	-1.45907366683333
G5EDX9	1.01872001448885
A0A2C9C380	-0.279040689035928
A0A2C9C3G0	-0.279040689035928
Q10038	-0.279040689035928
Q8IG35	-0.279040689035928
Q8ST18	-0.279040689035928
Q8ST19	-0.279040689035928
A0A2C9C318	-0.279040689035928
A0A2C9C2Y5	-0.279040689035928
Q19187	-0.356658566938234
Q19188	0.282962691470636
Q19189	-0.955083043671305
G5ECD1	-1.19544933116617
G5EDJ1	-1.19544933116617
Q565B7	-1.19544933116617
B2MZB8	-1.19544933116617
H9G2R6	-1.19544933116617
H9G2R3	-1.19544933116617
H9G2R4	-1.19544933116617
H9G2R7	-1.19544933116617
H9G2R9	0.44542730324575
B6VQ74	0.44542730324575
H9G2R1	0.44542730324575
H9G2R5	0.44542730324575
H9G2S0	0.44542730324575
Q19191	0.44542730324575
H9G2R0	0.44542730324575
H9G2R2	0.44542730324575
H9G2R8	0.44542730324575
H2KZC8	1.03236058934272
B7WN63	1.03236058934272
X5M8R9	1.0389160551558
Q19194	1.0389160551558
X5M5L3	1.0389160551558
H2KZC7	1.0389160551558
Q19195	-0.765082044187824
Q19196	0.960683052852364
Q19197	0.859145087667532
Q966W3	0.859145087667532
Q966W4	0.859145087667532
Q966W5	0.859145087667532
Q966W6	0.859145087667532
P90815	1.59701849518351
Q9TYS7	0.921933660119069
G5ECT6	-0.185144186582481
Q9TYS8	0.306721187571963
P37806	-0.586818274224693
Q6EZG6	-0.586818274224693
Q9TYS6	-0.586818274224693
Q6LD30	-0.586818274224693
Q19204	1.44108759477043
Q8IU50	1.44108759477043
Q7Z291	1.44108759477043
Q7Z292	1.44108759477043
P49583	-0.439031582826147
Q3HKC4	-0.439031582826147
G5EFV8	-0.885017727904265
G5EFV9	-0.885017727904265
G8JY63	0.532277330131041
Q19200	0.532277330131041
Q19199	1.29332881083334
Q19202	-2.24391395947556
Q19203	0.0451510484235176
Q8MUP9	0.0451510484235176
P91240	-0.138119147419613
P91233	0.535661278922452
P91237	-0.261693002977525
P91230	-0.314503934063359
P91232	0.464335048713942
Q9XXP4	-0.0136576267746366
F3NWW5	-0.0333089232377736
H2KZN3	-0.0333089232377736
H2KZN4	-0.0333089232377736
O17390	-0.263696989112291
A0A4V0IJ83	1.26182198155977
O17386	2.02357227249888
O17387	0.569713674254869
O17388	-0.813148467963584
O17389	0.382031387752616
G4SCI7	0.192292388524269
Q22951	0.192292388524269
Q8I7H1	-0.562619645906684
Q22949	-0.137019841342407
G8JY39	-0.137019841342407
Q22947	0.419678725992739
Q9N2M4	0.419678725992739
Q22945	-1.29423456416948
Q22946	-0.48827450539182
Q27531	2.28694733992386
Q19208	0.582489787120631
Q19209	0.582489787120631
Q95ZV8	0.0210773476437847
H2KZP4	0.0210773476437847
Q19207	0.863166189752811
H2KZP1	0.990615440403502
Q9GV91	0.990615440403502
G5EEE6	0.990615440403502
Q19206	-0.227979149667573
Q19208	0.582489787120631
Q19209	0.582489787120631
Q95ZW2	-0.471120782735786
Q95ZW1	-0.024006015895639
H2KZP3	-0.562673562102246
Q95ZV9	-0.562673562102246
H2KZP2	-0.562673562102246
Q19210	-0.0824995082617541
Q9BMT8	-0.978131881148012
Q9U3K5	-0.978131881148012
Q19211	0.976518219386931
Q19212	-0.422234830172298
Q19213	-1.03508097085216
Q19214	-1.0511055657867
Q19216	-0.829090577398637
O02656	-1.22118257814353
P04255	-1.22118257814353
Q9XVA4	-0.0145770703010679
Q9XVA3	3.19889086278023
Q9XVA2	1.4295363209726
Q9XVA0	-0.163039486204187
Q19220	-0.129789036450613
D4PH99	-0.129789036450613
A0A061ADZ9	-0.129789036450613
Q19219	-1.16806584011898
Q7JLR4	-1.16806584011898
A0A061AJ82	-1.16806584011898
A0A061AKW6	-1.16806584011898
Q19218	-0.836217495101209
A0A061ACT8	-0.338110171402253
Q19222	-0.338110171402253
Q19223	-4.11873294197565
Q19232	-0.175238614464425
Q19227	0.854396149280757
N1NV13	0.600723424455991
Q19228	0.600723424455991
Q19229	1.09028984105101
Q19230	-1.3816217510014
Q19226	1.57631755966289
G5EDN7	0.365156634614033
A0A4V0ILN4	-1.38499708138479
Q19238	-1.38499708138479
D2YW06	-1.92962309747167
D2YW07	-1.92962309747167
F5GUA6	-1.3987883180435
Q8MQ84	-1.3987883180435
G5ECT9	-1.3987883180435
Q19237	-1.3987883180435
Q7JLW3	-1.3987883180435
Q8MQ85	-1.3987883180435
A3FPK9	0.532403741411211
Q9U3K3	-0.84841302198444
Q9U3K4	-0.84841302198444
O62144	0.142741579860704
O62146	0.202729157611716
Q9NLA1	-0.381865798355048
E0AHE1	-0.9502677374612
A0A0K3AWB0	-1.26259302774351
Q19239	-1.26259302774351
O77133	-0.627489745164229
Q95QM5	-0.627489745164229
Q19240	-0.627489745164229
O76766	-0.156197751385144
P48583	-0.156197751385144
G5EE90	0.84916886538115
Q7YX44	-0.251192874523635
A0A8D7ZEM7	0.367487181120049
Q10052	0.367487181120049
O17772	-0.296639645335709
O17773	-1.49807997660754
Q9NAQ7	-0.662096824633243
O45327	-0.828627637249917
F5GUF4	0.591555686945901
F5GUF3	0.591555686945901
Q564U8	-0.11788662853109
Q564U6	-0.42898244730711
O45329	0.146967287415547
K8ESH8	0.0106314212274601
G5EE21	-1.22756427950737
O01300	0.239835832983881
O01299	-1.15561531257542
O44787	0.550550226678114
O44471	0.597303774001446
Q19246	0.35279586999284
H2KZI2	-0.0889414488109151
A0A078BPG0	-0.0889414488109151
Q19253	-1.83371776027336
Q8MQ82	-1.83371776027336
A7VJC8	0.515093571674289
Q19266	0.515093571674289
Q19259	-0.774797005271606
Q19261	1.48778609666046
Q19263	-0.068554261421936
Q8MPP7	-1.68769937985053
A0A0K3AUJ9	-0.972084447694362
H2KZL7	-0.972084447694362
Q8IG31	-0.972084447694362
Q8IG32	-0.739216765543965
Q8IG33	0.260442779134931
Q19265	0.177817785144667
Q19264	-0.91925566181322
Q19262	0.134193234141648
Q19257	-0.550777415597774
P52057	0.624125290952219
A7LPH5	0.133793541216629
Q19267	0.133793541216629
A0A061AKP2	0.859596732906248
Q19272	0.859596732906248
Q9NB29	0.859596732906248
Q93444	0.882283325711407
C6KRN0	0.454746276789572
O02278	0.454746276789572
Q19273	0.454746276789572
Q27218	0.454746276789572
Q7YTR0	0.454753919121744
O17776	-0.87526441538375
G5EG54	-0.932204907756365
Q19280	-0.431406775624774
G8JY79	-0.380915908334639
B6EU49	-0.380915908334639
P53014	-0.380915908334639
Q27492	-0.408772125110005
Q19278	0.0847818753095581
Q8MNT7	0.0847818753095581
H2KZJ0	-0.137476462093171
Q19275	-0.137476462093171
Q19276	-0.661449170251496
Q8MNT8	0.0909221178930005
Q8MNT9	0.0909221178930005
Q19279	0.111946351096909
A5HU92	-0.727715725609405
Q19281	1.78568578065951
Q19284	-0.882855410369581
A5HU93	-1.19216715975673
A0A2C9C3B4	-2.27869847799862
A0A2C9C392	-2.27869847799862
A0A2C9C3J1	-2.27869847799862
O17407	-0.6550807505555
O17403	0.115955526044603
O17402	0.7065248028618
G4RZL0	0.142457323835359
G8JY27	0.142457323835359
O17405	0.142457323835359
O17406	-0.0841479024468315
Q4PJ11	0.310050281620139
P34387	-0.763767348771109
Q9NCF7	-0.763767348771109
P34388	-0.152265166087467
Q8MNT6	-0.152265166087467
P34389	-0.108217634026365
Q8MYQ6	-0.108217634026365
P34390	0.553400986244821
P34392	0.154329645417481
P34393	-0.547721980837314
Q8MNT5	-0.547721980837314
P34394	-0.0959041646722005
Q56VS0	-0.0959041646722005
A7LPJ5	-0.317241481619732
O45335	-2.54839366421386
Q8I4L6	-0.34739226021459
O45337	-1.36863911839188
Q09533	-0.444544507870853
Q09305	0.960540712118638
Q09306	-0.451555052362007
Q9UB22	-0.451555052362007
Q09535	0.303908412239935
G5EG38	0.584538347069123
G5EE53	-2.01917787244911
Q9U3K2	0.278587305364798
Q7YX41	2.12522464724148
Q19289	-0.566450965960171
Q19290	-0.566450965960171
Q21063	-0.566450965960171
Q19291	1.75956784245838
M1Z854	0.111851801340307
Q19286	0.111851801340307
Q21064	0.111851801340307
Q95QM2	0.111851801340307
H2KYU8	0.0218200130554654
G4S1A4	-0.876516881313035
A0A078BPH9	-0.876516881313035
P34705	-0.268121358956436
G5EDY7	-0.646693031845391
P90829	0.277167993332599
P90830	0.242068694702851
P90831	0.639078879110474
Q19294	-1.96684103831536
Q19293	0.535119983371943
A0A5S9MQ46	0.684032879470864
P31161	0.89609413969774
O17777	-0.155515796367731
H9G2Z8	-1.60220876760513
H9G2Z9	-1.60220876760513
O16919	-0.487792960950325
O16922	-4.69620365694331
Q8IA78	-0.767745681420637
H2KZP8	-0.767745681420637
O16913	-0.612215182765469
O16915	-2.66943207513654
A0A131MBU2	-1.97551989972048
O16917	-1.97551989972048
G5EGH6	-0.443276984705114
Q19295	1.16292745934686
A0A1X7RBS1	1.60266804211911
A0A3B1E675	-1.6191954436533
Q19296	-0.657897875608036
Q19297	-0.419354705746472
Q8MQ80	-0.377558314938603
Q7JP65	-0.377558314938603
Q7JP67	-0.377558314938603
Q7JP66	-0.377558314938603
Q19306	-0.88381422699921
Q19307	-0.097672007917522
Q19305	-0.903098909311471
Q19302	-0.169330660198608
Q19303	0.363830695219485
P49180	-0.961667093781817
A0A1D3PCL0	0.0939324207718293
A0A1D3PD01	0.0939324207718293
Q19300	0.0939324207718293
Q19301	-0.79368462262269
P34395	-0.222858933200591
Q95QL5	-0.505803964718589
Q95QL6	0.00135900345162877
Q95QL4	1.06781572566432
P34397	0.988724983074157
P34398	-0.0628605900800054
P34399	-1.79783005471219
P34386	-0.364262971110922
P34400	-0.364262971110922
P34403	-0.364262971110922
Q7JQ80	-0.364262971110922
Q8WT53	-0.364262971110922
P34401	-0.833529170341621
P34402	-0.517625326133378
A0A5S9MNR4	0.166138520631622
K8ESP0	0.166138520631622
Q19317	0.166138520631622
Q20061	0.166138520631622
Q19311	-1.50915202950202
Q19310	1.54229688287259
Q19312	0.426369467053553
K8F812	0.591604607352776
Q22957	0.532823887404204
Q22956	0.68001543503224
Q22955	-1.26687135822125
Q22960	-0.0353652955540918
Q19329	0.00770192447134001
A0A5S9MML0	0.51268550142459
Q86NH9	-0.672450175015024
Q19328	-0.354224403479064
Q19326	0.291841466426567
Q19325	-0.532322579871609
Q19323	-1.15087061324505
Q1W0R3	-1.15087061324505
Q19324	-0.863629778820364
Q8I7L0	0.434202761918472
H2KZP9	0.434202761918472
Q93453	0.429034596657172
Q93454	0.0998236187401853
G5EGU2	-0.39859830859907
G5EEU5	-0.39859830859907
P36609	-0.0164324984932265
Q93459	0.35557537644559
Q93456	0.0288534499977338
G5EE23	-0.815063629764874
G5EG76	-0.815063629764874
Q6A1T5	0.967216000645243
Q93458	0.967216000645243
G5EBZ6	-0.590011289622213
G5EFF5	-0.590011289622213
G5EG55	-0.590011289622213
Q2XN07	-0.590011289622213
A0A6V7QYS9	-0.590011289622213
A0A6V7QZA2	-0.590011289622213
A0A6V7QZ48	-0.590011289622213
P54816	-0.519212773266217
A7LPG7	-0.519212773266217
A7LPG8	-0.519212773266217
Q21337	-0.519212773266217
Q3YFF5	-0.519212773266217
Q19335	-0.554492017691216
D3YT24	1.06132852304044
Q19336	1.06132852304044
G5EBK9	0.424217963620887
Q19338	0.424217963620887
Q21561	0.424217963620887
Q19337	-0.191878047717535
Q9U3K1	-0.447016486283345
E1B6R9	-0.447016486283345
Q95QL3	-0.00902581586481644
Q7YTG9	0.747669669628121
Q19339	-0.376133892328719
G5EFF9	0.00877620558089677
G5EG28	0.00877620558089677
G5EBR3	-2.21875462396889
O17795	-6.89341522473482
O17783	-1.71813357317926
O17785	-1.30730672235816
O17797	-1.25797793745821
O17798	-1.25797793745821
Q17325	-1.25797793745821
G3MU63	1.40187265058924
A0A1T5HUI2	1.40187265058924
A5HBK5	0.0901061376442245
O62149	0.0901061376442245
Q19342	-0.255380096224906
G5EGN4	-2.53058388674703
Q19343	-1.89342994313447
Q19344	0.0446309952583968
Q19347	-0.339242147139689
S6EZK7	-0.545032293433807
Q19346	-0.545032293433807
Q19345	-0.306650629342664
Q7JMA3	-0.306650629342664
Q9NJ95	-0.306650629342664
Q9NJ96	-0.306650629342664
Q9NJ97	-0.306650629342664
G1K0W7	0.755604891677643
G1K0W6	0.755604891677643
A7LPG4	0.755604891677643
O02243	-0.941787275456178
G5EGP1	-0.85838932267318
Q6RSA2	-0.85838932267318
O02244	-0.456233912317016
P02566	-0.456233912317016
G4S6G6	-2.63218739632582
Q19351	-2.63218739632582
Q19349	-1.34541204131229
Q19348	0.212411370234841
Q8MQ79	0.212411370234841
Q19350	-0.250267038250837
O45346	-0.496496708529296
Q8MQ78	-1.55586176212603
Q27GT9	-0.30655291035149
Q95ZV5	-0.30655291035149
H2KZQ0	-0.30655291035149
Q95ZV6	-0.458871810540656
Q95ZV7	-0.458871810540656
G5ECR8	-0.132146854053744
G5EEA6	-0.132146854053744
G5EFK0	-0.132146854053744
Q8MQ76	-0.132146854053744
Q7YTP6	-1.7376450915426
A0A0K3AS20	-1.7376450915426
Q5WRM9	0.722865162460391
N1NSD4	0.722865162460391
Q9U3J8	0.573945840641044
Q9XVQ9	-0.0684764832288464
Q9U3J7	-1.11254645960587
Q9XVR0	1.27212869262384
Q9XVQ7	0.431621042247805
C0P284	0.431621042247805
F1LIN3	0.431621042247805
Q8MQ75	1.12960666875191
G5EC99	-0.86948329165438
H2FLI9	-0.86948329165438
O45348	0.893266666683131
G5ED35	-1.63005161646995
P91254	-2.07671545078901
P91253	-1.75649618767575
P91252	-2.27515986929359
P91245	-0.0372126638448252
P91243	-0.00597518427391273
Q19360	-1.06888500364353
A0A3P6NNS2	-0.370835455733717
A0A3P6MY79	-0.370835455733717
Q19358	-0.370835455733717
H2KYI3	-0.0064082280884098
Q7JP75	-0.0064082280884098
B3WFT6	-2.1224060422714
Q09980	-1.24334015863681
Q09949	1.22304122524919
B3WFT5	1.55429882354261
X5LXB2	0.250673405548089
G4SD95	0.250673405548089
Q1RS86	0.250673405548089
X5M917	0.446690071823962
H2KZQ1	0.446690071823962
H2KZQ3	0.446690071823962
G5EBI8	-0.0987500767564165
Q2V079	1.2739699317599
Q2V078	1.17285636134722
H2KZQ7	-0.165384438100543
Q5WRQ6	-0.165384438100543
H2KZQ6	-0.165384438100543
P91256	-0.165384438100543
G5EE62	0.0854338778277474
A0A061AKX1	0.808258674535963
A4F1W7	0.808258674535963
O01704	0.808258674535963
Q9U3J6	0.808258674535963
Q19370	0.402130925171765
D3YT53	0.402130925171765
D3YT54	0.402130925171765
A0A061ACU6	0.402130925171765
Q19371	-0.115672792356608
Q19366	0.215881558320779
O16895	-0.363018633579656
O45351	0.755061196824916
Q7YTN9	-0.00968182123978137
G5ECN0	-0.701475311752356
O17801	-0.554467855211032
O17802	-0.554467855211032
Q19373	-0.554467855211032
Q5I9W1	-0.554467855211032
Q7JMF4	-0.554467855211032
Q7JMF5	-0.554467855211032
Q86DA5	-0.554467855211032
Q5I9W0	-0.554467855211032
A0A0K3ART9	-0.554467855211032
A0A0K3AX54	-0.554467855211032
Q5I9V9	-0.554467855211032
G5ECE5	-0.0663318253066145
P50880	-0.0663318253066145
Q19375	-0.0533358459219719
Q19376	0.70057081027162
Q19377	-0.227771132711616
Q19374	-0.227585761499832
G5EFY8	-0.673868535447623
K8ESG0	-0.766826299847216
O44481	0.1918649796943
O44482	-2.71509418977678
O44483	-0.819846418118513
H2KZQ9	0.279288287192823
A0A4V0IM30	0.279288287192823
A0A4V0IKE4	0.279288287192823
A0A4V0IKA6	0.279288287192823
Q95ZV3	0.279288287192823
H2KZQ8	0.279288287192823
Q19385	1.79738857635514
G5EFD2	0.327096767203392
Q19379	1.01330073422783
Q6AHP8	0.0541927015459832
O76564	0.148023100724313
O76561	0.0473074884230291
O76562	0.0138893440516891
H2KZR2	0.0138893440516891
O76565	-0.11648297331651
O76566	-1.05604439492346
H2KZR3	-1.05604439492346
Q19390	-0.50102835621168
Q19389	-0.342837836009753
Q9XYD3	-0.342837836009753
Q27GU0	-0.342837836009753
Q19388	-0.882526104664705
Q19391	-0.583937045868467
A0A2C9C2U3	-0.788949298835992
Q8I4L5	-0.788949298835992
A0A2C9C320	-0.556473016046579
Q27888	-0.556473016046579
Q19395	-0.52137422324754
P52713	-0.450280008077999
Q7JMI1	-0.450280008077999
P52715	-0.601183185313948
P17343	-0.677033215920178
Q19394	-0.677033215920178
Q968T1	-0.677033215920178
D1MN68	-0.677033215920178
Q9XVX4	-0.299729482673451
A0A8S4SS59	0.210640352878308
K8ERZ6	0.210640352878308
K8ESF0	-0.856637342504367
K8F7Z5	-0.856637342504367
P55326	-0.40927520655158
Q19405	-0.40927520655158
G5EC85	-0.243020592856004
A0A131MDG3	0.907668886091459
A0A131MBT4	0.907668886091459
Q19404	-0.80378508801329
Q19403	-0.894782722628372
G5EFE1	-1.00715071070778
Q6T5A2	-1.00715071070778
K8F807	-0.0482933714206489
K8ERZ3	-1.23224697254375
K8ESG8	-1.23224697254375
Q8MYQ5	-0.0736044622047506
Q1NZ26	-1.07099753316725
A1Z6D0	-1.3300492557001
Q19406	5.57853862782927
D3YT85	-0.0951017655604882
D3YT86	-0.0951017655604882
O62159	-0.0951017655604882
Q19418	0.2299138924373
B2D6L9	-0.253903291109397
G5ECM7	-0.253903291109397
G5ECC1	-0.253903291109397
Q95QL2	0.379238414065626
Q7YX39	0.123824668916798
Q19419	-0.591566313263793
B3WFV0	-4.75000434401781
Q19417	-4.75000434401781
Q19416	-0.649570321358283
A5A8G3	0.517083892781604
A5A8G4	0.517083892781604
A5JYT5	0.517083892781604
Q19420	0.517083892781604
Q19421	-0.491623909776006
Q19422	-0.831813690538664
Q5FC59	-0.831813690538664
Q27295	0.612278790900205
P90835	0.375966600290908
Q19424	-1.14884737218937
B3GWC0	0.14332965172903
Q19427	0.14332965172903
Q9GPZ5	0.14332965172903
Q0G831	-1.31882660294356
A0A061ADY8	-1.31882660294356
Q19425	-1.31882660294356
Q8T3E2	-1.31882660294356
A5JYS7	-0.222542719754486
Q0G829	-0.222542719754486
Q0G830	-0.222542719754486
Q19426	-0.222542719754486
O45359	0.476976895703623
Q8T3E3	-0.155426890731075
Q1ZXU7	-1.03170328954209
D3YT28	-1.03170328954209
A0FLR4	-1.49958205000331
A9D4E4	-0.349096229555715
H2KZR6	-0.349096229555715
O16351	-3.50371356379021
Q07085	-3.50371356379021
O16353	-0.342967412864786
H2KZ31	-0.62517981149004
Q65ZJ8	-0.62517981149004
G5EFB4	-1.03750156126429
Q9BI98	-1.03750156126429
G5ECZ9	-1.03750156126429
Q95QL1	1.35218174499084
Q19433	-1.30128088145157
Q19430	-0.430237679679887
G4S428	1.19092691658499
Q19429	1.19092691658499
Q19436	-0.101872928378755
Q19437	-0.444132495160901
Q19434	0.0776926171454612
G5EFK8	-1.73632248939721
Q19440	-1.59410661291304
Q6BET1	-1.59410661291304
Q27493	0.469552931134121
O62161	0.27648770720063
O62162	-0.858319483022053
Q9U3J4	-0.858319483022053
O62160	0.161599641867204
O62163	0.290179623336548
O62165	0.371775749079657
G5EDU2	-1.27478382038499
G5ECB7	-1.27478382038499
Q19443	-1.17061195015284
Q19441	-1.37873509852455
A8WFH7	-0.542472096609605
H2KYT4	-0.542472096609605
Q3HKC5	-0.542472096609605
Q19446	0.225533596533941
Q95QL0	-0.343880060412595
C6KRG5	-0.54406973055864
P50464	-0.489118112673591
Q8MQ74	-0.769393332745439
H2KZ92	-0.769393332745439
A0A3B1E3V6	-0.769393332745439
A0A3B1E532	-0.769393332745439
A0A3B1E8U1	-0.769393332745439
A0A3B1DQJ7	-0.769393332745439
A0A3B1E553	-0.769393332745439
A0A3B1E8U8	-0.769393332745439
A0A3B1DQN5	-0.769393332745439
A0A3B1DVR7	-0.769393332745439
A0A3B1E057	-0.769393332745439
A0A3B1DVV1	-0.769393332745439
A0A3B1E3Y0	-0.769393332745439
A0A3B1E9Z8	-0.769393332745439
A0A3B1E520	-0.769393332745439
A0A3B1DR76	-0.769393332745439
Q27433	-0.769393332745439
G5EDS5	-2.00387965227805
Q7JP62	-1.14295744106407
Q7JP61	-1.14295744106407
O44810	0.84339739815565
O44803	-0.0083772883856156
Q8MXH8	0.382285332928898
H2KZR8	-0.245315803912901
Q6A585	-0.245315803912901
Q7KPU6	1.33283321343975
Q6A584	0.409127066438876
G4SDS9	-0.959769027878752
O44805	-1.19645970290479
H2KZR7	-1.19645970290479
O44804	0.0584751710406354
Q7YX37	3.55031682604205
A4UVK9	0.00121906158324112
Q19453	-0.344681279484088
E0AHC0	-0.344681279484088
L8E6P0	-0.344681279484088
E0AHB9	-0.344681279484088
Q19451	3.93112123492079
Q19450	0.761149218997844
Q19459	-0.278602785074863
Q6BEU4	-0.278602785074863
Q19461	0.736127289090768
Q19462	-1.45823992169126
G5EC00	0.149415803684997
G5EDK3	0.149415803684997
Q19464	0.149415803684997
G5ECD2	0.149415803684997
Q8I4L4	0.149415803684997
Q8I4L3	0.149415803684997
Q8I4L2	0.149415803684997
Q8I4L1	0.149415803684997
Q19465	-0.423128953096132
G5EDS1	-0.886790748492108
G5EE71	-0.886790748492108
Q17356	-0.886790748492108
Q95ZV2	-0.886790748492108
Q17360	-0.886790748492108
Q19467	0.563149545918147
Q19468	-0.0546948659270002
A6ZJ57	1.37883600546387
O62169	0.712876943209166
G5EE72	-0.593626363969123
O17805	-0.254836697596192
O17807	-4.46613630231468
Q9GUC5	5.07635005056368
Q9GUC7	-1.36235929726238
Q9GUC8	-1.30650721563551
Q9GUC9	-3.1324975668317
Q9GUC4	-2.8980645912844
Q4R138	-0.78582487640134
Q966K5	0.896357912863203
Q2AAC7	-0.401049427473005
Q9NB31	-0.401049427473005
O45365	-0.165423458018344
O45370	-0.332741186842739
O45367	-0.498177989641371
B2D6P3	0.208088174318362
G1K0Y0	0.208088174318362
Q93485	0.208088174318362
Q93482	-0.128829841313693
Q93484	-1.55178576281774
A8WI01	-0.922365550846224
G5EDP3	0.415375482054783
A3FPL0	-0.968775164589396
Q19469	-0.968775164589396
Q9BMN6	-0.968775164589396
Q9U3J3	-0.805241566296912
Q9U3J2	0.479725544526897
O17817	0.349514606718204
O17814	-1.08401765356667
O17815	0.895680555467765
Q86ME4	-0.258516339082199
Q86ME5	-0.258516339082199
Q86ME6	-0.258516339082199
O02147	-0.755094766618584
A0A1C3NSL8	-0.755094766618584
O44166	-0.807406277566897
Q336L5	-0.807406277566897
V6CIX1	0.338976992772654
G5EDI8	0.338976992772654
V6CK19	0.253166248825274
O44167	0.253166248825274
Q19478	-0.92577106126957
I2HA81	-0.957451873859259
A5Z2T9	-0.957451873859259
B5U8N0	-3.71619990684203
Q19480	-3.71619990684203
Q19479	0.271004791210573
E1B6T7	-0.677823972016598
E1B6T8	-0.677823972016598
E1B6T9	-0.677823972016598
A0A3B1E507	-0.677823972016598
Q19481	0.550131222483953
A0A0K3AUS4	-0.599479158809212
A0A0K3ARX2	-0.599479158809212
G5EDK5	-0.599479158809212
Q9XVU5	1.19601362698309
Q7YXD2	0.284075793807207
G5EFF4	-0.292166527958787
Q7JNU7	-0.292166527958787
G5EC78	-0.367785279599353
G5EFF7	-0.367785279599353
G5EG66	-0.367785279599353
V6CL65	-0.129298799887438
V6CIR0	-0.129298799887438
V6CJD7	-0.129298799887438
V6CKJ6	-0.129298799887438
V6CLW7	-0.129298799887438
V6CLV8	-0.129298799887438
V6CLR8	-0.129298799887438
V6CJE3	-0.129298799887438
Q9TW65	-0.129298799887438
Q9TYG9	-0.129298799887438
Q9U3H3	-0.129298799887438
O62173	-0.370584674438733
Q9XVQ2	-0.616366148825754
G5EF07	-1.77660354732789
Q93510	-0.411195103388917
Q93511	-0.135691335393706
Q93512	-0.42258820116498
Q93513	1.55091425479578
Q7YX32	-0.279632002371957
G5EBF3	-2.79814468033645
M1ZJ62	-0.238245043259814
M1ZMJ3	-0.238245043259814
G5EET8	-2.70838808037912
G5EBF3	0.436140526994226
Q4R130	-0.670915004750398
O44497	0.193483992935915
I2HA93	0.193483992935915
G5ECT2	-1.14801297058693
O61198	-1.09602472977698
U4PDZ7	-0.821029499971321
O44492	-0.821029499971321
U4PAR2	0.405614696528185
U4PB62	0.405614696528185
Q10033	-0.0328970250507741
Q9U3J1	-0.0328970250507741
Q8I4L0	-0.0328970250507741
G5EG33	-0.399404876623681
A4UVK0	-0.399404876623681
G5EDG4	-0.399404876623681
A0A4V0ILL2	-0.399404876623681
A0A4V0IK01	-0.399404876623681
G5ED27	-0.399404876623681
Q10037	-2.04513719970544
Q7YX23	-0.971449672327734
P20630	0.020438716413501
H2L2B8	0.467537175289928
Q19487	0.467537175289928
Q19486	-0.54872570582
G5ECY3	2.2252625288707
B3WFX6	-0.326654140933233
P90839	-0.326654140933233
P90838	-0.285646632352053
G5EFI6	-0.681915517257777
G5ED93	-0.681915517257777
G5EFN0	-0.681915517257777
G5ECH5	-0.681915517257777
Q93517	-1.7586187409
Q93520	0.0561311359641535
A0A0K3AVF4	0.49550037542395
Q9XYX7	0.49550037542395
O44164	0.49550037542395
Q6EZH0	0.584224406424231
G4SDZ8	0.039587518536512
Q2A953	0.039587518536512
A0A0K3ARX8	-0.494875980776025
O61203	-0.494875980776025
O44637	0.642478604648099
A0A0K3AXP8	0.642478604648099
A0A0K3ASD6	0.642478604648099
A0A0K3AUS9	0.642478604648099
Q8MNW2	-0.154975616071618
O44638	-0.154975616071618
H2KZS8	-0.88184305195441
Q6EZG9	-0.88184305195441
O44632	-1.33737242758342
H2KZS9	1.29217352807435
Q965K8	1.29217352807435
A0A0K3AVF8	-0.0173780855869052
O44630	-0.0173780855869052
A0A0K3AXQ4	0.621608224332397
A0A0K3ASE2	0.621608224332397
O44628	0.621608224332397
O44635	-1.75787486193794
Q9XVQ0	0.308374992818898
Q9U3I9	-1.73760222432898
Q6BES0	-0.527529065464555
Q19490	-1.19737569989787
Q19491	-0.494043423876864
Q19492	-0.494043423876864
Q19493	0.109384949439603
G5EBX8	-2.45189079888999
Q94184	-0.489171333408511
Q94185	1.96662304706848
A8WFM7	-2.97081311129488
Q94187	-0.368053190435652
P34886	-1.50808906212997
P37087	-1.50808906212997
Q19498	2.35927077820184
Q19496	-0.518997366028247
Q9XV91	-2.06781442599939
G5ECG9	-0.55216041180965
Q9XV94	0.554086192821596
G5ECA3	-0.886254667668259
G5EFC5	-0.886254667668259
G5EFV0	-0.886254667668259
P49808	-0.886254667668259
A0A131MD22	-0.106100773245091
A0A131MBZ9	-0.106100773245091
Q19510	0.54002838926808
Q19503	0.205870467312806
O16216	-0.0957737964536412
O16213	0.173004201746361
O16214	0.254942085687411
O16215	-0.0224155138734737
O16218	1.38778428027799
O45373	-1.79895119430189
A5Z2U7	1.14350333489799
Q19520	0.421261228598625
E1B6S4	0.821570486605484
Q9BI97	0.821570486605484
G5EBT8	-0.64210378760377
G5EC34	-0.64210378760377
Q5WRN7	2.53145337822805
N1NV11	2.53145337822805
A0A1I6CMA8	-0.200002614397521
Q19513	-0.201218063293478
A0A1E1GUV3	0.301719580068894
Q19514	-1.54420372043306
N1NVB6	-0.753417281266342
Q19515	-0.753417281266342
Q19516	-0.087801569804716
Q19517	-1.2832538233864
Q19518	0.571965688962772
Q5WRN6	0.571965688962772
Q19519	0.218883884542106
P54412	0.0680478352562016
Q2PJ76	0.0680478352562016
Q8I4K9	0.0680478352562016
Q19523	-0.289030795207867
Q19527	-0.290344954061419
G5EGA7	0.290573634851537
Q19526	-0.59867082244214
Q7YTH0	-1.43646252601647
C0P278	-0.151314615778312
P54936	0.160860318606655
Q19529	0.235729300316391
O61518	0.907280750753176
G5ECN2	1.09503772447867
Q2XN01	-0.804675291135757
Q19531	-0.804675291135757
Q19532	-0.820200598761254
Q0G826	-0.820200598761254
Q27355	-1.06901251914971
U4PFD0	-1.06901251914971
U4PC59	-1.06901251914971
A0A2C9C321	-1.06901251914971
Q9U5Z4	-1.06901251914971
Q9Y050	-0.67058460474069
G5EBR0	-0.67058460474069
Q8I7K9	-0.67058460474069
H2KYA2	-0.67058460474069
Q27GT8	-0.67058460474069
U4PFD5	-0.67058460474069
U4PMZ1	-0.67058460474069
U4PS88	-0.67058460474069
U4PCJ3	-0.67058460474069
U4PFE1	-0.67058460474069
U4PCI9	-0.67058460474069
U4PMY5	-0.67058460474069
U4PS83	-0.67058460474069
U4PC65	-0.67058460474069
G5EGH3	0.173479446611778
Q9Y049	0.173479446611778
Q19537	0.466422100586469
Q95QK5	0.246402649640968
H2KYA3	0.246402649640968
Q19536	0.548528619666414
Q19541	1.76435733632789
O01322	1.34781916856422
O01324	1.50759078875255
O01323	0.822488456275197
D2N113	-0.80357311608512
D2N112	-0.80357311608512
O16796	-0.76605184055519
Q8ITZ3	-0.76605184055519
Q19542	0.544010302101893
O62178	0.624592598833642
G5ED36	0.624592598833642
G5EFM7	-0.34571950171269
Q8MQ73	0.497564564617129
Q19546	-0.043451515875151
Q19545	-0.199435807373527
Q19548	0.560885918120283
Q95QK4	0.957031121122557
Q19553	-1.22811614319977
F5GUC7	-1.22811614319977
Q19554	0.40364750638801
Q19555	-0.512785298789126
Q9BIG3	0.302121952992813
Q9XTB2	0.302121952992813
G5EC80	0.302121952992813
Q6LCK7	0.850526580641503
A3FPJ5	0.164177727149194
Q19563	-0.809221688804325
Q08I99	0.417453374664417
Q19564	0.417453374664417
Q8I7K8	0.417453374664417
Q19571	-3.08069291053711
Q19569	-0.637764418669712
H8W3Y5	-0.637764418669712
Q19568	-0.384057091166006
Q19565	-0.942942604983644
Q95QK3	-0.942942604983644
P91262	-0.917241523772431
U4PBI3	1.57067833077438
U4PEK5	1.57067833077438
U4PBD1	1.57067833077438
U4PBR0	1.57067833077438
U4PM66	1.57067833077438
U4PRG1	1.57067833077438
U4PEL1	1.57067833077438
U4PBD6	1.57067833077438
U4PBR4	1.57067833077438
Q86ME2	-1.4157553921209
Q19572	-1.71528198803793
P54245	0.536003927123035
Q19576	-0.323011107294166
Q19577	0.377520342075854
Q19579	-0.559268444793665
Q19581	-0.559268444793665
Q19580	-0.0655009869809667
Q9XTR1	0.60250666315476
O02076	-0.0485519240913098
O02075	-0.931200350502349
C7IVQ9	1.16804175263444
O02073	1.04774484790499
Q9XXT0	-0.531018361954832
Q9XXS6	0.872330000622213
D3YT38	-0.200303121694574
H2L2A8	-0.200303121694574
Q19583	-0.200303121694574
Q9U3I7	-0.200303121694574
Q19584	-0.138492125515764
Q9U3I6	-0.138492125515764
Q09537	-1.23378038954098
Q09307	-0.00988599615011576
Q09538	0.357492827544479
G5EC20	0.395295316896231
G5EC50	0.395295316896231
Q09308	0.204718241759472
Q19591	0.391065242663306
Q19589	-1.16002275068202
U4PBC2	0.0768929307253731
U4PLS7	0.0768929307253731
U4PAY0	0.0768929307253731
H2KZT5	0.0768929307253731
Q8MQ71	0.0768929307253731
I2HAD3	0.0662842503162624
I2HAD1	0.0662842503162624
I2HAD2	0.0662842503162624
O01521	1.30376385718744
O01525	0.257348794445401
H2KZD6	0.563518725256353
O01526	0.563518725256353
Q95ZM2	0.218816355834721
O01516	-1.15761052955265
O01517	-0.745124738091478
O01524	-0.452768918482819
F5GU50	0.951457649676851
A0A1I6CMC0	-0.757662592591139
F5GU51	-0.757662592591139
G5EFM9	-0.0327420136806524
Q19601	-0.266413599439124
Q19603	-0.92842439568808
U4PLZ2	-0.137314817478993
O45380	-0.137314817478993
Q7YZT5	-0.137314817478993
O45378	0.640562259411983
O45379	0.793002510200479
Q19615	1.45057164371377
Q19616	-0.349772887926777
Q5WRR3	0.0416093713387144
Q19610	-0.284870747589648
H2KZ64	-0.284870747589648
H1ZUW6	-0.284870747589648
H2KZ65	-0.74990043536584
Q304E2	-0.74990043536584
H2KZ66	-0.74990043536584
Q19613	-1.48071334697081
Q19614	-0.164545480277884
Q19617	-1.10676094452272
Q19618	-0.512684887989868
G5EC84	0.553493469604386
Q19626	0.201092796826219
Q19625	1.32150170641328
Q19627	0.288845859440723
Q19632	0.267517074181194
Q8MQ69	0.267517074181194
Q8MQ70	0.267517074181194
Q19637	-0.252627300816486
Q867X0	-0.252627300816486
A5JYS4	-0.252627300816486
F5GU97	-0.252627300816486
L8EC33	-0.252627300816486
X5M5W8	-0.252627300816486
X5M907	-0.252627300816486
X5LVA3	-0.252627300816486
Q5WRP7	-0.252627300816486
A0A1I6CM97	0.139780962514298
B3GWB6	-0.839174039853411
B3GWB7	-0.839174039853411
E5QCG4	-0.839174039853411
Q19633	-0.839174039853411
Q9GV92	-0.839174039853411
Q19634	-3.35864006441026
D3YT16	-3.35864006441026
D3YT17	-3.35864006441026
D3YT18	-3.35864006441026
Q19635	-1.78137502527349
Q19636	-0.486757041415163
G5EFF2	-0.551206953955924
Q93533	0.273657184249402
Q9U3I4	-1.00087509760711
Q93534	0.28631371928802
Q93535	-0.682157307164226
Q93537	1.05080758699997
Q93538	-0.624746328940342
Q93539	-1.82765164722311
Q93540	0.487006702931726
H2KZD5	0.254211112553392
Q27GU1	0.254211112553392
W6RQZ9	-0.474881688957329
Q19643	-0.232747080537548
Q19640	-0.677288285806199
Q19642	0.0115857766314389
Q19641	-0.335110240043588
P26797	1.74793712329457
Q19644	1.74793712329457
Q19654	-1.3431522241418
Q19655	-1.76235043435772
Q19651	-1.06416407381252
Q6QUQ6	-0.308160108161525
Q6QUQ5	-0.308160108161525
A9Z1L1	-0.308160108161525
G5EBT3	-0.308160108161525
Q19647	0.475261061159571
P90840	-2.15007201232474
Q93544	-2.27563692730833
Q93545	-0.460692529672939
B5BM31	-0.629187044302444
Q93546	-0.629187044302444
Q7Z0M6	0.376960326086001
Q93542	0.376960326086001
Q93543	0.715236114110993
Q52GY4	-0.744538769034772
Q7YTN7	-0.744538769034772
P90841	-0.921425805263429
Q19657	0.447815728092826
G5EBY3	0.465887325931359
Q22869	0.465887325931359
O01738	0.571347277448054
D5LYH1	0.137209578224589
O01737	0.137209578224589
O02640	-0.20432690173681
A6PVB9	0.666226186473395
K8ES99	0.666226186473395
G5EGM2	0.666226186473395
D9PTN4	-0.376626021791477
D9PTN5	-0.376626021791477
G5EF12	-0.376626021791477
Q8MQ67	-0.376626021791477
Q9U3I3	-0.376626021791477
Q9XXN6	1.33812874129997
H2FLJ4	-0.403945385103282
O17829	0.102629745254926
O17828	0.114539021721734
O17824	0.137665965964603
E9P890	-2.69653227136227
G5EE87	-2.69653227136227
A0A3P6NNM4	0.310383643280367
O01528	0.310383643280367
O01527	0.877347553255732
Q19660	-0.855611906493316
Q95QK0	-0.791185148517431
Q27GT4	-0.791185148517431
Q8I7K6	1.14393692151866
D7SFL5	0.0263410982873845
U4PMF9	1.75447980042045
H2KY71	-0.0771816358807794
Q19663	-1.26975260062333
H2KY72	-0.556411383807029
Q7JNW7	-0.556411383807029
Q19661	0.0443948396348008
U4PFA8	-0.0691014860160629
P53795	0.641329131471725
Q19672	0.670820907536021
Q58AA4	0.670820907536021
P52554	-0.496152390188373
H2KZU1	0.437713831477416
Q9UAN6	0.437713831477416
G5EBL9	0.437713831477416
H2KZU2	0.437713831477416
H2KZU3	0.437713831477416
H2KZU4	0.437713831477416
Q19676	-0.609182091753423
Q19680	0.575816616153867
Q19681	0.815482208106815
F5GU86	0.815482208106815
F5GU87	0.815482208106815
Q19687	0.937385761226921
F5GU88	0.937385761226921
F5GU89	0.937385761226921
Q19682	-4.16244429689463
Q19683	-0.0984045994684235
Q9GQ64	-0.0984045994684235
Q19684	-1.01377214663122
G5EE80	-0.490535210930426
Q19685	0.127794735457521
Q19686	-0.725945809781937
I2HAL6	0.944848336692218
I2HAL5	0.944848336692218
Q9XV71	0.944848336692218
O16586	-1.60423159052999
P91268	-0.0116185773494709
P91264	0.713449862160049
O02559	-0.329305751735514
P91265	-0.329305751735514
Q17408	-0.329305751735514
Q23022	-0.329305751735514
P91269	-0.364148912723586
Q7JNC1	0.349057406348607
O01537	-0.894145802118897
O01532	-0.818919852813168
O01531	0.675502601730463
O01530	0.181774823951687
Q93550	-0.763971480494015
G5EFP3	1.10988754242961
Q93548	0.253422840294316
Q93549	-1.33256281827138
Q93547	1.02115784487773
Q5DX48	0.634022962565575
Q5UBX5	0.634022962565575
H2KZU6	0.634022962565575
Q19691	-0.750621929758667
Q09309	0.407117755768908
Q09312	-0.447933840129086
Q09541	0.143373274218295
O45387	0.24190963317212
Q8I4K8	-0.0817628531830661
G5EBQ6	0.0885342004874195
Q9XTV9	1.6738995918865
A8WFJ9	-0.0676093391783778
H2KYS4	-0.0676093391783778
Q19694	-0.336465444716173
Q19693	-0.302354016218107
Q9BK18	-0.302354016218107
A0A3B1E9Z6	-0.302354016218107
Q45EK2	1.67138093641949
Q19698	-0.7172502020021
A0A0K3AYJ1	-0.7172502020021
Q45EK1	0.867884331710761
Q19705	0.939801210797174
Q19714	-1.34670499224823
K8ESE1	-0.522470566491024
Q19706	-0.522470566491024
Q19707	-0.377891618383123
Q19708	2.50466913783496
G5EEM5	-0.00378456697873999
Q19713	-0.354577616688644
P34404	-0.435362281215293
P34413	0.695057688508147
Q95QJ7	0.551900164841101
Q8TA83	-0.772491083317599
P34408	-0.772491083317599
Q95QJ6	-0.772491083317599
A8WFE8	-0.119982315922161
A8WFE9	-0.119982315922161
P34409	-0.119982315922161
P34410	-0.114671047799365
P34411	-0.114671047799365
Q629K0	-0.114671047799365
P34412	0.348756655650995
O17830	0.460025789581623
K8ESE2	2.10247241804219
O45391	2.10247241804219
O45394	0.823337871622003
A0A1X7RCT5	-1.30938116618093
A0A1X7RBK3	-1.30938116618093
A0A1X7RBM0	-1.30938116618093
Q19720	-1.30938116618093
Q95QJ5	-1.30938116618093
A0A1X7RBJ2	-1.30938116618093
A0A1X7RBJ5	-1.30938116618093
A0A1X7RC48	-1.30938116618093
A0A1X7RC50	-1.30938116618093
A0A1X7RBR4	-1.30938116618093
A0A1X7RBS0	-1.30938116618093
A0A1X7RBN7	-1.30938116618093
A0A1X7RCV1	-1.30938116618093
A0A1X7RBK2	-1.30938116618093
A0A1X7RBK4	-1.30938116618093
A0A1X7RBM7	-1.30938116618093
Q5DX40	-0.577403724978487
J7S130	-0.577403724978487
S6FCY3	-0.577403724978487
S6FMZ4	-0.577403724978487
K0M7B5	-0.577403724978487
S6EZM3	-0.577403724978487
S6F533	-0.577403724978487
G5EG87	0.390752756010129
Q19726	0.339284542518001
Q19730	0.0335233944516644
Q962C3	0.0335233944516644
G5EBK7	0.488438807998629
Q962C1	0.488438807998629
Q7YX34	-0.958751376766342
Q19723	-0.421117719703499
Q19722	0.227222971140814
Q19724	0.17972735910704
Q19727	-0.356577004760065
E3W737	-0.356577004760065
Q19731	-0.782294361010472
Q14V30	-0.373914273472165
Q27494	0.205925245986953
Q19733	-4.1379394048972
G5EG61	0.0238159198685804
G5EC09	-0.133467114855012
G5ED57	-0.0300073025751378
Q19739	-0.537342983432308
Q19740	-0.486800909541908
G5EBV0	-0.068619229255638
G5ECV8	-0.068619229255638
G5EE79	-0.068619229255638
G5EEP8	-0.068619229255638
Q56W01	-0.068619229255638
O16709	0.838433480227645
O16710	-0.195695943899178
Q4W518	1.76583491980468
O16715	0.201198634387749
O16711	-2.87384752809609
O16705	0.618085000906801
Q19743	-1.23641100315531
Q19744	-1.00391722578867
Q17844	1.20210828884279
Q19748	1.20210828884279
Q17393	-1.52588879727974
Q19746	-1.52588879727974
A0A4V0IKG7	-0.00597795603635447
H2KYL5	-0.169482599348839
A0A1T5HV17	-1.86949208035346
Q8IA58	0.644661316841772
Q9GZE9	0.644661316841772
Q9GZF0	0.563068067614925
Q9GZF3	0.832765399465852
A0A0K3ARZ2	-0.154488664078375
A0A0K3AVG7	-0.154488664078375
Q9GZE8	-0.154488664078375
D1YSH7	0.558430538996094
G5ED04	0.151044334400599
G5EBE8	0.356374185144814
G1K0Y1	0.356374185144814
A0A0K3AR51	0.356374185144814
Q94189	-1.54134032078427
Q94188	0.407329197944887
Q94192	-0.114178381748646
Q93556	-0.114606632714858
Q93557	1.1611932817913
Q38G52	4.10343702133567
A8WHS3	-0.39245847039534
Q19751	-0.39245847039534
E1B6T5	-0.39245847039534
Q19749	0.412872230922601
Q19752	0.265586935049395
Q19753	0.101050347978147
G5EGL7	1.18835670081289
G5ECF4	1.18835670081289
O61667	1.59689258961383
Q7JLC9	1.59689258961383
O45400	1.04365371948192
O02252	-0.0778784875113347
G5EFJ8	-0.139672802969165
X5M5N4	1.05350039311866
Q9U3I0	1.05350039311866
G5EFW7	-0.0737368976095587
P41855	-0.134634033677165
Q7JKL0	-0.134634033677165
Q8I122	-0.134634033677165
O62183	0.225741078769974
A0A061AL77	-0.995601567753803
A0A061AD67	-0.995601567753803
Q8T7Y4	-0.995601567753803
A0A061AEB7	-0.365854386049895
A0A061AD34	-0.365854386049895
F0IWU1	-1.09111183119338
H2KZU9	-1.09111183119338
Q9TXH9	-0.243569657956739
A0A061AJJ5	-0.565284903609351
Q9TXI4	-0.565284903609351
Q9TXI3	-0.978963793403073
Q9TXI0	-0.507151970435789
C6KRL2	2.97652517225898
Q19759	1.95736675182245
Q19760	0.265430341213701
Q8I4K7	1.43316104737602
G5EF24	-2.03853963412934
A0A0K3AWV9	-0.0746331760790937
O17072	-0.0746331760790937
Q7KQ33	0.094833803821652
O17067	-2.98667156063636
G4RTQ5	0.237800791037124
O17065	0.237800791037124
O17066	0.689377932874879
O17069	-0.0966931581846474
O17070	-2.8733571015698
O17071	0.373927033067912
Q5F4U7	0.373927033067912
Q95X83	-0.363473284213318
Q95QJ3	1.89628310473256
Q4PIX1	-1.40643202601814
P46497	-1.15836101553582
P46499	-1.15836101553582
P46502	0.249690403377815
P46505	0.420932668660824
Q8IG25	0.420932668660824
O01918	-0.661895461258112
O01914	0.530321181467976
O02642	0.5161704734287
Q8I7N1	-0.368752071644835
H2KZV4	-0.368752071644835
O01917	0.353419183491214
O01919	-0.201957240050543
O01920	0.304486220893159
G5EBX9	-1.01390827175991
C3JXD7	-1.01390827175991
Q8MYR2	-1.01390827175991
O01916	-0.620576616620134
Q5F4V9	-0.620576616620134
Q19767	0.331929948067068
Q7KIS0	0.331929948067068
Q9NGU4	0.331929948067068
A0A1E1JKL0	1.52496104182066
Q19766	0.265270218188201
A8WHR9	-0.0831452218511004
Q19762	-0.0831452218511004
P08124	-0.261362298606437
Q19763	-0.261362298606437
H2L2C4	-0.261362298606437
Q19764	0.299228912832527
N1NTI2	-0.748300713221262
Q19765	-0.748300713221262
Q8I4K6	-1.0063805444175
B5U8M6	0.152196317024114
Q8I4K5	0.152196317024114
G4S710	3.19369373859527
O16189	3.19369373859527
G5ECW3	0.346225458137285
K8FDZ6	0.335763771781018
Q19770	0.335763771781018
Q27496	-2.14831968572762
G3MU05	-1.36043248214731
Q19771	-1.36043248214731
G5EBY0	0.00326579466257022
Q22968	-0.025287701440514
Q22967	-0.16094351540266
Q9NAP3	-0.16094351540266
Q22963	0.383589801574923
Q22961	0.287165808566228
P54871	-0.00721041982215887
Q22962	-0.00721041982215887
P91270	-0.328851012183253
H2KYR8	0.759112047398105
Q8MNR9	0.759112047398105
Q22966	0.20582891051052
Q09313	-1.28556057244823
Q2PJB0	-1.28556057244823
Q2PJB1	-1.28556057244823
J7H8Z6	-1.136361497453
Q09314	-1.136361497453
W6RY41	-1.136361497453
G8JY82	-0.554723651730945
Q09315	-0.554723651730945
Q95QJ1	-0.554723651730945
H2KZL8	-0.554723651730945
P0CG71	-0.227891316387112
Q09316	-0.184898436016333
Q09509	0.0444882922564313
Q5DX42	0.0444882922564313
Q95QJ2	0.0444882922564313
B3GWA0	0.513232218405213
Q95QI9	0.513232218405213
B3GWA1	0.513232218405213
Q8I7K5	0.513232218405213
E0AHD4	-1.36007201478906
E0AHD3	-1.36007201478906
Q9XV66	-0.196961384964124
B5U8P2	-0.196961384964124
C1P651	-0.196961384964124
H9G315	-0.196961384964124
Q7JKT8	-0.196961384964124
Q9XV68	0.252858600879988
A8WHR6	-0.562627229808806
Q19775	-0.562627229808806
Q7JLJ3	-0.562627229808806
Q19776	-0.132398616969315
Q19777	-2.54401442731218
Q19774	-7.72865012764156
Q93561	-0.35669056201386
Q93559	-0.351837339673477
B7WN98	-1.31510230847358
Q93560	-1.31510230847358
Q19779	0.0671673075032772
Q19781	-0.626814457570767
Q19782	-1.18353229255219
Q95QI8	-0.57285948359256
O17532	-0.57285948359256
A0A0K3AVK9	-0.57285948359256
A0A0K3ASQ1	-0.57285948359256
A0A0K3AWB3	-0.57285948359256
A0A0K3AYJ4	-0.57285948359256
A0A0K3AVL3	-0.57285948359256
A0A0K3ATA0	-0.57285948359256
Q95QI7	-0.57285948359256
O76657	1.09050545269368
H2KYV6	1.29567429240806
B7E2K7	1.29567429240806
O76655	-0.288882992320957
O76652	0.000180161578353703
O76651	-0.256406145949489
H2KYV4	0.24420894050947
Q8IA55	0.0818840748393617
H2KYV5	0.0818840748393617
A0A1C3NSI5	-0.0745427658806569
G5EE05	-0.0745427658806569
Q19319	-0.0745427658806569
Q19785	-0.0745427658806569
Q21606	-0.0745427658806569
P91272	-0.238608650471833
O02524	-0.436304845552175
Q17328	-0.436304845552175
Q95X84	0.0307557389748786
O16929	1.05459579822916
P48180	-1.60264440794632
Q8I932	-1.60264440794632
O16926	0.564492875617463
O16924	-0.0191926230981983
H2KYN8	-0.111087922054524
Q6A592	-0.111087922054524
O16927	-0.791700922970856
O16928	0.816876121297445
Q93565	0.520731916308386
Q93572	0.159451925096175
Q93573	0.0382924814739563
Q93574	0.0650734775413343
Q8I4K4	0.0650734775413343
P90854	1.33251391004718
P90855	1.33251391004718
Q93575	1.33251391004718
Q93566	-0.529709954491681
Q93568	-0.46191737515077
Q93576	-0.343557190735023
Q93569	0.24683053498662
Q93570	-1.39192927175728
Q86M58	-0.174830789245842
Q93571	-0.174830789245842
Q95008	-0.223355927834661
Q3S1I9	-0.321248574323223
O17833	-0.321248574323223
G5EDJ5	-0.321248574323223
A0A0K3ATK8	-0.321248574323223
A0A0K3AQM0	-0.321248574323223
A0A0K3AQP4	-0.321248574323223
G5EEA4	-0.321248574323223
G5EF39	-0.321248574323223
B3WFX2	1.53855871692973
Q3S1I8	-0.232778334290232
Q7JL40	-0.232778334290232
B7WNA0	-0.232778334290232
O17836	-0.232778334290232
O17835	-0.232778334290232
G3MU53	0.223146863752392
O17837	0.223146863752392
P29691	0.223146863752392
O17838	-0.978660700368229
G3MU54	-0.978660700368229
O17839	-2.33033495535577
Q9NAQ5	0.986356857214988
A5JYS8	-0.760611420647265
Q19789	-0.760611420647265
Q19788	-0.418084403937489
H2L2A7	-0.263254937000038
Q19791	-0.263254937000038
Q27524	-0.263254937000038
Q7JLY3	-0.0333205157347256
H9G2T7	-0.0333205157347256
H9G2T6	-0.0333205157347256
H9G2U6	-0.0333205157347256
H9G2U2	-0.0333205157347256
H9G2T9	-0.0333205157347256
D3YT33	-0.0333205157347256
H9G2U3	-0.0333205157347256
D3YT34	-0.0333205157347256
H9G2U4	-0.0333205157347256
A0A061ACN9	-0.0333205157347256
H9G2U5	-0.0333205157347256
H9G2U0	-0.0333205157347256
H9G2U1	-0.0333205157347256
H9G2U7	-0.0333205157347256
H9G2T8	-0.0333205157347256
Q19790	-0.0333205157347256
Q95ZV0	-0.0333205157347256
Q7JLY2	-0.0333205157347256
Q19787	-3.34683667606836
O01301	0.495248836709171
P90846	-0.982195906852029
O02254	0.0698366087419115
E1B6U6	0.0698366087419115
P91988	1.2239205802541
P91989	-0.660219472252874
E1B6U7	-0.660219472252874
Q19805	-0.0300325923346309
Q19803	-0.0605356067687865
Q45EL0	2.21333723977731
A0A1D3PCN1	-0.216275353621024
A0A679L8U1	-1.60143837216238
A0A679L8G6	-1.60143837216238
Q19792	-1.60143837216238
Q19796	-0.747043379990423
Q19797	0.176968902929918
Q19806	0.0179076926102672
Q19807	-0.499167916530708
Q93595	0.00935400435048231
Q93594	-0.000372622410714001
G3MU41	-0.000372622410714001
G3MU42	-0.000372622410714001
G3MU43	-0.000372622410714001
G5EBQ3	0.13289507196174
Q93592	0.51867043512418
Q93597	1.08266630387735
P91830	0.86339632199425
Q93591	0.86339632199425
G5ECM1	0.0898032263278253
G3MU40	0.0898032263278253
P91277	-0.0510212213221847
Q8I7G7	-0.0510212213221847
Q8I7G8	-0.0510212213221847
Q8I7G9	-0.0510212213221847
Q8T3B5	-0.0510212213221847
P91276	0.232656674462479
P91274	-2.01537351306498
P91278	-0.032801119431389
Q09549	0.335778645761
Q17843	0.335778645761
P29506	-1.37162316859322
Q9XVT9	0.522636993458766
F5GUE2	0.522636993458766
A0A0K3ARI7	0.522636993458766
P09446	-1.06792795506594
Q93601	-1.06792795506594
A5Z2U2	-0.412040057402858
Q9XVU3	-0.412040057402858
O61968	0.270478159863932
A0A131MBQ3	-0.506840898638014
A0A131MB33	-0.506840898638014
A0A131MBM6	-0.506840898638014
A0A131MB60	-0.506840898638014
O61967	-0.930244787235316
Q6A580	-0.930244787235316
Q9NFN7	-0.930244787235316
A0A5K1IC26	-0.930244787235316
A0A5K1IAV7	-0.930244787235316
A0A5K1I804	-0.930244787235316
A0A5K1I8A6	-0.930244787235316
A5A8R5	-0.52189360113269
A5A8R4	0.457266068138678
A5A8R3	-0.446749056309829
Q86MF0	-0.304144561905167
Q86ME9	-0.304144561905167
V6CIY1	-0.304144561905167
V6CK27	-0.304144561905167
V6CLF5	-0.304144561905167
V6CLC1	-0.304144561905167
V6CLX2	-0.304144561905167
V6CLW4	-0.304144561905167
V6CLS2	-0.304144561905167
V6CJE7	-0.304144561905167
V6CKK8	-0.304144561905167
V6CLX8	-0.304144561905167
V6CLH2	-0.304144561905167
V6CIY6	-0.304144561905167
G5EGS8	0.781687853445206
G5EDR3	-0.57738237994478
O01326	0.2001110747973
A8WI03	0.2001110747973
O01327	0.2001110747973
Q9U9Q8	0.2001110747973
P90852	-1.04000385550416
P90859	-1.04000385550416
O02621	-0.187976142118285
O18686	0.000279824026946098
P90850	-0.404268461456634
P90847	0.615360431284329
O18687	-0.444079795684909
P90848	-0.194867897129057
Q8T3E1	-0.194867897129057
H2L2E8	-0.170901533408621
Q17409	-0.170901533408621
O18688	-0.170901533408621
P90849	0.0471533795772453
H2KYE2	-0.674685505268224
Q9N2N2	-0.674685505268224
Q5R3Y7	-0.674685505268224
Q19809	-0.55105436098498
H2KYE3	-2.43278735516798
G5EBZ4	0.0729731644838694
Q4TT97	-3.18608863327536
Q9XV56	1.53001263792245
A0A3P6MY96	-0.0986597094238859
A0A3P6P9A6	-0.0986597094238859
A0A3P6NNU2	-0.0986597094238859
Q9U3H8	-0.0986597094238859
Q5WRM4	-0.603342437113545
Q19824	0.0366965937804642
Q19825	-0.333446586277394
Q65ZK0	-0.333446586277394
A5HU89	-0.333446586277394
Q19826	0.471980706078377
Q95QI6	0.377540105434753
Q8MNT1	-0.770801221336357
Q19821	-0.545265571585162
Q19819	0.823091574070241
Q19816	0.328098363103661
Q19817	-1.20949572720808
Q19818	-0.916647374232642
Q19820	0.371754432067628
Q19822	0.565873903383592
Q95QI5	0.565873903383592
Q19833	-0.224834244519489
Q2V4U2	2.21677754612578
A7LPC7	-0.277937971441162
H2KZ20	-1.38528071855376
D9N119	-1.38528071855376
Q19829	-0.423825070228734
Q19830	0.770391414108841
A0A5S9MND8	-0.325515218902537
A0A5S9MNU9	-0.325515218902537
G5ED20	0.429633676287042
O45406	0.263199013458732
B1Q274	-0.549647716487795
O45407	-0.549647716487795
O45409	-0.549647716487795
O45410	-0.549647716487795
Q5WRM3	-0.549647716487795
Q6BER5	-0.549647716487795
Q95ZU8	-0.549647716487795
Q9NLC1	-0.549647716487795
H2FLJ6	-0.549647716487795
B6VQ92	-0.549647716487795
F5GUF5	-0.549647716487795
A0A0K3ARK1	-0.549647716487795
A0A0K3ATY3	-0.549647716487795
A0A0K3AR10	-0.549647716487795
A0A0K3AUK7	-0.549647716487795
A0A0K3AWW5	-0.549647716487795
A0A5S9MQ08	-0.549647716487795
A0A486WWS1	-0.549647716487795
A0A486WW91	-0.549647716487795
O45405	-0.75215797311528
D2Y8W2	0.120728329357907
A0A1X7RBI1	-0.91114663041005
G5EDC7	-0.91114663041005
P91855	-0.646445267623786
P91851	-0.954377520665884
P91856	0.548881814914637
I7FXD3	-0.124664156529292
P91857	-0.124664156529292
P91853	-0.635678795158553
A0A5K1ICF0	-0.635678795158553
G5EF14	0.458608623799946
A0A131MCJ0	-0.091061865207336
A0A131MDA6	-0.091061865207336
Q8MNR7	-0.091061865207336
A0A3P6P985	-1.3365713802343
A0A3P6NP92	-1.3365713802343
A0A3P6MY71	-1.3365713802343
A0A3P6N6F5	-1.3365713802343
A0A5K1IBA0	0.591628257593507
A0A5K1IAB7	0.591628257593507
P91284	-0.53445266696804
Q6BEW1	-0.53445266696804
P91280	0.305359552073369
Q7JNG1	-0.816668216341011
P91283	-0.816668216341011
Q19834	-1.25224706005096
Q19835	0.51184990437057
A0A061AKY5	0.489238201326028
Q19837	0.489238201326028
Q19839	1.20788560541912
Q93615	0.479083403384947
Q9U5I1	0.479083403384947
Q93616	0.240029730215326
A7LPI4	0.240029730215326
Q93618	-1.23356556740722
Q1ZXT7	-1.23356556740722
Q93619	0.414136888292352
A9QY27	0.690743135622618
Q93620	0.690743135622618
Q7YTP0	0.273109433365805
B0M0N0	-0.427733803070702
P34815	-0.643091437616627
Q26333	-0.643091437616627
Q7JNZ2	-0.643091437616627
Q7Z293	-0.643091437616627
Q19845	-0.127905600848235
Q19842	-0.823213094950456
Q19843	0.204857575460069
Q19844	-0.519509786764246
Q5WRR6	-0.692182835105127
A0A131MBN5	-0.0195436244126964
G5EE77	-0.0195436244126964
A0A131MBV2	0.31716736559252
Q9NDD4	0.31716736559252
G5ECQ2	-0.24787379383675
Q9U8U6	-0.24787379383675
Q09551	-1.25086967357402
G5ED66	0.650480969435206
Q09553	-0.0376792744674735
Q09554	-2.88781598231816
A5Z2S2	-1.52872881482284
E5QCG2	-1.00987159075286
Q95YB2	0.177077143777045
U4PBU0	-2.49296804328905
Q22971	-0.617411200649112
Q22972	1.77778321490831
A0A2C9C393	-0.857150110116555
A0A2C9C2Z9	-0.857150110116555
A0A2C9C391	-0.857150110116555
A0A2C9C329	-0.857150110116555
A0A2C9C3H3	-0.236595877146518
A0A2C9C3C4	-0.236595877146518
A0A2C9C2P8	-0.236595877146518
A0A2C9C2W1	-0.236595877146518
A0A2C9C333	-0.236595877146518
Q19849	-0.236595877146518
D7SFJ5	-0.236595877146518
D7SFJ6	-0.236595877146518
D7SFJ7	-0.236595877146518
D7SFJ8	-0.236595877146518
D7SFJ9	-0.236595877146518
Q86NH3	-0.236595877146518
Q86NH4	-0.236595877146518
Q86NH5	-0.236595877146518
Q86NH6	-0.236595877146518
Q95QI4	-0.236595877146518
Q9GT31	-0.236595877146518
Q19848	0.0328816114920419
A7LPC9	-1.66355921392948
Q95R11	-0.35335870258347
A0A061AD00	0.250719148393389
A0A061AJG8	0.250719148393389
A0A061AD24	0.250719148393389
A0A061AE78	0.250719148393389
A0A061AJH3	0.250719148393389
A0A061AL52	0.250719148393389
A0A061AL47	0.250719148393389
Q1RS87	0.250719148393389
Q86NJ1	-1.63499852834371
H2KZU5	-1.63499852834371
Q86NJ0	-1.3270494811652
O01789	-0.1667717459076
Q2A957	-0.1667717459076
Q9BIB8	-0.134313264352063
Q95R12	-0.0649651782789636
Q19852	-0.00302910136590471
G4SFM6	-0.00302910136590471
Q19853	0.469992051009447
Q95ZU7	-2.51087663179182
Q19854	-0.267672227277605
F5GUD0	-0.0390256565020867
F5GUC9	-0.0390256565020867
P49809	-0.0390256565020867
Q19855	-0.0390256565020867
H2L2C5	-0.324622289117819
H2L2C6	-0.324622289117819
Q19857	-0.324622289117819
Q23160	-0.324622289117819
Q8I0R8	-0.324622289117819
Q19858	-0.00813727627392812
Q19863	-1.45554676255477
Q19862	1.85351488141462
Q19864	0.987087736551925
Q19870	1.56651042824899
Q7JM05	1.56651042824899
Q19865	-0.830817442436421
Q17347	-0.720216856494498
Q18907	-0.720216856494498
Q19866	-0.720216856494498
A0A146I8J1	-0.661401123810195
Q19869	-0.661401123810195
Q8I121	-0.661401123810195
Q9U3H7	-0.661401123810195
I2HA91	0.465315457505875
Q93622	0.465315457505875
B7WN93	-0.103554865733245
Q19873	0.00326151900993329
P55163	-0.122638587475255
Q19880	-0.122638587475255
Q9XVV5	0.600584290247449
Q19872	0.728710100917518
Q19871	0.113769117223555
Q19877	-0.535950738939015
Q19878	-0.640625638173188
O62185	0.461030463817046
D5MNM9	1.8680158222387
D7SFK5	-0.538150914825648
D7SFK7	-0.538150914825648
H2KZT7	-0.538150914825648
H2KZT8	-0.538150914825648
H2KZT6	-0.538150914825648
U4PDU4	-0.538150914825648
U4PAK4	-0.538150914825648
U4PAZ0	-0.538150914825648
U4PLE4	-0.538150914825648
U4PQQ4	-0.538150914825648
U4PAZ4	-0.748417984822064
U4PLF0	-0.748417984822064
Q95QI3	0.1782733062929
Q95QI2	0.1782733062929
Q8MNT0	0.1782733062929
Q4TTC7	-0.655342983324536
Q8MNS9	-0.162489681496664
G5EG72	-1.04494962642202
O18693	-0.189374909690776
O18694	0.786257665063923
O17849	0.213385235535692
H9G301	1.16755795834391
O18692	1.16755795834391
O17850	0.990263396098621
A0A131MCW9	-0.394278614766409
O18691	-0.394278614766409
Q7YTT2	0.524718094402671
I2HAH8	0.524718094402671
D7SFP0	1.15673358529508
Q564W2	1.15673358529508
D7SFP1	1.15673358529508
G5EBU4	-0.414489119626781
A8WFM8	0.125929914201528
G4SFU5	0.125929914201528
Q94197	-0.63308426911539
O17851	-1.21919186472058
A0A8S5I3Z9	0.232897624832234
O01543	0.232897624832234
O01542	-2.34147648287948
O01541	0.052701701354495
Q17371	0.052701701354495
O01539	-0.262100074092828
P83386	-0.262100074092828
Q5R3Y2	-0.262100074092828
Q9XTG7	-0.0213963923702468
O77145	-0.0213963923702468
Q9XX95	0.866962991807754
Q9U3H5	-0.508664944513913
Q9XX94	-1.08863371793513
Q56VZ1	-0.769005229582943
Q1NZ21	0.525503314631841
G5EDR9	0.525503314631841
Q19890	-2.5022612676192
Q19891	0.955613967277842
Q19893	0.879850552662865
Q19895	-1.23444090630087
Q19897	-1.67515132230577
A0A131MCA1	1.9940722160321
A0A131MBD1	1.9940722160321
O16206	0.710936537768173
O16207	0.432631189396059
Q9GYH9	0.425489143128028
Q9GYI2	0.183016854676882
Q9GYI1	-0.213960478953226
G4SFX9	-0.454727578666954
Q27GT2	-0.454727578666954
U4PB84	-0.867266054791398
Q9BI67	-0.867266054791398
Q9GYI0	-0.867266054791398
Q27GT3	1.18077943114629
U4PBL8	1.18077943114629
Q9GYI4	1.18077943114629
Q95Q57	-1.7646327602531
Q95017	-0.620707733410149
Q9GYI5	-0.620707733410149
Q9GYI7	0.0534178551450029
Q9XV50	-0.587483105061835
Q5FC36	-0.587483105061835
G5EFK2	-1.01156928284709
G5EFN2	-1.01156928284709
G5ED67	-1.01156928284709
Q9XV52	-0.0927958840003309
Q9XV51	0.312528530198335
P20792	0.859655992057752
O76367	0.223962679258213
O76365	0.169906425002763
H2KYB8	-0.00325581147031276
Q8MXG5	-0.00325581147031276
A8WIS7	-0.0790685607862735
O76368	-0.0790685607862735
U4PC95	-0.0790685607862735
U4PMN6	-0.0790685607862735
U4PRZ7	-0.0790685607862735
A0A0F6YQF6	-0.0790685607862735
A0A131MBJ4	-0.0790685607862735
A0A131MBQ9	-0.0790685607862735
A0A131MCS7	-0.0790685607862735
A0A131MCY1	-0.0790685607862735
A0A131MBL6	-0.0790685607862735
A0A131MB32	-0.0790685607862735
A0A131MAZ6	-0.0790685607862735
A0A131MBJ3	-0.0790685607862735
A0A131MCG3	-0.0790685607862735
A0A131MD72	-0.0790685607862735
A0A131MBK4	-0.0790685607862735
Q1ZXT0	1.09490573088345
G5ECA2	1.09490573088345
Q19898	1.2211366139044
Q17382	-0.502520274053503
Q19901	-0.502520274053503
Q04833	0.0840585129600511
G5EFJ4	-1.32583184365566
Q19905	1.19702949494303
G5EES5	-4.82961717693096
Q19906	-0.445193316899951
Q19907	-1.92867489056007
A1EHR3	0.553962561376688
A1EHR4	0.553962561376688
P41936	0.553962561376688
Q19908	0.553962561376688
A0A2C9C3N2	0.553962561376688
A0A2C9C312	0.553962561376688
Q27497	-0.944900862547347
Q93635	-0.34703190463937
Q6A2D2	-0.0428204591120356
E3W743	-0.0428204591120356
K8FDY0	-0.0428204591120356
Q93637	-0.0428204591120356
Q93636	-0.0428204591120356
H2KYP0	-0.380685255790161
Q8IA85	-0.380685255790161
O16369	0.414253742471324
G5ECG2	-0.261605210268094
G5EDK8	-0.261605210268094
O16368	0.272864148045977
Q1XFZ3	-0.0887321600595681
Q93640	-0.791006388887061
A0A5K1I7W2	0.660376990732314
G5ECC7	0.660376990732314
Q93642	1.13627672350823
Q93644	-0.885282782820975
H2FLJ1	-0.751094556550587
Q93641	0.43490781405577
Q93646	-0.230228681470954
Q9XVP8	-0.230228681470954
Q93638	-0.245687563513642
U4PR82	-1.9602666559769
U4PC89	-1.9602666559769
G4SG12	-1.9602666559769
Q19910	-1.9602666559769
Q93649	2.11744025835632
Q7YX26	-0.568023185204103
A5JYV6	-0.568023185204103
A0A8D7ZEW2	-0.568023185204103
A0A8D8EJ76	-0.568023185204103
A0A8D8EIT0	-0.568023185204103
A0A8D8EJE0	-0.568023185204103
Q93650	0.0749017663572831
Q95QP4	0.0749017663572831
Q93654	0.555344190207021
A5JYV7	1.22936483288018
Q93652	1.22936483288018
G5EF68	-0.400730386062498
Q95QI1	0.934287072849592
Q8I4K3	0.934287072849592
G5EG62	-0.542793967662181
Q19916	-0.7157731139527
P90857	-0.338671307553312
G5ED55	-0.115254019176179
G5EEI0	-0.115254019176179
G5EEJ6	-0.115254019176179
G5EFI5	-0.115254019176179
G5EFI8	-0.115254019176179
A0A4V0IJW2	-0.115254019176179
G5EFG8	-0.115254019176179
A0A4V0IKD8	-0.115254019176179
A0A4V0IN51	-0.115254019176179
A0A4V0IMY5	-0.115254019176179
A0A4V6M3C0	-0.115254019176179
A0A4V0IK11	-0.115254019176179
O62190	0.207347740564386
P52013	0.207347740564386
G5EFM8	-0.163098399927132
G5EFR3	-0.163098399927132
O62191	-0.661824273202332
O62192	-0.232010345325106
O62193	-0.141276228998593
O62194	-0.236047577017596
G5EDS8	-0.331249506542695
O45417	-0.627854290556443
O45418	0.138074423467928
O45419	-0.0660611901117697
B7WNA6	-0.956056638196119
B7WNA7	-0.956056638196119
O45420	-0.956056638196119
O45421	-1.70096547717687
O45422	0.0628362950966726
O45423	-0.642066341734334
Q9U3H4	0.0545672882137252
Q19932	0.916418948615028
H2KYS8	-0.100243136450331
H2KYS9	-0.100243136450331
H2KYT0	-0.100243136450331
Q7JPE2	-0.100243136450331
Q19930	-0.699886526834723
Q6W3C4	-0.699886526834723
Q19931	-0.733781732452332
Q6W3C5	-0.733781732452332
F1LIL8	1.09207830199156
P41779	0.385876623351329
H1ZUV9	-0.335803123679354
Q8MYQ1	0.40856676083338
Q8MYQ2	0.40856676083338
Q95QH8	0.40856676083338
P53016	1.30442371337764
P53015	-0.145328041514164
P53013	-0.523584761234483
Q19935	0.274909742005456
P34693	-1.22777061231647
Q95QH7	-1.22777061231647
A0A1X7RC60	-0.04928771459855
Q19937	-0.04928771459855
Q19936	0.888094676497053
O45428	0.0516106041809724
G5EBI2	-0.241907010375813
A0A0K3AXS1	-0.317084959011467
O17139	-0.317084959011467
O17131	0.360408293135343
Q8WQF5	-0.295055198745003
G5EGN5	-0.295055198745003
Q19945	0.525200675980324
Q86R86	-1.01172252109933
Q93655	-1.01172252109933
Q565B0	1.87002029744363
H2KZX6	-1.3924119084535
Q8I7G6	-1.3924119084535
O01546	-1.3924119084535
A0A2C9C362	-0.913348014288802
O01545	-0.913348014288802
O62198	0.46119440628714
G5EGG2	-0.119144686785316
Q9XV46	0.476636473290836
Q7YX28	-0.233020100548937
Q19953	-0.509928872042274
Q5DX44	-0.509928872042274
H2KZ53	-0.679307440891856
Q95QH5	-0.679307440891856
P52716	-0.627237190661576
Q19948	-0.572716832452252
Q8IG24	-0.572716832452252
Q8IG23	0.692072395539263
Q19949	0.692072395539263
Q19951	-0.531341664951142
Q19952	-0.0481113948244256
Q95QH4	-0.604999285482203
A8DYR7	0.103540116337441
A3RMR9	-0.434125096835766
A3RMS0	-0.434125096835766
Q19954	-0.434125096835766
A0A131MD77	-0.127727687501809
A0A131MBW5	-0.127727687501809
Q86RT4	-0.127727687501809
A0A131MBA1	-0.127727687501809
A0A131MBC1	-0.127727687501809
Q19955	-0.127727687501809
Q19958	-1.51472436584123
D5MCN3	-1.51472436584123
D5MCN4	-1.51472436584123
D5MCN5	-1.51472436584123
D5MCN6	-1.51472436584123
A0A131MCP4	-0.928652303961861
P91865	-0.928652303961861
Q9XU98	-0.928652303961861
A0A8D9I604	0.0574491737361666
P91862	0.0574491737361666
H2FLK1	0.174720461931628
P91859	0.174720461931628
Q7YXB8	0.174720461931628
Q7YXB9	0.174720461931628
P91863	0.0491305037686184
Q564S6	5.62155713469807
F5GUF6	0.0104560172346683
O62203	0.0104560172346683
Q7Z0X2	0.0104560172346683
F5GUF7	0.893954149982093
O62200	0.893954149982093
O01853	-1.05764283889739
A0A061AEA8	-0.53352042252768
A0A061AD26	-0.53352042252768
A0A061AJJ3	-0.53352042252768
A0A061AL74	-0.53352042252768
A0A061AD62	-0.53352042252768
A0A061AEB3	-0.53352042252768
Q8T3G7	-0.53352042252768
Q86NI8	-0.53352042252768
H2KZX9	-0.53352042252768
A0A078BPM8	-0.181522287549563
O01849	-0.181522287549563
A0A078BPL2	0.49273633647491
G5EGP8	0.49273633647491
O45436	-0.220012392364254
O45430	-0.668900174308439
O45431	-0.0224947192522721
Q7JL36	-0.720880092730289
O45434	-0.720880092730289
O45435	-0.037674094559835
A0A168H4I0	0.276960350496465
A0A168H4M8	0.276960350496465
O16299	0.276960350496465
O16297	1.11196235465952
O16298	0.0197553095252803
A0A168H4S5	0.771392097829044
O16296	0.771392097829044
A0A168H4W1	0.744635229883767
O16294	0.744635229883767
I2HA84	0.543897511727398
O16292	0.543897511727398
A0A168H505	0.543897511727398
O16291	-1.06713927074227
A0A164D3G3	0.504919056433211
O16293	0.504919056433211
Q19962	0.0176624731856402
Q19959	0.779116078795026
D0VWN9	0.739737597267193
Q7JLJ0	0.350257166081531
Q8I4K2	0.350257166081531
Q7JLI9	0.350257166081531
I2HAD9	-0.212223967539924
Q86NH2	-0.212223967539924
Q7YTG8	1.32423553755495
H9G2X8	1.32423553755495
A8WHR8	-0.298315019762518
Q19965	0.80166861150526
Q9U3H0	0.0399388231848028
Q19966	0.0399388231848028
Q19967	0.696382048175517
A5JYT7	-2.25959787548811
Q19961	-2.25959787548811
Q19960	-0.984107128408696
Q19968	-0.331419522685265
Q19974	-0.427629135804207
A0A1B4Z3W4	-0.802828530560609
Q19972	-0.802828530560609
Q19970	1.59080972077668
W6RRY7	1.59080972077668
W6RTK1	1.59080972077668
W6SBE9	1.59080972077668
O44925	-0.116657295157046
Q19969	-0.116657295157046
Q71VM3	-0.116657295157046
Q19971	-1.36838365182484
Q19973	-1.02687708170627
Q95QH2	-0.220735493987568
Q5WRR8	-1.07969312697995
B6GUP8	-0.171261996967642
G5EF62	-0.171261996967642
D4YWB8	-0.171261996967642
H1UBJ0	-0.171261996967642
D4YWB9	-0.171261996967642
D4YWC0	-0.171261996967642
Q9XXM9	-0.171261996967642
G5EER5	-0.171261996967642
Q19977	-2.71592969195247
Q19978	-1.46807219489616
A0A0H3W5N0	0.204130552602244
Q19980	0.204130552602244
O62208	0.424687663088515
P91868	0.424687663088515
Q95QH1	0.122227700500392
I2HAC0	-0.33150134089035
P91869	-0.33150134089035
I2HAC1	-0.33150134089035
P91870	0.517469013459895
P91867	0.729534615522953
P91871	-0.276848864373653
P91866	0.1203663128843
P91873	0.572765887111673
Q9GRE9	0.572765887111673
P91991	0.136867962626141
O62210	-0.250687609757282
Q95ZU4	-0.250687609757282
P91993	1.89130175797581
K8ERV0	0.0382623796126693
K8ESK0	0.0382623796126693
K8FDZ5	0.0382623796126693
G5EEH1	0.0382623796126693
Q17336	-0.345246886990059
O62211	-0.27206591311048
O62213	-1.0915288764574
O62214	0.628779943344412
O62215	0.126830708826265
G5EDI3	0.890382641855337
Q9U3G9	2.3021908030365
A0A2X0REN2	-0.04611675541034
Q19981	-0.04611675541034
Q8I4J9	-0.04611675541034
Q9BMB0	-0.04611675541034
Q19982	-0.874169763643214
Q19983	-0.613788608724145
Q17680	-0.759061054210509
Q19984	-0.759061054210509
O44781	0.500578989584765
O44782	-0.48894726449894
Q95X59	0.735281015403142
A0A131MBC4	-0.218434424729346
A0A131MAU2	-0.218434424729346
O44774	-0.723822038506914
O44773	0.594551890366195
O44779	0.307406562362979
A0A131MBA2	-0.359608603788318
A0A131MBB0	-0.359608603788318
A0A131MBI5	-0.359608603788318
A0A131MCK4	-0.359608603788318
A0A131MCQ6	-0.359608603788318
A0A131MBD4	-0.359608603788318
Q95X60	-0.359608603788318
A0A131MC59	-0.359608603788318
A0A131MCX4	-0.359608603788318
O44780	-0.359608603788318
Q9XYB7	-0.48729407487796
O44188	-0.48729407487796
Q8MXI8	-0.48729407487796
D3NQ87	-0.680765342141666
G5EBF6	-0.680765342141666
Q8MXI9	-0.680765342141666
Q9U3B3	-0.680765342141666
Q9Y0A0	-0.680765342141666
Q9Y0A1	-0.680765342141666
O44185	-0.35798993369971
O44186	0.37260836081685
Q7KPW7	0.485994772845773
W6RRY4	1.76687227123677
O44189	1.76687227123677
H2KYK9	1.76687227123677
Q7KPW6	-0.459698134655837
Q688C0	0.276815783137527
O61854	-2.30279494220749
O61853	0.747604219043903
Q2A949	0.488982959839006
Q2A950	0.488982959839006
A0A0K3AS00	0.488982959839006
B3KYB4	-0.576935167787692
O01700	-0.576935167787692
Q7JKE7	-0.576935167787692
Q7JKE9	-0.576935167787692
D6VPA3	-0.576935167787692
O01702	0.646401709589895
Q19986	0.600935993985446
Q19987	-0.440245079361725
Q19988	-0.0369799832740558
Q19989	-0.117403431138358
H2KZ15	-1.39423454716835
Q6AHN9	-1.39423454716835
Q2V4S9	-0.442373947553588
Q09555	-1.33962297904996
C0P280	-1.33962297904996
G5EBW8	-1.33962297904996
Q9NHC9	-1.33962297904996
S6EZR7	-1.33962297904996
Q09556	0.0145877175264806
Q19991	-0.00806059718486429
A7DT42	1.3200754532823
O62217	1.16326246024164
O62219	-0.482012713576563
O62220	0.398150758789745
O62218	0.47027430018632
O62216	-0.889955983647596
Q9XV44	-0.725362656169877
B3WFX7	0.0607546247830451
O62221	0.0607546247830451
Q7JMR0	-0.52083095595836
Q19993	-0.652694233414219
Q19994	0.702828206263259
G5EDU6	-0.359681580555221
C6KRH4	0.292674361120416
Q8MQ63	0.292674361120416
O17185	-0.538210030923914
O76795	-0.538210030923914
O17186	-0.652481939577547
Q09559	-0.336039358035026
G4SGM2	-1.1263129909575
Q20007	-1.1263129909575
Q20006	0.922404425610865
L8E817	-1.33644197312483
Q20005	-1.33644197312483
Q8WT52	-1.33644197312483
H9G2X9	-1.24180163323313
Q7YX42	-1.24180163323313
H9G2Y0	-1.24180163323313
Q20012	-0.951314414421155
Q20013	-0.259681636017661
Q20008	-1.59031008225802
G3MU16	0.0963887298977807
Q20010	0.0963887298977807
Q20014	0.396456099183667
Q20011	-0.164789268690818
Q20015	0.23235990806657
Q8I4J8	-0.00124024492342985
Q966J9	1.05644845998495
U4PAZ9	-0.231977220687499
Q966J8	-0.231977220687499
U4PLF6	-0.231977220687499
W6SB68	-0.231977220687499
Q966J7	-0.644670159999496
Q20017	-0.161798821232327
Q20021	-0.123121537914315
Q20022	-0.122096895829712
Q20020	-0.306102802866434
Q8I4J7	-0.0860452505741138
O62306	-1.32134890208502
P90858	-1.32134890208502
Q1ZXT5	-1.32134890208502
Q564W1	1.54285388513402
O45447	-2.08572474144442
O45441	0.38841583911235
O45440	0.38841583911235
O45444	0.773870339842358
O45442	-0.362119148176933
O45443	-0.199822471839116
O45445	-0.442091245011803
Q58AU8	-2.25495559202295
G5EDT6	1.16202255172093
Q20024	-0.272398510102529
Q20027	-1.3113160433255
Q20025	-0.0841860644020944
Q5GHR1	-0.0841860644020944
B3WFU3	0.66483351593763
Q20026	0.66483351593763
Q8MQ62	0.66483351593763
Q20041	-0.0160844168494247
Q20039	1.00989886111767
G4SGS2	-0.89946531667788
G4SGT1	-0.89946531667788
G4SGT2	-0.89946531667788
Q09EF5	-0.89946531667788
Q09EF6	-0.89946531667788
Q09EF7	-0.89946531667788
Q8MQ60	-0.89946531667788
Q8MQ61	0.0445795238362673
Q20040	0.0445795238362673
Q20035	-1.37486078240875
Q20034	-0.0253338106326274
Q20033	0.711419402067699
Q20044	-0.00965267254616164
Q20043	0.137036952794317
Q20046	0.964833953034434
Q86NH0	-2.04004067420129
Q86NH1	-2.04004067420129
Q8ISS1	-2.04004067420129
P17221	-0.513466584650791
Q95ZU3	-0.513466584650791
O02362	-0.823685091931235
O02357	-2.84454808409669
O02358	-1.04856633657433
O02360	0.870174970479054
Q52GX8	0.870174970479054
Q52GY1	0.870174970479054
Q52GY0	0.870174970479054
G5EFQ6	0.946854366846396
E0AHD6	0.946854366846396
O02361	0.513318050169388
Q52GX9	0.513318050169388
E0AHD7	0.513318050169388
G5EEU8	-0.896104501771739
G5EE89	-2.73412672744815
O45449	1.22033900082889
O45451	1.00906864446755
Q9GYT3	-2.86906767238028
Q9GYT5	-0.943435752133104
Q9GYT4	0.788247680928806
Q9N5U5	0.585199707158334
Q20048	0.15729693190856
Q20053	-0.439524649757332
Q20057	0.65810493404406
Q20058	0.00340419718807648
Q20049	-0.0732131590397666
G5ECQ3	0.07577019782412
G5EFY9	0.07577019782412
Q20059	0.239553405948414
B3GWA7	0.239553405948414
Q9U3G8	0.239553405948414
A0A0K3AU45	-0.806730581806414
A0A0K3AR92	-0.806730581806414
A0A0K3AUU9	-0.806730581806414
Q17337	-0.247369280146259
Q20054	-0.247369280146259
Q20051	0.708048189175923
Q20060	0.0740942280255237
Q20052	0.310964520240516
A6ZJ62	0.0459147343025687
Q20063	0.0459147343025687
Q20062	0.801840496146803
Q20065	1.17510081402016
Q20067	2.33362085423485
Q1W0R1	-0.677210611965054
G5ECZ3	0.223306376443035
Q20075	-1.21007056406805
Q20074	1.051580522944
G5EEK9	-0.578204312786238
Q20070	1.12308240143224
X5LXA9	0.932279268117535
Q20069	0.932279268117535
Q20079	-0.773324222988718
A0A4V0IKC0	-0.38956742209153
H2KZZ5	-0.38956742209153
H2KZZ6	-0.38956742209153
Q5LK42	-0.38956742209153
P52166	0.164581856034002
Q20076	0.164581856034002
Q9U9C7	0.164581856034002
Q20077	-3.30454311478178
Q8WT51	0.224868047730718
Q8MQ59	-0.963412916146438
Q20081	-0.196696047964339
Q20082	0.640108884035317
Q20084	-0.813838523959771
Q20086	-1.24958163329534
Q20085	-1.66965771367767
A5Z2V0	-0.0161723349322854
A5Z2V1	-0.0161723349322854
Q9XVN9	-0.0161723349322854
Q8I4J5	-0.0161723349322854
G5EDT9	-0.166621347104451
Q65ZA8	-1.28554507357397
Q9XVN8	0.137532258027641
G5EDM5	-1.27688106876457
P90863	-2.39742227200647
Q9XVP0	-0.0373746116082519
P90860	-0.137850166057966
P90861	-0.216814216239038
P90862	-1.0233042420762
Q8I4J6	-1.0233042420762
Q20097	1.15265721705577
P16356	-0.416975423997526
Q20090	-0.416975423997526
Q20089	0.119487062420405
Q9XV35	1.25038459374763
Q9XV41	-0.52632073521331
H2L2I1	1.9751156332932
Q9XV43	0.205997602715875
Q6BER4	0.772184518256464
O45458	0.499426744320157
O45460	-0.417122878644939
Q9GTF9	-0.417122878644939
O45466	-3.41289302665073
Q20100	-0.371338056961725
Q17383	-0.473502753080964
Q95ZU1	-0.473502753080964
Q95ZU2	-0.473502753080964
G8JY81	-0.473502753080964
A0A168H541	-0.473502753080964
A0A163UTE6	-0.473502753080964
A0A168H5A5	-0.473502753080964
A0A168H5E2	-0.473502753080964
A0A168H5H9	-0.473502753080964
Q8I7K3	-0.473502753080964
Q8I7K2	-0.473502753080964
Q8MYQ0	-0.473502753080964
A0A2C9C3C5	-2.48390576071284
A0A2C9C3K3	-2.48390576071284
A0A2C9C3A4	-2.48390576071284
A0A2C9C3B8	-2.48390576071284
H2KZK4	-0.426331112314952
Q8MNS8	-0.426331112314952
B3WFX8	-1.43295985441182
O62234	-1.43295985441182
O62233	-0.865797838329637
Q38G51	0.134874097688017
O62235	0.134874097688017
O62236	0.115527393471057
G5EEE2	-0.708811344406004
P90975	-0.708811344406004
Q95QG8	-0.309314120730696
Q7YTN1	1.13161313645585
Q09560	-1.31892971087361
Q09318	-0.351910615859871
Q7YX40	-0.82064641574462
O45480	-0.374597523172133
O45477	-0.915988774603151
Q20107	0.499678918018061
F1LIM6	0.499678918018061
Q7YTM7	0.0789774258107037
D3YT32	0.0789774258107037
Q7YTM6	-0.646523818088076
Q20109	0.304096131150634
Q27GQ4	0.304096131150634
Q067Y1	0.304096131150634
A0A061AD72	0.304096131150634
A0A061AEC1	0.304096131150634
A0A061AD39	0.304096131150634
A0A061AJK4	0.304096131150634
A0A061AL87	0.304096131150634
Q03345	0.297280972180245
A0A061AEC4	0.297280972180245
A0A061AD43	0.297280972180245
G5ECQ0	0.297280972180245
G5ECS1	0.297280972180245
G5EFX0	0.297280972180245
Q20106	2.37442247145354
A0A061AD77	2.37442247145354
B3GWC4	2.37442247145354
G5ECV9	0.556646667875623
O76722	-0.329363231118843
O76720	-1.50782899745302
V6CLF4	-1.50782899745302
G5EBH1	-0.211519197922347
G5EE81	-0.211519197922347
G5EGE0	-0.211519197922347
A0A7I9BBC6	-0.211519197922347
Q93690	-1.08084136250275
F5GUE6	-1.08084136250275
H2L2F4	-0.639959742502404
H2L2F1	-0.639959742502404
H2L2F0	-0.639959742502404
A0A1N7SYP5	-0.639959742502404
A0A1N7SYV9	-0.639959742502404
Q7JL32	-0.639959742502404
H2L2E9	-0.639959742502404
H2L2F2	-0.639959742502404
H2L2F3	-0.639959742502404
A0A8D8EJV9	-0.639959742502404
A0A8D8EK13	-0.639959742502404
P91300	-1.38072446487729
Q95ZM0	1.28998972395091
H2KYK8	-0.698579843426467
A0A1C3NSH7	2.44293705492666
A0A5S9MMY5	0.814080920953533
P91298	0.757695426053635
Q2L6V3	0.757695426053635
P91297	3.06831675446794
A0A5S9MNN1	0.0109512654589766
A0A0K3AS05	1.32457729782382
A0A0K3AVI8	1.32457729782382
O16622	1.32457729782382
O16619	-0.817951196557573
A0A0K3AXT1	0.00562964275916354
O16620	0.00562964275916354
O16621	-1.0365796490746
Q8IA82	-0.433525706171573
P41879	-0.211661731860772
P41880	1.39626549819492
P41881	-2.14447179092418
P41884	-0.775664017028707
P41885	-0.727741868662222
Q8MQ57	-0.727741868662222
Q8WT49	-0.727741868662222
Q8WT50	-0.727741868662222
Q962V6	-0.727741868662222
P41877	0.340415574366649
P41886	-0.0416778596347191
Q20114	-0.349229274857263
Q9U3G6	-0.14498180193193
Q93694	-1.05055398929845
Q93695	-2.10226205457827
Q93696	-2.44874549515206
Q93697	-1.09531090105987
Q93698	-0.475815823261168
Q93701	-3.46652651187985
Q20116	-0.792371116719707
Q20117	0.13847166859598
Q20118	-0.0322714233754985
A0A0M7REP1	-1.85905040988492
A0A0M7RDT5	-1.85905040988492
O45168	-0.429303023283588
Q21066	-0.429303023283588
O45166	0.572493537251495
Q20124	0.399289935725205
C8JQP1	-2.38408345937624
P49197	-0.747274396877689
Q8MNS7	-0.268166017591233
Q20128	-0.268166017591233
Q20123	-0.44114582138891
C8JQP2	-2.24975682053797
Q20122	0.0211109878226084
P49181	-1.24949395116601
Q20121	0.116691527566397
P48150	-0.9375466081972
Q8MXI7	0.141774233029357
U4PC67	0.141774233029357
O44399	0.141774233029357
O44400	-0.398649570502574
Q86MF4	-0.398649570502574
U4PML1	0.225980601869571
O61196	0.225980601869571
Q20129	0.00545356529512875
A5JYT9	0.545892266553072
Q20130	0.545892266553072
Q8WQF4	0.545892266553072
G5EDS9	0.169623005081818
O01763	-0.666195175409859
O01764	-0.546930567646717
O61749	0.367605990988755
O17862	-0.308493973651554
O17860	-2.56002236975622
B7WNA1	-2.56002236975622
O17861	0.36106356109857
A4F315	1.39614754931221
A4F308	0.342081887980817
A4F312	-0.498936127077182
G4RYA5	-0.498936127077182
A4F314	-0.749316787111605
Q20136	-1.11417982798683
Q86MF8	-0.241810114200301
Q94218	-0.241810114200301
Q94216	0.724399107899278
H2KZA2	0.57955661252566
Q95Q55	0.57955661252566
Q94215	0.518077051912422
Q9GNP8	0.518077051912422
Q94207	-0.609037059440268
Q17381	0.350730309015566
Q1HAZ5	0.350730309015566
Q1HAZ6	0.350730309015566
O45487	-0.693136994951933
C4ALD8	-0.693136994951933
G5EGD2	-0.72853687814897
A0A0K3AXG6	-0.72853687814897
G5ECE6	-0.72853687814897
G5EDZ3	-0.72853687814897
G5EE28	-0.72853687814897
Q8I4D0	-0.72853687814897
Q7YX16	-1.51590873987052
B5BM45	1.72823150766607
P90901	0.650971143359915
A0A4V0IIR6	0.650971143359915
G5ECT5	0.650971143359915
Q0G822	0.650971143359915
Q17599	0.650971143359915
Q20141	0.650971143359915
Q8MLX8	0.650971143359915
Q20138	-0.491003656021738
Q20140	0.0364578931342648
Q20145	0.776512091516071
Q20143	-1.18473807060563
Q20144	-0.471061975981682
Q20155	-0.905784608271401
Q7YXD9	-0.905784608271401
B0M0M7	0.81968880352935
A5Z2T1	-2.39340965559532
Q20149	-2.39340965559532
Q20151	-0.294092154097382
G5EFE9	1.51222834308925
Q7JLI8	1.51222834308925
O45490	0.0214473399681241
P22454	-0.0870132104907901
O16146	0.018843146941206
Q10459	0.018843146941206
Q20157	0.500639261267109
Q20164	-0.130130494154967
G5EE36	0.336085351638246
Q20166	-3.46516884385185
Q20167	-0.116738275504351
Q20168	-0.507062230956617
Q20169	-3.21931568359953
Q86D11	-3.21931568359953
N1NSJ5	0.713510676092043
Q20170	0.713510676092043
Q9XZF4	0.713510676092043
G5EFJ1	-0.492014131811548
Q20177	-1.90308417405206
Q20176	-0.229952872867604
Q20173	-0.24413431468711
Q20172	-0.0513346309678706
G5EGF0	1.20717621159519
Q4R176	-0.224835382682505
Q20186	0.671884239974135
Q20182	1.03941343758432
Q20178	-0.563594192014761
Q20183	0.0476957113085293
Q20184	0.238073933845157
D1MN80	0.238073933845157
G5EGK8	-0.909311156150795
G5EDY0	0.330619414961864
O45494	-0.682919058164386
O45502	-0.493001430902909
O45503	-0.659472326758021
O45495	-0.0780503747804687
O45496	-0.814468731283844
Q10669	-1.27539253241956
O45497	-1.27539253241956
Q9U3G5	-1.27539253241956
O45498	0.88239391353605
O45499	-0.885744468938162
Q9XTZ1	0.324249386623909
O45500	0.243572810350895
Q94219	1.20900205835726
O61201	0.24420649079063
Q9U9K0	-0.233823238926476
O44581	-0.233823238926476
Q95X64	-0.233823238926476
Q9U9J9	-0.233823238926476
G8JYB0	-0.233823238926476
H2L006	0.158187370154373
O44582	0.158187370154373
Q4R128	0.30887258876647
A0A2X0RCY9	-0.61583439620105
A0A2X0REC4	-0.61583439620105
A0A2X0SX51	-0.61583439620105
A0A2X0RQ66	-0.61583439620105
A0A3B1E067	-0.61583439620105
Q8I4J3	-0.61583439620105
Q8I4J4	-0.61583439620105
Q20189	-0.61583439620105
A0A0K3ASQ5	0.635129093569178
D5MNM8	0.635129093569178
G5EFB3	0.635129093569178
Q0G825	0.635129093569178
Q20191	-0.602638845679056
Q21661	-0.602638845679056
Q7Z0N3	-0.602638845679056
Q8ITZ2	-0.350450478316269
O17112	-0.234731936559988
Q20194	0.810669599874856
O16276	0.317173055299934
O16275	-0.196920795383071
O16274	-1.10777732577377
O16271	0.376415958393221
H2KYX0	0.376415958393221
G5EFR8	-0.853104862174461
O16273	0.501744156306587
P90867	0.398971472719097
B2D6P4	-0.0974287113984136
G5EC52	-0.0974287113984136
Q9XZQ7	-0.0974287113984136
P90866	-0.322251212078146
P90868	-0.169109233302873
Q20198	0.243413277474981
G4SF84	0.12597349042976
Q20197	0.12597349042976
Q20199	-0.150125035755443
Q9TXI8	-1.16975788238041
Q93702	-0.24291697558856
G5EEW6	0.553330240755174
Q8I4J2	0.553330240755174
G5EE11	-0.208928467240655
O62238	2.31042459310328
Q8T3E0	-0.366248496384629
O16267	-0.575123427447827
O16265	-2.70263972220068
A0A0K3ASH2	0.634049291712456
O16264	0.634049291712456
Q4W526	0.634049291712456
O16263	-0.987950381675992
O16262	1.78741390046946
O16266	0.526939363628246
O16268	-0.387060239783215
O76568	-0.518629559788331
Q09320	-0.00453636147910689
Q1W0S1	-0.00453636147910689
Q1W0S2	-0.00453636147910689
Q8ST16	-0.00453636147910689
Q8ST17	-0.00453636147910689
G4SHR1	2.32299662994105
Q95ZU0	2.32299662994105
Q21059	0.474015714777663
Q20201	0.207574988685972
Q20203	-1.04093703386836
G5EFX6	0.136169294194776
Q20202	1.70525830494245
G5EGF1	-0.516471444329162
O01549	-0.395742623408738
O01550	-0.884405482236141
Q20206	-0.247952212029222
A6ZJ71	0.558352874469706
K8ERW1	0.147066787197246
Q20208	0.147066787197246
Q7JMS4	-0.508750140222206
H2L266	-0.508750140222206
H2L265	-0.508750140222206
Q7JMS5	0.0949435986250885
D5MCP3	-1.98089808487321
D5MCP5	-1.98089808487321
D5MCP4	-1.98089808487321
Q20224	0.337690814662956
Q20223	0.103406862538668
Q27GU2	-0.321635273255797
Q20222	-0.321635273255797
Q20221	-0.886396866561776
A0A131MBU3	0.245420020793387
Q20219	0.245420020793387
Q20220	-0.275170956415738
Q95ZT9	-0.633793499747996
A0A0K3ARK6	-0.19809230483617
Q20230	-0.19809230483617
Q20228	-1.14984071938246
Q0G828	0.783549794872633
H2L297	0.783549794872633
Q20231	-0.592143761679817
Q20226	0.428092209270578
H2L296	-0.576967959892037
H2L298	-0.576967959892037
H2L299	-0.576967959892037
H2L2A5	-0.576967959892037
H2L2A6	-0.576967959892037
H2L2A0	-0.576967959892037
H2L2A4	-0.576967959892037
H2L2A1	-0.576967959892037
H2L2A3	-0.576967959892037
H2L2A2	-0.576967959892037
G5EFY7	0.439817067391592
D1MN74	-0.598187813823656
Q20232	-0.598187813823656
Q20229	-0.462853925997354
Q8MQ55	-0.235370885136922
Q8MQ56	-0.235370885136922
Q20240	0.644414996159267
Q20241	-0.574658077313531
Q20236	0.188806675705217
J7SA48	-0.279104794141083
Q20239	-0.279104794141083
Q9U3F8	-0.279104794141083
Q20237	0.03465957540659
Q86G95	0.03465957540659
G5EEK0	-0.56898785106795
Q20246	2.48252559112498
Q20245	0.0908700767105003
C0Z1Y7	0.888617683300834
Q9TZ70	0.400963293294221
C0Z1Y8	1.38527447816925
C0Z1Y9	-0.197363834514075
Q9TZ68	-0.0604064284323797
Q9TZ69	-0.438061019805366
C0Z1Y6	0.213044034417323
Q9TZ73	-3.08284329975866
H2KZ38	-1.27246341066927
Q2A948	-1.27246341066927
Q9TZK3	-0.752428481112976
Q9TZK4	1.03416410876796
H2KZ39	0.289038864685984
A7UFE0	-3.21879877185098
Q9TZK5	-3.21879877185098
O61834	0.248726158121484
Q966J6	-0.227837040114605
H2KZE6	-0.0909627461129075
Q7Z297	-0.0909627461129075
Q966J4	1.15799860464687
Q8MXV7	0.452381303855772
Q8MXV8	0.452381303855772
G4SI18	0.179591184584643
O16677	0.456817389358073
O16673	-1.16373063629323
A0A0K3AUW1	-0.559617633959878
O16671	-0.559617633959878
O16670	-1.41344101896908
A0A0M7RF98	0.631700823623671
A0A0M9JJ78	0.631700823623671
O16674	0.0528905750297613
O16676	-0.640592993757575
Q20261	-0.214908590875772
Q20265	-2.0671305483556
Q20264	-1.31081810257004
Q20263	-1.65859925448171
P52717	-0.115680391542675
A0A5S9MRV0	0.635733587159419
A0A5S9MMH2	0.635733587159419
Q20259	-0.540614690174389
Q27GU4	-0.540614690174389
P34710	-1.91553648930851
Q20272	-0.847397519253306
Q94222	-0.410026201860072
A8WFM5	-3.74197481347927
H2KZN7	-3.74197481347927
H2KZN8	0.000271211731518122
Q8WR44	0.000271211731518122
H2KZN9	0.000271211731518122
Q8WR43	0.000271211731518122
Q8MPV0	0.000271211731518122
Q8WR42	0.000271211731518122
Q5WRR1	0.000271211731518122
A0A4V0ING2	0.000271211731518122
Q58G77	-2.64056912269977
Q58QG5	-2.64056912269977
Q94225	-2.64056912269977
O16465	1.7474874111073
H2KYN5	-0.15312557791403
O16466	-0.15312557791403
D1YSH3	-0.251954311940398
O16462	0.685900277822116
H2KYN6	-0.842413804320792
H2KYN7	-0.842413804320792
B1GRK5	0.684878863345848
O16457	0.684878863345848
O16454	0.428536725464065
O16455	0.493584131116046
O16458	-0.841994471871005
Q20273	-0.475370090341291
G5EFS0	0.864307965912102
Q20275	-0.719287131550705
Q20276	-0.957418149586095
Q20277	-1.50781759116606
D0VWN6	-2.21435389561539
Q20279	-2.21435389561539
Q9XVW3	0.585612952179519
G5EEQ1	-4.05788236334198
G5EDJ4	-0.821111941588219
Q4PIT9	-3.54192982762766
Q20295	-0.43145009725109
Q20289	0.411113996145811
G5EG68	-0.29844109038814
Q95QG7	0.0528624104613625
Q7JP82	1.64794714932005
Q58AU9	1.0345306530394
Q4TTB3	-2.58224704305977
Q20287	-0.154087492034736
Q95YA5	-1.38070542817765
Q95YA9	-0.212034445955659
H2L023	-0.212034445955659
H2L024	0.0882643834941848
A0A3P6N6M6	0.0882643834941848
Q7YZV7	0.0882643834941848
Q7YZV6	0.0882643834941848
A0A3P6MYB5	0.0882643834941848
Q95YA4	-0.135289593769772
Q20305	1.18099127124504
Q9BI89	0.823733998300009
V6CLL5	-0.446592134271745
Q8MQ54	-0.446592134271745
V6CK94	-0.446592134271745
V6CLM1	-0.446592134271745
H2L025	-0.446592134271745
Q20298	0.588082335057388
Q20297	0.7343079335157
A7LPD8	-0.881348006003019
G8JYB7	-0.881348006003019
Q20296	-0.881348006003019
Q9BI90	-0.881348006003019
Q9BI91	-0.881348006003019
Q20300	0.690499189793254
V6CLH1	0.690499189793254
Q20303	-0.883729757847769
Q20306	-0.50157739453253
Q5LK46	0.595954078521106
H2KYX2	0.595954078521106
H2KYX3	0.595954078521106
Q20308	0.376935807900598
O01991	0.00906849673361122
O01992	0.00906849673361122
Q20309	0.00906849673361122
Q8MYP9	0.00906849673361122
Q20310	0.410740982577505
Q20311	-0.27024619854202
Q20312	-1.11716796510998
Q65ZK1	-0.157665154942773
L8E808	0.123770295689932
K8FDZ3	0.123770295689932
K8ERU5	0.123770295689932
U4PBW7	0.123770295689932
Q22037	0.0120411841863853
Q336L3	0.0120411841863853
Q336L4	0.0120411841863853
Q95X69	0.0120411841863853
O44490	-0.315450573487952
Q09321	-1.08982485003105
O44075	0.288387612025845
Q09545	0.288387612025845
Q09322	-1.35751248114558
H2KZC9	-0.0968928437737404
D5MCN8	-0.0968928437737404
Q20318	-1.44986964985662
Q20315	-1.47588743472441
Q27499	-3.31235444284673
G4S8L2	-0.23259266634743
G4S8L3	-0.23259266634743
Q20314	-0.23259266634743
X5LQ22	0.434599325664814
Q20317	0.434599325664814
Q7YXH0	-3.95613623639679
Q20330	-0.0193977744854203
Q20325	-1.77600715490328
V6CLW1	0.305799988344957
Q20322	0.305799988344957
V6CJI0	0.201004608918992
Q20323	0.201004608918992
Q20326	-1.47326047535463
Q20327	-0.877997392340761
V6CM07	-0.166528502545963
P48156	-0.166528502545963
Q20329	-0.974347710539459
Q93703	-0.766902738842117
Q93704	-0.974417838381119
Q20331	-1.76721626351257
D3KFS6	-1.76721626351257
Q20332	0.0782271881005416
Q7JM69	0.0782271881005416
Q8MQ53	0.0782271881005416
Q9U3F6	0.0782271881005416
Q20334	-1.35284754155727
Q5FBV5	-1.35284754155727
Q20336	1.7238395890747
Q20345	-2.6639516214329
G5EC48	-0.942547309088902
G5EDQ9	0.0117052700888344
Q20344	0.552894123299298
Q20340	-0.397700343522964
Q20341	-0.397700343522964
G5EF55	-0.299815020099151
G5EF55	-1.18703694792197
G5EC48	-1.92054248587866
Q8I4J0	-1.84340287913
Q09393	1.30556720103311
O01707	-1.33466181569769
Q20347	-1.33466181569769
A0A1T5HUW0	0.121580186493691
A0A1T5HUK2	0.121580186493691
A0A1T5HUK1	0.121580186493691
O17100	-0.0386994659296106
Q6HAE7	1.24426085395141
O17099	-0.154761013959276
O17102	0.997839561840747
G4SG25	0.958125054863074
Q9U3F4	-1.04948526142189
H2L2F5	-1.04948526142189
H2L2F6	-1.04948526142189
H2L2F7	-1.04948526142189
Q9U3F5	-1.04948526142189
B1Q270	-0.370944340616759
H9G302	-0.370944340616759
Q9XVN5	-0.370944340616759
O44509	0.135666152629361
O44511	-0.0808081634920428
O44512	-0.10216212326099
W6SBL9	-0.033741334360526
A0A7R9SUM7	-0.033741334360526
W6SBC9	0.419270228829154
W6RQY6	0.419270228829154
Q8MXI3	0.419270228829154
Q8MXI4	0.419270228829154
W6RTQ3	-0.478245127688194
O44514	-0.478245127688194
O44513	-0.799887281904392
O44510	0.226240479034823
A0A4V0ILH1	0.716716803977292
O44508	0.716716803977292
P49595	0.341297664292714
Q8MNS3	0.341297664292714
P52014	0.472927647246665
Q20348	0.249811633698991
Q20352	-0.261827745800102
Q8MNS6	-0.261827745800102
Q65ZK3	0.470317260810117
H2KY92	0.470317260810117
H2KY93	0.470317260810117
K8FE10	-0.226352789660295
Q20351	-1.81048655820777
Q8T8N1	-1.81048655820777
O02592	0.0125552606334379
Q17364	0.0125552606334379
Q17365	0.0125552606334379
Q95QG4	0.0125552606334379
P90973	0.0125552606334379
H2KY94	0.0125552606334379
P34415	0.754382238800287
L8E951	-1.29180896598664
P34416	-1.29180896598664
P34417	-1.29180896598664
P34421	-1.29180896598664
Q6AHR7	-1.29180896598664
A0A1C3NSK7	-0.995631278518956
P34418	-0.995631278518956
P34419	0.291786691501816
P34420	-0.126113739037843
Q6AHR6	-0.126113739037843
G5EGA3	-1.22276485511094
H8W3X6	-1.39327928437284
Q17744	-1.39327928437284
A0A1N7SYT5	-1.39327928437284
A0A1N7SYW5	-1.39327928437284
Q9TZM9	-0.229765647611584
Q1XFY2	-0.229765647611584
Q09564	-0.989570370401094
P39745	0.17305458092565
Q9U3F3	0.17305458092565
Q7K7S3	0.445556204365448
Q09565	-0.346397158123532
Q9GTI6	-0.346397158123532
Q09394	0.35508739008673
Q6A575	1.0994147646244
Q6A574	0.235516998126446
Q9U5B5	-1.65367852268039
Q9U5B9	1.71949776753487
Q9U5C1	-0.122298879872406
Q9U5C0	-1.79214614192851
A0A2K5AU04	0.0364763317147767
A0A2K5AU12	0.0364763317147767
Q20358	0.0364763317147767
G5EF33	-0.68286684462982
H2KZ96	-0.68286684462982
O17869	0.928024826192363
B5U8P6	0.357237229901056
G5EF85	0.357237229901056
Q564S3	-0.193362106536695
A0A3B1DQY8	1.92420999987594
A0A3B1E647	1.92420999987594
G5ECF2	0.506029235209895
I7FN77	-3.43665033566706
Q20365	-3.43665033566706
Q94154	-3.43665033566706
A7LPF3	0.104614485120215
Q20364	0.104614485120215
Q20363	-0.404115865845265
Q20361	0.696883514958359
B3CKG1	0.265872206294496
C0P277	0.265872206294496
O02094	1.2524491835265
O02092	0.614764408721942
O02088	-0.503914830690787
A0A1T5HUK5	-0.503914830690787
O02086	-0.317667754927158
O02089	0.398993320023715
H2KYJ5	0.0674075222758723
V6CL98	0.28706118561745
O02085	0.28706118561745
P20163	0.28706118561745
Q9U3F2	-0.334533049872285
Q8I4I9	0.466145230891103
Q20373	1.13626548255411
Q20369	-0.0967490343427771
Q20374	-0.202125572107752
Q93714	-0.575691863413237
Q93712	0.214518911636246
G5ECN8	0.907547851312102
G5ECH1	-0.664032895405391
G5EBK6	-0.664032895405391
Q95QG3	0.676831110089302
A5JYU6	0.143492346044525
A5JYU7	0.143492346044525
Q93717	-0.451041875424263
Q93718	0.20204570957192
Q93716	0.594142479113866
G5EFB5	0.638526003384765
A0A131MCK1	-0.174550244632559
Q20376	-0.174550244632559
Q20375	-1.10761838866996
Q95ZT7	-1.10761838866996
Q20377	-0.0500496335309087
Q95ZT6	-0.249502481285178
H2L031	-0.292060903505696
Q27420	-0.292060903505696
Q20381	-2.70900880577659
Q20380	-2.54697256794031
Q20379	1.00220858940567
H2L032	-1.07700943718229
Q8MQ52	-1.07700943718229
Q20382	-0.825951008026862
Q86RT3	-0.188835324307802
Q8MQ51	-0.188835324307802
Q20384	-0.188835324307802
P41830	0.337233811254746
Q9XXU7	0.337233811254746
Q20385	-0.882973582626812
Q20386	-0.143700956561771
G5EG20	-1.30200234250707
P34422	0.928755376332476
Q8MQ47	0.928755376332476
Q8MQ48	0.928755376332476
Q8MQ49	0.928755376332476
Q8MQ50	0.483230041042508
P34423	-1.57400530624882
P34424	0.224848791168178
Q8IG20	0.224848791168178
P34425	0.936174934792386
Q8IG21	0.936174934792386
Q8IG22	0.936174934792386
P34426	0.101794017715635
P34427	0.176592390937111
Q9U552	0.176592390937111
P34428	-0.720061082693905
P34429	-0.22404225053084
Q8ST15	-0.22404225053084
Q20389	-2.11314615361981
P43508	0.585938432680116
H2L033	-0.802414687248274
Q4PIU4	-0.802414687248274
Q20390	0.766606588402147
Q68GX0	0.766606588402147
O16362	-0.973821520153264
G5EFN9	0.124574322672398
Q95X91	0.0518127182641615
O16361	-1.25271809048455
O16360	-1.32838121292022
Q9XYC0	-1.32838121292022
O16359	0.00268574253946193
H2L017	-0.101050105204533
H2L018	-0.222973260924709
Q9GTF6	-0.222973260924709
A0A0M7RDZ3	-0.222973260924709
O16354	0.481600195248932
H2L019	0.125190167818937
S6F5A3	-1.03853108520759
Q20398	-1.03853108520759
Q20392	-0.175776088907815
E1B6S0	0.626384256116346
E1B6S1	0.626384256116346
Q20396	0.626384256116346
Q95QG1	1.1840986045936
P34433	0.348320378119769
P34434	0.785537739934921
Q8TA82	0.785537739934921
Q1W0S5	0.778814957622467
P34436	0.778814957622467
P34437	0.319002544631394
Q629J7	0.319002544631394
Q8MQ44	0.319002544631394
Q8MQ45	0.319002544631394
P34438	0.0425963253247134
Q9GQ63	0.246342533989606
Q9XU97	-2.0375430984865
G5ECU5	-0.173597233152324
G5ECU5	-0.943031261578464
O16247	-2.37828627211542
Q6A598	0.0340716423779813
Q8IA89	0.0340716423779813
Q8MXK1	0.0340716423779813
O16249	0.0340716423779813
H2KZE1	-2.590866758498
Q8IA87	-2.590866758498
A0A2C9C3V8	-1.10249895658294
A0A2C9C3D3	-1.10249895658294
A0A2C9C3K2	-1.10249895658294
J7SF93	-3.25161035981578
Q8MXK0	-3.25161035981578
O16254	1.05020361738264
O02263	0.267523575603296
Q9U3F0	0.674200217071902
Q9U3E9	0.674200217071902
G5EEK5	1.03792172294935
Q20401	-1.35682545831662
G5EDD4	0.375712650520517
Q17409	0.375712650520517
Q20402	0.410123583359809
Q20403	0.957514970734444
Q20404	-0.840929249993108
Q20405	-0.622265185019932
Q7JMP2	-0.622265185019932
O45515	0.643668747331289
Q2XMY7	0.119020545532977
O45518	1.92590074865534
G5EE67	0.382435554130739
D5MCV2	0.186830105573534
P54073	-0.183889335544543
Q20418	-0.183889335544543
Q20412	0.13458599311791
Q20413	0.670834385685223
D0VWM8	0.868453322951603
Q20414	0.868453322951603
Q6BEV0	0.868453322951603
D3KFS3	-0.853687516207036
Q20416	-0.853687516207036
Q20417	1.51009480568825
B6VQ49	-0.00739342414645248
G5EGJ9	-0.00739342414645248
O45524	1.45183430652519
G5EDE1	-0.417074981156966
O16749	0.313463631997364
A0A131MCN1	-0.343559900805069
O16746	0.389327986397784
O16744	0.850632145114722
O16741	1.00324749828309
A0A0S4XR62	0.639329100625563
Q9N5U0	0.639329100625563
G5EFS5	-3.45265956977057
G5EFS5	-3.45265956977057
I7KSD3	-2.66829226293402
Q20422	-2.66829226293402
Q20421	-0.716187623052701
Q20420	-1.46791023155284
Q52GY5	-1.46791023155284
G5EFG0	0.131994432799575
Q17378	0.131994432799575
Q09984	-0.401445705726599
D7SFJ0	0.0127903465753314
Q20425	0.383045951941214
P08898	-0.682481845911506
Q10453	-0.682481845911506
Q9TW44	-0.682481845911506
Q09989	-0.75523709223523
Q6AHQ8	-0.75523709223523
Q7YSI9	-0.66508991483925
Q7YSI0	-0.66508991483925
Q7YXD0	-0.66508991483925
Q8MLZ1	-0.66508991483925
Q8MM94	-0.66508991483925
Q8MV03	-0.66508991483925
G5EEU6	-0.66508991483925
G5EBX1	-0.66508991483925
C8JQR2	-0.66508991483925
G5EG75	-0.0319094363201703
G5EGL6	-0.0319094363201703
Q20432	0.0307984337384574
H1ZUW4	0.0307984337384574
A0A131MCT5	-0.464826521118879
A0A131MBG0	-0.464826521118879
Q17392	-0.130176460491784
Q20428	-0.130176460491784
Q20430	0.373152233536824
H2KZ52	0.373152233536824
Q20433	-0.688580603194158
Q94231	-0.951306943351373
Q9BI64	-0.478654880242859
H2KYL3	-0.478654880242859
O44130	1.55594494393803
Q94230	-0.219493754844099
W6RT96	9.59117120617511e-05
W6SB84	9.59117120617511e-05
H2KYL0	9.59117120617511e-05
Q9BI65	9.59117120617511e-05
W6RTA4	9.59117120617511e-05
W6SB91	9.59117120617511e-05
W6RQS8	-0.552088780965704
W6RRR1	-0.552088780965704
W6RXU1	-0.552088780965704
Q94228	-0.552088780965704
H2KYL1	0.263525207376031
H2KYL2	0.263525207376031
Q86MG1	0.263525207376031
Q94233	0.287489083061302
Q94234	0.153589775947891
Q20435	-0.0995859107775851
Q20436	-0.0256042003788189
Q20437	-0.775700986706983
Q22974	-0.499413876117384
I2HAE0	-0.700660072372062
Q22975	-0.700660072372062
G4SFC1	-1.51236131723013
E1B6Q7	0.169688863715314
O62243	-1.0100980915275
O62252	0.652496192468312
O62244	-1.35420379292752
Q5FC20	-1.35420379292752
O62245	0.581579085274746
O62246	-0.8006774334442
O62249	0.685750474403771
O62250	-0.205096309060561
O62251	-0.843944168006124
O02266	-0.149527405215701
G3MU66	-0.149527405215701
O45525	-0.111045846146515
O02267	-0.616159556815222
O02268	-0.273484982069759
Q8I119	-1.73680089366939
Q564X9	-0.344355418767341
Q93727	-0.344355418767341
A0A2K5ATP2	0.354914166331024
Q93725	0.575622647901043
Q93726	-1.11867870902258
A0A0K3AU50	-2.37143967458198
A0A0K3AWF7	-2.37143967458198
G5EG10	-2.37143967458198
Q95ZT5	1.46545070752012
B0M0M9	-0.192380268997725
A0A2K5ATN1	0.914821427872803
C7FZT8	-1.86386762159816
C0P276	-1.86386762159816
Q20440	-1.86386762159816
Q20442	-1.86386762159816
Q20443	-1.92975839532281
A0A1C3NSJ1	-0.474435911262242
G5EEJ0	-0.474435911262242
Q09291	-0.474435911262242
H2FLJ7	0.944440153956653
Q93732	-1.08263692006058
Q564V7	-1.08263692006058
G5EDD8	0.54771155199468
G5ECU1	-0.581000304993503
Q8WSZ9	-0.581000304993503
G5ECJ4	-0.0567302955578586
Q22039	-0.0567302955578586
Q9BI88	-0.644704231620253
Q20444	1.45421208227352
Q8WQF3	0.0402843729513061
Q20445	0.0402843729513061
Q20446	0.16698477201696
Q7YTV3	-0.41341583100949
H2L2B3	-0.41341583100949
H2L2B2	-0.41341583100949
Q20453	-0.41341583100949
Q8I4I7	-0.41341583100949
Q20447	-0.0718282537433838
Q20448	-0.252521804644693
Q20449	-0.818362719735122
Q20450	-1.63362471254529
Q19192	-0.404615861186443
Q20458	-0.404615861186443
Q20457	0.0494176411122152
D3YT13	-0.805980040255614
D3YT14	-0.805980040255614
B6VQ62	-0.805980040255614
S6FD20	-0.805980040255614
S6EZR2	-0.805980040255614
Q20456	-0.805980040255614
S6F568	-0.805980040255614
C6KRJ0	-0.805980040255614
A3FPK5	-0.195343099974173
Q8I118	-0.242887474019379
P52881	0.067823496136905
Q20459	1.35694905795317
Q7Z0M5	1.35694905795317
P52882	-1.36780856677617
G5EGI8	-1.44745458328019
P52883	-3.25633121362224
P52879	-0.973978333114212
G5EFD7	0.251828980794374
Q9GYP2	2.51195615619025
Q9GYP5	0.360837800834408
P20271	-1.09458058832142
Q9NBV6	-1.09458058832142
P34688	0.845123497927296
Q9GYP4	-1.31843264191774
Q9GYP1	0.456931090000838
Q9UAV8	-0.782491346345474
Q5TKA4	-0.782491346345474
Q5TKA3	-0.782491346345474
Q9UAV5	0.324873360771697
Q9UAV9	2.15916241750446
G5EDS0	-0.700570460437455
Q9UAV3	-0.0705019676838309
G5EC91	-0.266101370555011
P91309	-0.491194412547567
Q8T3B4	-0.491194412547567
Q9BI62	0.755121488591291
P91306	1.16113007133726
P91302	0.749307328522764
P91303	-0.715567896555787
P91305	-0.0113483361820179
P91307	0.163437601925116
P91308	-0.557687432846442
Q9BI63	0.169780158510501
H2L043	0.169780158510501
A0A4V0IKI0	-0.671058983754492
H9G2V4	-0.671058983754492
H9G2V5	-0.671058983754492
Q20471	-0.671058983754492
Q2PJ71	-0.671058983754492
Q565A9	-0.671058983754492
Q5MCN7	-0.671058983754492
Q5MCN8	-0.671058983754492
Q5WRP4	-0.671058983754492
Q8I4I6	-0.671058983754492
Q20468	0.0984595619734411
Q7YX10	-0.292254732907936
Q9XVN4	0.0145326829149199
H2L2F8	0.0145326829149199
P90876	0.181688959533112
H9G303	0.510120453219892
H9G304	0.510120453219892
P90877	0.510120453219892
E0AHC9	-0.872508993243301
E0AHD0	-0.872508993243301
E0AHD1	-0.872508993243301
Q9XVN3	-0.872508993243301
Q7K7A5	-0.3520615353633
G5ECW9	-0.3520615353633
G5EFX2	-0.134950670717449
G5EGE3	-0.134950670717449
A0A4V0IL76	-0.134950670717449
A0A4V0ILM7	-0.134950670717449
G5EDH6	-0.0687456528629835
G5EF67	-0.0687456528629835
Q0G838	-0.0687456528629835
Q1KYM3	-0.0687456528629835
Q1KYP5	-0.0687456528629835
Q20474	-0.0687456528629835
Q20476	-0.433213440590214
Q20477	-1.53067071209293
Q20481	1.85151807753794
Q20478	-1.90619216453267
B6VQ56	-0.414130863963578
B6VQ55	-0.414130863963578
Q18711	1.25950533516025
D1MN70	0.300209223142207
Q20480	0.300209223142207
Q7JMD3	0.300209223142207
A0A3P6PCZ1	-1.23756729962608
A0A3P6N6A0	-1.23756729962608
A0A3P6NIH1	-1.23756729962608
Q5WRT0	-1.23756729962608
Q5WRT1	-0.497375746675749
Q20483	0.275354774911649
Q95ZT4	-0.040803674831988
A3FPI7	2.35448046168222
Q7Z1R2	-0.714611101188789
Q7Z1R1	-0.714611101188789
Q20490	-0.714611101188789
Q10454	-0.426433417642926
Q86NG9	-0.426433417642926
Q20487	0.48199667435283
Q20488	0.181027382175373
H2L049	-0.312755996018003
H2L048	-0.312755996018003
Q8MQ42	-0.312755996018003
Q20489	-0.982400629731185
Q20496	-0.298930711592596
Q9TY60	-0.298930711592596
H2KYI9	-0.161066763528458
Q7Z2A0	-0.161066763528458
Q7Z299	-0.161066763528458
G5EEX8	0.0122813463444269
G5EC54	0.0122813463444269
Q20497	-0.364501611052559
Q20498	-2.45549769080462
Q5WRQ3	-2.45549769080462
C6KRH8	-2.45549769080462
Q20500	-0.814788467057175
P53588	-0.547053595111123
Q20502	0.491504247121121
Q20503	0.321660406834195
Q20507	-1.21439079876211
B6VQ68	-1.94914579359985
E0AHB3	-1.94914579359985
E0AHB4	-1.94914579359985
Q20508	-1.94914579359985
Q20509	0.0799443671701596
Q20516	-0.10064487388334
H2KZY5	-1.37758622003495
Q95QF9	-1.37758622003495
Q20514	-1.37758622003495
H2KZY6	-0.499402620792812
C6KRG1	-0.499402620792812
Q20523	-0.492485452255097
Q20525	0.58472347750327
Q20519	0.121114114803559
H2FLI1	0.998991786211591
Q20518	0.998991786211591
Q20522	0.258255642610321
Q20521	-0.390814749549273
Q20527	-0.849379166015536
Q8I4I5	-0.849379166015536
A0A163VU66	-0.853619664632591
O01561	-0.853619664632591
Q09388	-0.274718273747864
Q09561	-0.274718273747864
Q95WX7	-0.274718273747864
Q8MQ40	-0.274718273747864
Q8I7J8	-0.274718273747864
Q8MQ41	-0.274718273747864
Q8MTW9	-0.274718273747864
Q09389	-5.43632541941131
Q09390	-1.35811960465406
O77096	-1.35811960465406
Q09562	-1.72933646357465
Q09391	-0.225308830758765
Q8I7J9	-0.155047045497489
Q09392	-0.155047045497489
Q20539	-0.903818575797968
Q20538	-2.65788092351833
A0A4V0ILS1	-0.477345341512696
A0A4V0IM62	-0.477345341512696
A0A4V0IKH2	-0.477345341512696
A0A4V0IKD4	-0.477345341512696
Q20541	-0.477345341512696
Q7JP68	-0.477345341512696
Q8MQ39	-0.477345341512696
Q95ZT2	-0.477345341512696
Q65ZG8	1.01535323822527
H2L053	1.01535323822527
P91313	1.01535323822527
A0A131MAY5	1.01535323822527
A0A131MAT8	1.01535323822527
A0A131MBE1	1.01535323822527
A0A131MCB3	1.01535323822527
Q9GYN6	0.954477381465352
Q9GYN8	0.492970462851439
G4S7A1	0.243419064093102
Q9XTS0	0.690403426077649
Q9XTS1	-0.887965553922517
O02655	2.20840901827512
W6RY31	0.0381837849126665
Q9TZI6	0.0381837849126665
Q9Y048	0.0381837849126665
W6RR09	0.0381837849126665
Q9TZI7	0.565920848486523
W6RY57	-0.764783036533956
W6RRZ0	-0.764783036533956
Q9TZI9	-0.764783036533956
Q20546	-0.917348641887725
Q20548	-1.01718885496854
H9G332	-0.268621455200696
O45526	-0.268621455200696
Q8WSZ8	0.653625018457097
Q9XU27	0.653625018457097
B3WFZ1	0.364258634951957
O45527	0.364258634951957
Q9XU29	0.0308781604658795
Q9XU28	0.579962271561587
A0A0K3AUL0	0.568054479162931
O17369	0.568054479162931
Q6A589	0.609147866072707
A0A0K3AWX1	0.609147866072707
A0A0K3ARL0	0.609147866072707
A0A0K3ATZ0	0.609147866072707
H2L056	0.609147866072707
O01567	0.00941128517576243
G5EGC3	-1.4104116017053
Q20551	0.109170613498597
Q20557	-0.292432272457317
O01574	0.474018990708149
A0A5K1I7Y9	0.474018990708149
G4RU19	1.83789467959452
O01573	-0.206032363570063
O01571	0.180455762946454
O01572	1.00956414297714
Q8MPU7	0.295684802110339
Q93743	-0.476304489463425
Q93745	-0.135666621590173
Q20559	-0.140175683907845
Q7YX17	0.551657643385568
Q20563	1.26294463228969
H2KZD8	-2.93609890738795
Q5DX32	-2.93609890738795
Q20561	0.9065335188613
Q20560	-0.671129791169958
H2KZE0	-0.671129791169958
H2KZD9	-0.671129791169958
G5EBG7	-0.36627122597182
Q9GPA2	-1.6943503886345
Q9GPA0	0.218051505945717
Q9GP99	-1.11877989203007
G5EGR1	0.0514522698011263
A8WFH5	0.116675217326754
H2L041	0.116675217326754
A0A4V0IK15	0.116675217326754
A0A4V0IKX4	0.116675217326754
A0A4V0INQ1	0.116675217326754
A0A4V0INH8	0.116675217326754
A0A8S4QFG5	0.116675217326754
A0A8S4QDB1	0.116675217326754
H2L042	0.116675217326754
G4RTT5	-2.63746012912387
Q9GPA4	-2.63746012912387
Q8MQ33	0.476199914857208
Q09566	0.476199914857208
H2L058	0.476199914857208
Q09395	0.355247650503226
Q09567	-1.22407694220913
Q09396	0.889111850863563
Q09543	-0.133549323719883
V5XY55	-0.133549323719883
Q09568	-0.425114514118211
Q8MQ34	0.131093204457661
Q09397	0.131093204457661
Q4PIW7	1.69110711904573
A0A0K3AX60	1.69110711904573
A0A0K3ARU4	1.69110711904573
Q9XV08	-0.173955795408008
G5EEP3	-1.19378380718371
C9IY37	-1.10242696796962
Q7YX14	-1.10242696796962
Q9XV11	-1.10242696796962
G5EES3	-0.497985814985278
Q3LTR7	-0.497985814985278
G5EGR6	-0.497985814985278
Q20574	-0.758004145590874
Q20576	-1.14050216200082
Q20572	0.159776231756813
Q20573	-1.33686186216913
Q20577	2.31851857389955
O44590	-0.391030726108792
A0A0K3AS09	0.62416200837412
O44593	0.62416200837412
O44583	1.05449120967581
H2KZX5	-1.7419556754042
O44584	-2.22554979767873
O44585	4.35596809680387
O45528	1.66214355736675
C7FZU9	1.64520304745939
O45530	1.64520304745939
O45532	0.682107251705694
Q564U0	0.682107251705694
O45536	-1.07981872654219
O45539	1.13126300869184
G5EGH4	-0.388267038650434
Q20587	1.11428472663646
Q20588	0.119647974738767
X5LX67	-0.214097035762182
Q20589	-0.214097035762182
Q20591	-0.935120655484057
Q20590	0.456628652185315
Q20583	-0.198151098730242
Q20584	-1.74812315014775
Q27GQ6	-1.74812315014775
Q27GQ5	-1.74812315014775
Q20585	0.314151432464929
P90879	0.466869517553723
O44729	-1.43896089762624
A7DT40	-0.379389604115854
O44725	-0.303333294928907
O44721	-0.587568257020611
O44727	0.244384346452724
A0A3P6P940	-2.63593945012909
A0A3P6NP42	-2.63593945012909
Q20600	0.0184891505521457
G5EEC2	-0.400363941244422
A0A4V6M500	0.136027667686046
H8W3Z5	-1.77629857712611
Q20595	-1.77629857712611
Q20596	-1.77629857712611
H9G2V8	-0.897730567186357
H9G2V9	-0.897730567186357
J7SF89	-0.897730567186357
Q20604	-0.897730567186357
Q27GP3	-0.897730567186357
Q2EEP1	-0.897730567186357
Q9TVF4	-0.897730567186357
Q9XTF3	-0.897730567186357
A0A061ACK4	-0.897730567186357
A0A061AJ20	-0.897730567186357
A0A061AKR6	-0.897730567186357
A0A061ACN7	-0.897730567186357
A0A061ACN3	-0.897730567186357
A0A061ADU8	-0.897730567186357
J7RNK2	-0.0200952499971099
Q20603	-0.0200952499971099
G5EF50	-0.162155008534847
Q20601	-0.927645781656634
Q20605	0.00535953375118491
Q20616	-0.963506392021262
Q20612	-2.67874673384629
Q7YX09	0.512631134155371
Q20619	0.976552884367323
Q20614	1.73285103930021
Q20613	-0.457885358366591
A5JYS2	-2.9986613696731
Q20611	-2.9986613696731
Q20624	0.469349455044554
A0A2C9C399	0.469349455044554
A0A2C9C3F0	0.469349455044554
Q8T8M9	0.469349455044554
Q8T8N0	0.469349455044554
A6ZJ46	-0.396931620707248
Q20621	-0.396931620707248
Q20623	-0.829157448722024
D0VWM4	-0.829157448722024
Q565D2	-0.643386606401122
Q565D1	-0.643386606401122
A0A4V0IKJ7	-0.643386606401122
A0A4V0ILU3	-0.643386606401122
A0A4V0IM76	-0.643386606401122
O45541	-0.643386606401122
O45542	-0.643386606401122
O45544	-0.643386606401122
Q20625	-0.643386606401122
Q8I4I3	-0.643386606401122
Q6BEV6	-0.643386606401122
D0VWM5	-0.643386606401122
A0A4V0IJD5	-0.643386606401122
A0A4V0IKI2	-0.643386606401122
A0A4V0IKE7	-0.643386606401122
A0A4V0IKZ1	-0.643386606401122
A0A4V0INR9	-0.643386606401122
A0A4V0INJ4	-0.643386606401122
A0A4V6M3D2	-0.643386606401122
A0A4V0IKK7	-0.643386606401122
A0A4V0IJF1	-0.643386606401122
O45543	-0.643386606401122
Q20626	-0.643386606401122
Q4VQC9	-0.069544809011685
Q8MNR6	-0.069544809011685
Q9GYH7	-0.069544809011685
Q9GYH8	0.412666461848469
W6SBD7	-0.467102419048821
W6RQZ3	-0.467102419048821
G4SGI5	0.446578642939429
Q20629	0.446578642939429
Q20627	0.386908938816489
Q4TT88	0.386908938816489
Q20628	1.62365300920307
Q20630	0.506767649587094
Q27257	0.506767649587094
Q20631	0.457791287218109
H2KZY3	-0.25606239724227
U4PRI6	0.219800019816472
Q9GZE4	0.219800019816472
A0A0K3AV21	-0.288574575393372
Q9GZE3	-0.288574575393372
Q4ZG90	0.263173404408216
Q9N5S3	0.263173404408216
Q9N5S4	0.752151708953559
Q9N5S5	-0.443452767040125
Q9N5S6	-0.55002063214233
Q9N5S7	-0.0577813305118839
Q9N5S8	0.120226207083967
Q9N5S9	0.120226207083967
A0A0K3AVJ9	-0.426826692158365
Q9XV04	-0.426826692158365
Q20637	-1.61559436334015
Q20636	-0.806031465772398
Q20635	0.0359473493855891
Q6A4I6	0.0359473493855891
B3WFV1	0.47041251406314
Q20638	0.47041251406314
Q20634	0.539417444039033
Q19143	0.322265225273016
Q1NZ24	0.322265225273016
Q20640	0.322265225273016
Q95QF4	0.322265225273016
A0A1D3PCM1	0.322265225273016
A0A1D3PCL3	0.322265225273016
A0A5E4LXR0	-0.338785573129986
Q20641	-0.338785573129986
Q4TTA0	-2.76038021062548
A0A0K3AYG0	-2.83684904871364
A0A0K3AWB5	-2.83684904871364
A0A0K3AYJ8	-2.83684904871364
E3W756	-0.794553690232891
E3W757	-0.794553690232891
D3YT77	-0.794553690232891
E3W754	-0.794553690232891
E3W755	-0.794553690232891
Q86D13	-0.794553690232891
Q9XUE7	-0.794553690232891
E3W758	-0.0602663649777019
Q9XUE6	-0.0602663649777019
Q9XUE5	0.73921434336012
Q9XUF0	0.390793474014457
Q9XUE8	-0.296825736507086
G5EDF4	-0.372795530363485
O61304	-0.372795530363485
G5EC65	-0.372795530363485
B3WFV9	-0.372795530363485
Q20643	0.648472321511253
Q20644	-0.0360617247349231
Q20646	1.15753647172539
Q564Z1	1.15753647172539
Q95V13	1.15753647172539
Q20647	-0.359903060631956
Q7YWZ7	0.262521551770972
U4PRC2	0.572233463982374
U4PEH4	0.572233463982374
Q9TXV7	0.572233463982374
Q95X18	1.48693184842339
Q9TXV5	1.38163937688922
U4PRB3	0.795670671194644
U4PEG5	0.795670671194644
U4PB89	0.795670671194644
U4PBM1	0.795670671194644
U4PM26	0.795670671194644
U4PRB8	0.795670671194644
U4PEG9	0.795670671194644
U4PB94	0.795670671194644
G5EGN3	-0.415784932373241
B5WWL2	0.103767820795949
U4PBM5	0.103767820795949
U4PM30	0.103767820795949
O44817	-1.85628067980536
O44818	0.972128879787892
O44821	1.15956665221202
O44820	-0.724556656419583
O44815	0.0673268494972049
D7SFK0	0.513719167683936
Q10122	0.513719167683936
Q45EK8	0.513719167683936
Q45EK9	0.513719167683936
Q10123	0.0888473075912192
G5EBT5	-0.140700473304006
G8JYC4	-1.05024181740946
Q10124	-1.05024181740946
Q8MQ26	-1.05024181740946
Q8MQ27	-1.05024181740946
Q8MQ28	-1.05024181740946
Q8MQ29	-1.05024181740946
Q8MQ30	-1.05024181740946
Q8MQ31	-1.05024181740946
O17352	0.597614116419848
A0A131MCQ4	-0.357084644620159
A0A131MDH4	-0.357084644620159
A0A131MBU4	-0.357084644620159
O17350	-0.357084644620159
G5EGB9	-2.90295398607005
Q20652	-0.272391674757966
W6EKY2	-0.132061340350979
Q20655	-0.132061340350979
W6E8Z9	-0.132061340350979
Q20656	-1.59127382214145
Q968Z2	0.776186143569401
Q9TXM9	0.776186143569401
I2HAE4	0.210065175822859
Q9TXM1	0.938051293057399
Q9TXM6	0.672778102211642
G5EF15	1.01250864884984
Q20666	1.22033561003224
A0A486WXA9	-0.214014558740628
A0A486WTT8	-0.214014558740628
A0A486WX74	-0.214014558740628
H2L005	-0.214014558740628
H2L004	-0.214014558740628
Q7M3K6	-0.214014558740628
H2L003	-0.214014558740628
G4SHJ1	-0.214014558740628
G4SNG9	-0.214014558740628
Q3Y409	-0.214014558740628
Q2PJ97	-0.655463149920317
Q20665	-0.0613871784911085
H2L002	-2.65481864049189
Q7JP50	-2.65481864049189
A0A486WWN9	-2.65481864049189
Q2PJ98	0.358369814897918
Q20660	0.74429314443749
Q7JP52	0.74429314443749
Q20662	-1.60406665207637
A0A2K5ATY3	-1.26258544606583
Q20664	-1.26258544606583
A0A486WU44	0.190393586940327
P24349	0.190393586940327
Q20672	0.190393586940327
A0A0K3AT65	-1.21914655422492
A0A0K3AVG4	-1.21914655422492
A0A0K3ATA5	-1.21914655422492
Q20670	-1.21914655422492
Q20671	-4.36246568234933
Q21065	-4.36246568234933
Q94367	-4.36246568234933
Q8WQF1	0.743529173487198
Q20676	0.743529173487198
G5ED42	-0.0641687905397411
Q20675	-1.35571951524402
Q20677	0.967961378846678
Q20678	0.969058818541876
O01933	-1.1063954570664
Q9UAQ8	-1.69893762169778
A0A0K3AXT9	2.77827956442754
A0A0K3ASI3	2.77827956442754
Q9U539	0.0169988660121116
O02270	0.0169988660121116
Q9XTC6	-0.0922434704499015
O02273	-1.73953797783089
H2L2J7	-1.13900925684626
O02274	-1.13900925684626
Q94138	-1.13900925684626
O17883	-0.138523777302807
F5GUI0	-0.138523777302807
A0A061ADX7	-0.279098512308762
A0A061ACN4	-0.279098512308762
O62255	-0.279098512308762
B3VKU3	-0.279098512308762
O62257	-0.279098512308762
Q2YS49	-0.279098512308762
Q2YS50	-0.279098512308762
Q45F95	-0.279098512308762
Q9XUE3	-0.404287988645236
Q2EEN1	-0.404287988645236
E1B6W0	-0.404287988645236
D3YT78	-0.404287988645236
O62256	-0.424683643332186
Q9GZI0	0.078923117337262
A0A5E4M2G1	0.428053015054816
Q7Z131	0.461903616569604
A0A0K3AVL7	-0.19159752412723
O17395	-0.19159752412723
O17393	-0.903107828225991
O17394	-0.155565634149656
O17396	0.391164609380127
A0A5E4LZ56	0.366618764312841
O17397	0.366618764312841
O17398	0.0575620600796511
Q20679	0.097165109530673
Q20680	0.340335713604805
Q20681	-0.904657226179949
Q20682	0.718829344955964
Q20683	0.210337081414975
Q27501	-2.65670862777833
Q20684	-1.058147249933
G5EGB1	-1.058147249933
H2L055	-0.72466144588857
A0A131MBF2	-0.72466144588857
Q86RS9	-0.72466144588857
A0A131MBM3	-0.72466144588857
A0A131MCP2	-0.72466144588857
Q965M4	-0.72466144588857
Q8IA84	-0.72466144588857
O45546	-1.06434875537677
O45548	0.12957794512427
G5EE74	0.810489411738023
O45550	-0.0427154953692805
D1MN85	-0.867652662944497
O45551	-0.867652662944497
O45552	-0.119563956043266
G5ED68	-0.272766121047547
Q69Z15	-0.272766121047547
G5EBF2	-0.272766121047547
O45554	0.516327473864683
O17220	0.624557425601923
G5EFY1	0.483629961603819
A8WIR1	0.027624492603174
O17218	0.027624492603174
C7IVR4	0.271442593555614
C7IVR5	0.271442593555614
C7IVR6	0.271442593555614
G4RT56	0.271442593555614
G4RT57	0.271442593555614
G4RT58	0.271442593555614
S6FMX9	0.271442593555614
Q9TXQ4	1.83044908874406
Q20690	1.97091156179244
Q7Z072	-0.670581816662284
Q20688	-0.736615300299819
Q20687	-1.34463369283133
Q20686	-0.967547760468636
Q20691	-1.94383052417279
Q20692	-0.216955787373039
Q20693	-1.95756417284646
P50439	-0.117330087688597
Q20696	0.614048880476837
Q20695	-1.48271823797091
Q20697	0.563241278247668
X5LPS1	-0.952582415367435
X5LX59	-0.952582415367435
Q20707	1.96546157463065
G5EEC5	-0.968847839033158
Q95QF1	0.0976970453417466
Q20709	0.323081240529952
Q20712	-0.118967466243226
Q20713	-0.450572721793485
Q20711	-5.28740800725613
Q9XVM9	-1.67994351585657
I2HA88	0.299231280005204
P90884	-0.24936473843553
I2HA89	-0.24936473843553
Q8I4I1	-0.24936473843553
Q9U3E7	-1.43991760459419
Q8T3D9	-1.74754345343655
C7FZU0	-1.36827560407285
C7FZU1	-1.36827560407285
Q20716	-1.73157820248972
H9G2W3	0.627600120808547
G5EGB4	0.627600120808547
Q7YX03	-3.59645374387046
N1NTJ1	-0.429485794653611
Q93765	-0.429485794653611
Q93761	-0.248526028787674
Q93762	-0.324996923263885
E5QCH3	-0.324996923263885
Q1HAZ9	-0.373062161316403
Q93763	-0.373062161316403
Q1HAZ8	-0.373062161316403
Q93764	-0.298015603086223
Q93759	-0.586821395247415
Q93758	-0.73477896322394
Q0G820	0.441820791317881
Q9TXT9	-2.04366691812697
A0A238ULT2	-0.540482529592545
A0A238UKK1	-0.540482529592545
A0A238UKJ7	-0.540482529592545
Q9TXU1	-0.540482529592545
H2KZD1	-0.540482529592545
H2KZD2	-0.540482529592545
Q9TXT8	-3.0073467560907
Q9TXT6	-0.123431132935428
Q9TXT5	0.366102016231151
H2KZD0	-1.45725474022476
P91321	0.16587348519121
Q6F6K3	-0.459650189948843
Q6QWI8	-0.459650189948843
A0A0M7RFG1	-0.459650189948843
A0A0M7RDU0	-0.459650189948843
A0A0M7REC3	-0.459650189948843
A0A0M7RF66	-3.68640620556854
A0A0M7REP5	-3.68640620556854
P91316	-3.68640620556854
P91318	-0.19160666510899
A0A0K3AUY3	-0.455153620197171
Q9UAU3	-0.455153620197171
Q07750	-0.210956300783635
G5EBG8	-0.344563926989913
H9G305	-0.344563926989913
A0A3B1E9Z3	-0.344563926989913
G5EEG5	-0.344563926989913
P91997	-0.693525325699074
P91998	-0.257658071822915
Q9XVM6	-2.39291202829151
P34682	0.0967309337665212
J7SEY5	-0.441041654647809
Q9XVM8	-0.441041654647809
P91999	-2.12687974964586
O01580	-0.0595780669784753
A0A2K5ATM9	-0.28775036321363
A0A2K5ATP6	-0.28775036321363
O01579	-0.28775036321363
A0A2K5ATM2	-0.28775036321363
O01578	-0.766842583717626
A0A2C9C2Y0	-0.658524227538429
I7FN62	-0.658524227538429
A0A2C9C3C9	-0.658524227538429
A0A2C9C379	-0.658524227538429
O01577	-0.658524227538429
O01576	-1.53729787486319
Q4TT81	-3.4203772737768
Q20726	-1.12143344210494
Q20719	0.281782540005029
Q20720	-0.541864300116352
Q20727	0.813102067480234
Q20724	0.846669086499621
G5EC45	-0.598474280675789
Q6BES8	0.869241558927407
A6ZJ72	-1.48608220482514
Q20728	0.267665073759802
G5EDG8	-1.28288963410574
Q20731	-0.669881442261127
B1Q262	-0.669881442261127
O62260	0.51434608874896
O62261	-1.59178851170723
O62258	-0.777923175658196
G5EDR1	-0.401138647197098
A0A3B1E4W1	-0.401138647197098
B3WFX9	0.295339975716216
I7EVK5	-0.483642581256954
O01803	-0.483642581256954
O01802	-0.342261543165629
V6CKQ3	-1.13065864525049
Q94140	-1.13065864525049
Q95R07	-1.13065864525049
H2L067	-1.13065864525049
O17249	0.828297986580931
A0A2K5ATR1	2.50567549267338
A0A2R8F5A8	2.50567549267338
A0A2K5ATS8	2.50567549267338
A0A3P6P962	0.244337462576308
A0A3P6NNQ0	0.244337462576308
O17245	-0.321211817317587
Q965K2	-0.545237384554275
U4PRR4	-0.545237384554275
U4PEV8	-0.545237384554275
U4PBN2	-0.545237384554275
U4PBH1	-0.545237384554275
U4PRP4	-0.0194733082317182
O45074	-0.0194733082317182
O45075	0.359070391513361
Q86MG4	0.359070391513361
A8WHS4	-0.274801995753819
A8WHS5	-0.274801995753819
N1NTF3	-0.274801995753819
Q20733	-0.274801995753819
A0A0K3AS53	1.94441778435515
A0A0K3AVM5	1.94441778435515
Q9U3E6	1.94441778435515
D7SFQ8	-0.278985621570939
D7SFQ9	-0.278985621570939
Q93781	1.0840175716823
Q93782	1.27334570514759
Q93780	0.756356031530241
Q93779	-0.142342368184297
Q86D18	-0.244948251976971
Q20736	0.378004614027356
P51485	-2.23647492481766
Q20734	-0.4450790235316
Q20735	-0.329822457990859
Q9N4J7	1.37544983133423
Q9N4J8	-0.566689365280977
Q9N4K0	-0.355218408907586
A0A2I2LG32	-3.57271580937136
Q9N4J9	-3.57271580937136
V6CJG5	-0.0122581165532169
Q9TYT4	-0.0122581165532169
H2KZG0	0.316485278138837
H2KZG2	0.316485278138837
Q9TYT3	0.316485278138837
Q20738	1.33427356054812
Q20745	0.0731595898834018
Q9U475	0.0731595898834018
Q9U476	0.0731595898834018
Q20737	-0.110035560160535
Q20741	0.129162774948071
Q20746	-1.00669891513081
Q20743	0.77820262467879
A5Z2S3	-0.208362479085173
O62263	-0.208362479085173
Q20748	0.27928035640347
B7WN74	0.597520238363522
O45561	-0.51511173501069
H9G342	1.26690295566569
O45562	1.26690295566569
P91326	0.2300338229927
Q10660	-1.28767473145353
P91324	-0.608698035450499
Q10665	-0.608698035450499
G8JY65	-0.608698035450499
Q8I7G3	0.0245126007070205
Q8I7G4	0.0245126007070205
G5EF37	-0.724582782548582
Q9TZ90	-0.0742806228357496
Q9TZ93	0.108750091810365
G4S460	-0.256106518785203
Q9TZ91	-0.671526277214647
P34441	0.171489973071152
Q9U4A4	0.171489973071152
P34442	-0.75758998645127
E1B6R1	-0.75758998645127
P34443	0.141218042275479
D1MN60	-1.00409208062749
D1MN61	-1.00409208062749
E1B6R2	-1.00409208062749
P34444	-1.00409208062749
P34445	-0.279947777534544
D1MN62	-0.279947777534544
E1B6R3	-0.279947777534544
E1B6R4	-0.279947777534544
E1B6R5	-0.279947777534544
Q86D24	-0.279947777534544
Q20751	-0.539405737947943
Q20758	0.157508222878389
Q20759	-0.408737581011583
B7WN78	1.08131786036893
Q20752	-0.281562344787543
Q20753	-0.342798417867264
P49405	-0.466145996175127
Q20755	0.915737848359017
Q20756	0.329206388628451
Q20757	2.48090520832297
Q20760	-0.382423569714886
Q20763	2.10690940407846
Q20765	-0.0561680958741898
Q20766	-0.427567770664974
Q20762	-0.466153996780119
Q9TZ85	-0.449240573269988
Q9TZ87	0.183819826853268
Q9TZ89	2.27851110737977
Q9TZ88	1.50866817189492
Q22993	1.02726212152662
Q22992	0.465928994766204
A0A486WXG9	0.159143241460219
J3K004	0.159143241460219
I7LFE2	-0.975402548750307
E6N0V1	-0.975402548750307
A5JYS0	0.701423569399205
A5JYS1	0.701423569399205
G5ECE4	0.701423569399205
G5EG47	0.52070730531401
G5EE46	-0.748135861255907
G5EG17	0.0956735909963779
Q9XVW8	-0.154303188162072
Q65ZB5	-0.154303188162072
Q65ZB4	-0.154303188162072
D7SFM0	-1.01554479410464
Q20768	0.913039056991845
A0A2C9C334	2.37614827472227
Q20769	-0.632204884704165
Q20770	-0.0361070090339398
Q5FC73	1.07414908162405
Q20771	1.07414908162405
Q20772	-0.309602977040925
Q20774	-1.20810307760396
Q20775	-0.800885132204598
O44732	-0.753298811693915
O44731	1.32527537842108
H1ZUW9	1.32527537842108
O44730	-0.676037717072667
A0A0M6VD87	0.38838476828463
A0A0M6VD87	-0.154966692171235
Q20778	-0.120613756247972
Q20779	0.172661466209121
Q8IG19	-0.515989343932746
Q20780	-0.515989343932746
Q20781	-2.74250280595953
A0A131MB23	-2.74250280595953
Q8MQ25	-0.274326088645285
G5EEW5	0.377079792798536
Q9TXK1	-0.228526081241421
Q9TXK3	1.45543901391129
V6CLU0	-0.314078207198033
V6CLT3	-0.314078207198033
A0A0M7RDU5	-0.314078207198033
A0A0M9JJ85	-0.314078207198033
H2L074	-0.314078207198033
H2L075	-0.314078207198033
H2L076	-0.314078207198033
Q5PY59	-0.314078207198033
Q8MXD8	-0.314078207198033
Q9NL87	-0.314078207198033
V6CJB8	-0.314078207198033
V6CKH1	-0.314078207198033
V6CLP5	-0.314078207198033
V6CLU5	-0.314078207198033
A0A4V0INT8	0.0541876485625071
J7S122	0.0541876485625071
A0A4V0ILV9	0.0541876485625071
A0A4V0IM91	0.0541876485625071
A0A4V0IKJ4	0.0541876485625071
A0A4V0IKG1	0.0541876485625071
A0A4V0IL12	0.0541876485625071
D6R8W9	0.0541876485625071
Q93786	-1.213248190935
Q93787	-1.58197104856563
Q1W0S3	0.823258888232228
Q20787	0.823258888232228
P49196	-1.06357894435034
Q17353	-0.13665697292398
Q27GV0	-0.13665697292398
Q95QE9	-0.13665697292398
U4PRG6	-0.13665697292398
U4PEL6	-0.13665697292398
U4PM75	-0.13665697292398
U4PRH0	-0.13665697292398
U4PEM0	-0.13665697292398
U4PBE2	-0.13665697292398
U4PBS3	-0.13665697292398
U4PBR8	-0.13665697292398
U4PBE6	-0.13665697292398
U4PM79	-0.13665697292398
Q20784	0.071686581528864
P53806	0.0406202428776867
Q9U6V5	0.0406202428776867
Q9BI86	1.133840497501
Q95QE8	0.365094726544358
O45569	1.45113306302935
B6VQ96	1.45113306302935
O17889	-0.607848948379947
A7LPI9	-2.47731906579169
A7LPJ0	-2.47731906579169
F5GUF8	-2.47731906579169
P34446	-0.384186736171126
A0A131MAY4	-0.666765954619149
P34449	-0.43235010034642
G8JYB8	-0.43235010034642
P34447	-0.43235010034642
P34448	-0.43235010034642
Q10652	-0.43235010034642
P34450	0.420110313639183
Q8IG18	0.420110313639183
P34452	-0.0999755051205013
P34453	-1.28815476629854
P34454	0.162877112532298
Q93791	-0.193072504368177
C7FZU3	-0.193072504368177
C7FZU4	-0.193072504368177
Q93789	-2.83613454224968
G5EGA6	-0.997517074340098
Q20788	1.50271225886736
Q20789	-0.483716106666932
Q20791	-0.0894599338247693
G4RXT8	-0.493160684304894
Q400L7	-0.493160684304894
A0A4V6M3D1	-0.493160684304894
Q7Z298	-0.493160684304894
A0A4V0INL2	-0.493160684304894
G4RXT9	-0.493160684304894
A0A4V0IJX7	-0.493160684304894
A0A4V0IKF3	-0.493160684304894
Q03599	-0.899722987624709
Q03603	-0.0169373568853701
Q03600	-0.940388245137513
A0A131MCD3	-0.468787359258837
Q03601	-0.468787359258837
Q23510	-0.468787359258837
P34455	0.733449756680348
Q8IG17	0.733449756680348
Q8WQF0	0.733449756680348
A0A5S9MRZ2	1.45001204963779
A3FPI4	0.180923921908251
P34459	0.180923921908251
P34460	0.169799440991839
A0A0K3AR19	-0.602401759160604
A0A0K3AUL1	1.07718321572301
A0A0K3AWX6	1.07718321572301
P91332	1.07718321572301
P91329	-0.647612807771436
Q65ZG6	-0.647612807771436
Q20796	0.78610077343198
Q20797	0.154600275734426
Q20798	0.222203191727722
C8JQR9	-0.575019417833814
Q20799	-0.575019417833814
Q20800	0.740097522583476
P90887	-2.11476225903956
Q2L6U7	-2.11476225903956
G3MU11	-2.11476225903956
H9G2W4	-2.11476225903956
I2HAA1	-2.11476225903956
Q20802	-1.1316779316168
Q20803	-0.557945840583969
I2HAA2	-0.557945840583969
Q95R14	1.04227481649111
H2KYZ8	0.436321652501694
Q7Z132	0.436321652501694
Q8T3H1	0.436321652501694
O01760	0.436321652501694
O01759	-0.216655731045844
H2KYZ9	-0.584281176896002
Q86NJ7	-0.584281176896002
O01758	-0.584281176896002
O01756	-0.0564215614794491
O01755	-0.904244194162508
O01757	0.52055990099645
A0A7R9SUH1	-0.917827682437947
Q95R13	-0.917827682437947
H2KZ00	-0.917827682437947
H2KZ01	-0.917827682437947
Q86NJ5	-0.917827682437947
G4S684	-0.686100838478815
Q400N4	-0.686100838478815
Q9N5R8	-1.56504457391566
Q9N5R9	-0.0006878863885282
Q94241	0.158244522594444
Q95Q52	-0.931700183926974
M4Q8W4	-1.89441574811867
Q94237	1.57342769665887
Q94239	-0.0996227503062059
Q94242	-0.203712252400791
A8WFM4	-0.657906855281132
H2KYF2	-0.657906855281132
Q8MPU6	-0.657906855281132
H2KYF3	-0.657906855281132
U4PMB4	0.519319246113055
G5EGF4	0.519319246113055
Q6S9C1	0.519319246113055
O76360	-0.327924892006591
U4PEQ9	-0.327924892006591
U4PRL6	-0.327924892006591
Q688A8	-0.327924892006591
Q688A9	-0.327924892006591
Q7KPJ2	-0.327924892006591
Q8MXG6	-0.327924892006591
Q8MXG7	-0.327924892006591
O17892	-0.239317650600269
O17890	0.241010904839718
O17318	-0.13390173573999
Q9NLC2	-0.13390173573999
Q93794	0.382099388129941
O44083	0.382099388129941
Q95ZT0	0.382099388129941
Q93795	-0.0685775524201787
Q6RV00	-0.115009240572976
Q6RV01	-0.115009240572976
Q93796	-0.115009240572976
H9G2Y1	-0.139894703218592
G5EDN6	-0.139894703218592
Q7YX00	0.214521316514625
Q20813	-0.465907292854589
Q8IG15	-0.465907292854589
Q95ZS6	-0.465907292854589
Q8IG14	-0.465907292854589
A0A2C9C3A5	-0.211139816241077
Q20808	0.105080003633391
H2L079	-0.794496058371312
H2L080	-0.794496058371312
Q95ZS9	-0.373926509721332
G5ECU9	0.162309089191839
Q6BES3	0.162309089191839
Q20818	1.75559640571605
Q20819	0.652668378511365
A8WHT6	0.233740727988503
Q20821	0.233740727988503
Q20822	-0.0262205870571708
O61528	-0.569138135418462
O61529	-0.569138135418462
P91339	-0.569138135418462
Q7KPP4	-0.569138135418462
Q7JNG6	-0.569138135418462
Q7JNG4	-0.569138135418462
Q95Q51	-0.569138135418462
H2KYM4	-0.569138135418462
H2KYM2	-0.569138135418462
H2KYM3	-0.569138135418462
C4ALD5	-0.569138135418462
Q9XUY9	-0.916256183932263
Q9XUZ0	-4.13067354186753
Q20829	1.1483548994986
P48162	-0.602120802947787
Q20826	0.00284125535899111
Q20827	-1.67726935171204
G5EDN0	-0.622688012403639
Q20830	-1.13591482155064
Q20833	-0.0897124631655232
C1P648	-0.0897124631655232
G5ECR9	1.13694485230592
G5EDI5	1.13694485230592
G5EBM3	-1.58950023067898
G5EFL3	-1.58950023067898
Q20840	1.18527160599114
Q20841	-1.13120237754245
O61851	0.481743298750078
L8E6W9	0.481743298750078
Q9XUY2	-2.23796384102694
Q8MQ23	1.4437132078768
Q9XUY4	1.4437132078768
V6CLW5	-0.1298397925321
Q9XUY5	-0.1298397925321
P91346	1.64755870434684
P91340	-0.826492361031098
P91341	-1.29619192140015
G5EBE3	0.347731999222604
P91343	-0.296650451650867
P91344	0.21622401042147
G4SKK4	0.951265543462614
P91348	0.951265543462614
Q20850	-3.40061616425118
O02619	-0.232720625731561
P62784	-0.232720625731561
Q7JNV2	-0.232720625731561
Q20852	-0.942201538521468
Q20854	0.384256576089499
Q20849	0.467867623399443
Q20846	0.811986188685326
Q20844	0.532453426279478
G4SDJ1	0.532453426279478
G4SDJ0	0.532453426279478
W6SBJ5	0.532453426279478
Q20845	-0.473782201513425
Q20848	-1.65319793827736
Q9XUD8	0.0328096145134789
G5EC22	-3.47937533563617
Q9XUE0	-0.523489491754276
D5MCV0	-0.523489491754276
Q9XUD5	-3.59403866130035
Q9XUD6	-1.13647778520845
Q20856	-0.072574689503367
Q9XVM4	-2.25905820119728
P90891	0.271588824822824
P90889	-0.383222755560621
Q8I4I0	0.956654488893732
G5ECP6	-0.91032410887527
Q19902	-0.91032410887527
A5JYU2	-0.91032410887527
H2L2G0	1.2053437405504
H2L2F9	1.2053437405504
G5ECR5	-0.72095472099948
O61260	-0.72095472099948
P34461	-0.72095472099948
P34462	0.112612887478339
P34465	-0.990183935172239
P34466	0.562172763659738
Q9TYW0	0.562172763659738
P34467	0.235945949610743
O44518	0.467429292092444
Q95YG2	0.467429292092444
O44516	-0.172777745439605
U4PEY8	-2.08551963609567
U4PBR3	-2.08551963609567
U4PC34	0.174409361158209
O44517	0.174409361158209
O17894	-0.432043234311526
A0A486WYF3	-0.804503856707712
O45571	-0.804503856707712
P91352	1.13591046827688
P91351	0.912944059265371
P91350	0.138363191090399
Q8T8M4	0.138363191090399
P91349	0.320703694313865
Q95ZL9	-2.06352114798267
A0A0U1RML6	1.41125973098369
A0A0U1RML5	1.41125973098369
H2L082	-0.0446683957306884
F0IWT2	-0.0446683957306884
V6CLM3	-0.259767424312825
V6CLH9	-0.259767424312825
V6CJ54	-0.259767424312825
Q9GZG5	-0.259767424312825
Q4W4Z4	7.95278895550444
G5EBW3	0.675234891531135
C0P286	0.675234891531135
Q95ZS5	0.322272105636415
O45574	0.322272105636415
O45575	0.0537051351374466
O45576	0.292408805987764
O45577	0.445833483431594
O16000	-0.377780286014474
O18657	-0.377780286014474
O61526	-0.377780286014474
Q9TZZ0	-0.377780286014474
O45578	0.993329990774752
C0P287	0.656171906947172
O45114	1.54080143009306
O45115	-2.99851155037203
Q9TXR7	0.950069096694765
H2L085	0.950069096694765
Q8WSN2	0.536937258519561
Q9BKP1	1.47664794259058
H2L086	0.619155471620103
C3JXE2	0.619155471620103
U4PS75	0.619155471620103
O45106	0.521022166714939
O45109	-0.295994453540195
U4PFC3	0.209662554984247
O45110	0.209662554984247
Q8WQC0	-1.05894811270462
H2KYQ7	-1.05894811270462
H2KYQ8	-1.05894811270462
A0A4V0IKM4	-1.05894811270462
A0A4V0IJG9	-1.05894811270462
A0A4V0ILX5	-1.05894811270462
Q1W0R0	-1.05894811270462
Q95Q48	-1.05894811270462
Q95Q49	-1.05894811270462
H2KYQ5	-1.11138932518145
H2KYQ6	-1.11138932518145
Q95Q50	-1.11138932518145
Q22995	-0.288365905717652
Q2V4S5	-0.288365905717652
A0A3B1E8V2	-0.288365905717652
A0A3B1DQQ4	-0.288365905717652
Q22996	2.14767669374608
O61213	-0.293968548898728
Q9NH90	-0.293968548898728
V6CLI4	0.799235182512689
O44978	0.799235182512689
O44975	0.786346338620306
A9D7Z5	1.6793763188126
H2L068	1.6793763188126
H2L069	0.0787050254294848
Q86S38	0.0787050254294848
O61758	0.420172199252503
O61761	0.146848235250724
Q20859	-1.42978019889773
C1P638	-0.341795759304352
C1P639	-0.341795759304352
M1ZMI5	-0.772342051416148
Q09EF2	-0.772342051416148
P48727	-0.311121341948974
A0A486WX46	-0.518102063464031
A0A486WY26	-0.518102063464031
H2KY88	-0.518102063464031
Q8MQ22	-0.518102063464031
Q8WQE8	-0.629639103226739
Q20864	1.49090583967731
H2KY89	1.67469776686683
A8WFF4	1.67469776686683
H2KY87	1.67469776686683
Q20865	0.348743616470523
Q20866	-1.16464513675211
Q10127	0.546425971673822
Q10128	0.284698754340403
Q10129	1.45351047627561
B2MZB0	-0.558424148917183
H2KZM6	-0.558424148917183
H2KZM7	-0.558424148917183
H2KZM8	-0.558424148917183
O76282	-0.558424148917183
Q9TZZ1	-0.558424148917183
A0A1I6CMB8	-0.558424148917183
Q10130	-1.99883432893032
Q10131	-2.83343630660828
Q20870	0.274678487008649
Q9U5G2	0.274678487008649
Q6A593	0.467307510006449
G4RZC3	0.467307510006449
G5EC31	0.467307510006449
Q86N72	0.467307510006449
G4RZC9	-0.233079175535063
O16643	-0.233079175535063
A0A5S9MN04	-0.233079175535063
G4RZC8	-0.233079175535063
A0A5S9MNX6	-0.233079175535063
A0A5S9MQ27	-0.233079175535063
H2KYR1	-0.132899565660608
Q9TXS0	-0.393631976045858
H2KYR2	-0.393631976045858
A0A2C9C3L5	-0.380176380400477
A0A2C9C366	-0.380176380400477
A0A2C9C3F6	-0.380176380400477
P98080	-0.380176380400477
Q20874	-0.22800965071732
A0A2C9C301	-1.4795746368706
A0A2C9C2U4	-1.4795746368706
Q20872	-2.72530042712096
Q20871	-1.22367060920412
Q20875	-1.23904208784303
G8JY03	-1.23904208784303
O01421	-0.640534408339534
O76337	-0.640534408339534
O01420	3.21597906665563
Q20877	1.75708010316459
Q20880	-1.6544979511107
Q20883	-0.392132885002046
I2HAJ8	-1.09663244480259
I2HAJ9	-1.09663244480259
Q20881	-1.09663244480259
Q8ITX4	-0.219656913532882
A0A0K3AS47	0.361737993401297
A0A0K3AUI7	0.361737993401297
A0A0K3AXY1	1.02479604659128
A0A0K3ASL6	1.02479604659128
D6VPA1	1.02479604659128
Q9TXP0	-0.119631489014945
Q8MQ20	-0.42246100124471
Q20888	-0.42246100124471
J7S155	-0.574918960881771
G5EDJ0	-0.574918960881771
P90893	-0.503928414945414
Q20892	-0.728300892946104
Q20893	-0.446007888956838
G5EEI1	-0.395439890698453
Q9TZ62	1.10034701352598
Q9TZ63	0.734329665336778
Q9TZ64	-0.20070829933732
Q8MXF1	-0.0126421428826861
Q9TZ65	-0.0126421428826861
Q20898	0.45614466321993
G5EF61	-0.0683723231568715
Q86MD1	-0.0683723231568715
P48154	-0.0215801474253477
G5EFH1	-0.91798760070706
O01840	0.0781919642034158
Q9NJH8	0.0781919642034158
A7DT36	0.374912944703509
G5ECQ5	0.252795698769409
Q9XUY1	-0.922321858306505
Q9NBD6	0.328914818873485
Q9TW67	0.328914818873485
Q9XUY0	-1.44031790472955
G5EEW0	0.0993522372928856
O76371	0.0839440663379796
O76373	-0.295201372555721
Q4W4Z2	0.403880653668491
A7DT45	0.600814680195419
O77469	-0.773067881263044
A0A061ACI3	-0.773067881263044
A0A061ADQ1	-0.773067881263044
A0A061ACF5	-0.773067881263044
A0A061AIV4	-0.773067881263044
A0A061AKL1	-0.773067881263044
O18026	-0.773067881263044
O77474	-0.773067881263044
Q20903	-0.773067881263044
Q50JF9	-0.773067881263044
Q5I5Q9	-0.773067881263044
Q95NZ3	-0.773067881263044
Q9TZS1	-0.773067881263044
B3GWC1	-0.878051116979963
I2HA95	-0.878051116979963
Q20902	-0.878051116979963
K8ES54	0.421704983170724
G5EEE5	0.421704983170724
Q20909	-0.204469594361031
H9G2Y5	-0.204469594361031
Q20907	0.432909988487157
G3MU18	0.527607485054182
G3MU19	0.527607485054182
Q20910	0.527607485054182
Q10573	-0.566253595788903
Q7JLH0	-0.566253595788903
G5EF95	-1.93595146000624
O17895	0.214574967148024
O17898	-2.00888720712478
Q9GTF1	-2.00888720712478
G5EDE0	-0.115951682642961
Q20913	-0.0219278237932853
Q2PJ77	-0.0219278237932853
Q20915	-1.06655088012964
Q20924	1.21721062187882
Q20921	-1.94847764966288
Q20925	-0.78658847121941
Q1HB01	1.47018987411844
Q1HB00	1.47018987411844
O44743	-0.563931569482896
P52872	-0.536066011758947
O44739	-0.42271454285073
O44740	0.0416627228392793
Q8MXI1	0.2596736910117
G5EFZ1	-0.943536495202324
Q8IA68	-0.943536495202324
A0A7R9SUX0	-0.0370875103478516
A0A7R9SUL5	-0.0370875103478516
A0A7R9SUK8	-0.0370875103478516
O44741	-0.0370875103478516
O44738	-0.295876555955844
O44737	0.939219390380808
G5EC40	-0.0748545603488422
O44734	-0.117953483143417
O44735	-0.263286231939657
Q20929	0.108586801512017
Q8MQ19	0.108586801512017
Q20928	0.00404108483378853
B6EU60	0.00404108483378853
Q20930	0.113883164205823
Q9NDL4	0.113883164205823
Q20939	-0.820507369217221
Q20938	-0.471409184423028
Q5DX45	-0.471409184423028
A0A1D3PCL8	0.0584244085436168
S5ZDJ9	0.0584244085436168
A0A1D3PCL9	0.0584244085436168
A0A1D3PCM5	0.0584244085436168
Q20937	0.0584244085436168
Q20935	0.861010737098006
Q5DX46	-1.32710626505729
Q8I7J4	-1.32710626505729
Q20932	-0.158355818072196
P27639	0.970122679818647
Q4TTC4	0.970122679818647
H2KZX2	0.428616971211893
Q8MQ17	0.428616971211893
Q20936	-0.443555411667403
Q20942	-1.06338914463643
Q20940	0.0650892594622563
Q20943	-1.30550081747697
Q94137	-1.30550081747697
Q7YZW1	-0.175389607037086
Q94136	-0.175389607037086
Q3S1M2	-0.175389607037086
Q5KQS9	-0.175389607037086
Q95QE2	-0.175389607037086
Q8MQ16	-0.175389607037086
C6KRG7	2.30475119581383
O45593	1.88722902467754
O45594	-0.153690097976088
O45595	0.778304279579942
U4PAQ6	0.393749037022781
A0A0K3ARL4	0.393749037022781
O62265	0.393749037022781
H2FLK2	1.90781897470648
G5ECT7	1.90781897470648
U4PB03	1.90781897470648
A0A0K3ASR2	0.688776195154197
A0A0K3AWB8	0.688776195154197
Q20948	0.688776195154197
Q20947	0.688776195154197
G5ED88	-0.0799505923835532
G5ECW8	-0.0799505923835532
Q8I4H9	0.350257716990044
P50605	0.350257716990044
Q20945	-0.83782388100321
H1ZUV6	-0.846208523815028
O01824	-0.846208523815028
G8JXZ7	-0.846208523815028
O01823	-0.726008646866557
A5A8Q6	-0.0250315199215256
H2KYD3	-0.0250315199215256
H2KYD4	-0.0250315199215256
O01820	-0.218613658288692
O01818	0.826227202047998
O01819	0.184213452531843
J7S151	-2.53540973655926
Q9XXT3	-2.53540973655926
A0A3B1E4W4	-0.627393092576387
A0A3B1E616	-0.627393092576387
Q8MQ15	-0.627393092576387
G4S481	-0.627393092576387
Q3Y415	-0.627393092576387
G5EBE4	-0.627393092576387
Q94246	0.184336117781972
Q94247	0.335071837751725
Q20950	0.404028182918611
P90895	-0.039884947267261
Q18791	-0.039884947267261
Q86C59	-0.039884947267261
H2L2D1	-0.039884947267261
G5EGJ1	-0.039884947267261
Q20951	-1.2723542711202
Q20952	-2.14225134903998
Q1ZXU2	-2.14225134903998
P34885	-0.318260037957296
G3MU31	-0.318260037957296
Q20953	-0.318260037957296
H9G2Y7	-0.318260037957296
Q20955	-0.695903285765591
G5EEW2	-0.953878794250359
Q20956	-0.953878794250359
Q9XU88	0.0564670496439314
G5EC41	0.150379558439845
O62268	2.62326331572413
G5EFK4	-0.207161033406376
G5ED76	0.0834581140334809
Q7KPQ9	0.0834581140334809
O45098	-2.30515595402073
W6SBI6	-1.01497036858301
O45095	-1.01497036858301
O45097	-2.42187699972298
W6RR23	-1.72015448617675
O45100	-1.72015448617675
O02518	0.147830826861343
O02599	0.147830826861343
Q93803	0.147830826861343
Q93807	0.147830826861343
Q9U3E2	0.147830826861343
G5EEL0	0.147830826861343
Q8I4H8	0.147830826861343
Q8IU51	0.147830826861343
A0A0K3ATB0	-1.02631188339302
A0A0K3AVM0	-1.02631188339302
A0A0K3AYL0	-1.02631188339302
A0A0K3AYK2	-1.02631188339302
A0A0K3ATB5	-1.02631188339302
A0A0K3ASS4	-1.02631188339302
Q10656	-1.02631188339302
Q7JL68	-1.02631188339302
Q7YZM7	-1.02631188339302
Q7YZM8	-1.02631188339302
Q7YZN0	-1.02631188339302
Q7YZN1	-1.02631188339302
Q7Z025	-1.02631188339302
Q8MQ14	-1.02631188339302
Q93804	-1.02631188339302
Q95QE0	-1.02631188339302
Q95QE1	-1.02631188339302
Q93802	-0.947825215747363
Q93806	-0.615534067513523
Q93805	0.356158865044052
P34477	-0.18939700449584
P34478	-1.02181011288497
G3MTX0	0.294702186894566
G3MTX1	0.294702186894566
Q5CZ52	0.294702186894566
P34470	0.743214628683986
P34471	0.318513898403369
G3MTW9	0.318513898403369
P34473	1.8654408299245
P34474	-0.0717873930673605
Q7JMU4	-0.0717873930673605
Q7YXC9	-0.0717873930673605
Q86DA4	-0.0717873930673605
Q9U3E1	-0.0717873930673605
P34475	0.969272017467427
P34476	-0.485961027611883
Q20959	-0.252625464337298
Q20957	-1.87299874146741
Q20958	-0.195251126864974
Q7Z0M3	-0.195251126864974
Q20961	0.496015790921763
Q20964	-0.427622549655468
Q20969	-1.22520940751216
Q20970	-0.134396355521279
D3YT56	-0.134396355521279
Q20965	0.156544219761838
Q20966	0.58500284186928
Q20971	0.255369046686485
G5EE48	0.24630794481962
Q7JLI1	-1.19682398417757
Q20975	-1.19682398417757
Q7Z0M2	-1.19682398417757
Q20976	0.200028048127357
J7SF01	0.349192836629699
Q20973	0.349192836629699
Q20974	-0.589164665658555
Q7YX11	-1.04986852863943
A0A8S4SRB8	-1.46520624194614
G5ED10	0.880563385233401
B3KYC2	-0.0127236908263042
Q9NLD1	-0.0127236908263042
Q9NLD2	-0.417484759066918
Q7YTT0	-0.417484759066918
B3KYC3	0.310878960905881
G5EDA5	0.310878960905881
G5EEY7	0.310878960905881
Q9NLD3	-0.703881790335673
Q9TZG6	0.445445335640915
Q9TZG9	0.797526578334831
Q9XUW6	-0.0204619687958043
Q1ZXS6	-0.0204619687958043
N1NSI8	-0.0204619687958043
Q9XUW5	-0.286689101203354
Q6R023	-0.0565730250709273
Q9XUW8	-0.0565730250709273
Q9XUW9	0.220930325011377
Q9TYZ7	-0.789684162590069
Q9TYZ8	-1.85019243252884
B2D6L5	-0.667246958578263
Q20977	-0.667246958578263
Q20978	-0.667246958578263
Q95ZS4	-0.667246958578263
Q9U9L4	-0.667246958578263
G5EBS8	0.538373546460804
L8E946	0.538373546460804
N1NSG8	0.538373546460804
N1NTL5	0.538373546460804
N1NVB9	0.538373546460804
Q7YX04	-0.985376607422265
H2FLH1	-1.95125924062999
B2D6L7	-1.95125924062999
F5GUB1	-1.95125924062999
A0A061ACS5	-1.95125924062999
Q20983	-0.390585696451168
Q09544	0.216437380799233
Q27GU6	1.01657381450638
O44175	0.687669305209152
G4SL31	0.298524177681756
Q20993	0.298524177681756
Q20990	-1.3212130088623
H2KZC6	-1.3212130088623
Q20988	-4.999850113852
Q20992	-0.884469263549073
B7WNA2	0.331080201421207
O62276	0.331080201421207
O62277	0.472252854976751
O62271	-0.367926369487677
O62274	-0.471649409468637
O62270	0.8428223330366
Q9XVM0	0.596107988034304
Q9XVL7	0.596107988034304
G3MU56	-0.117842599777663
G3MU57	-0.117842599777663
P90897	-0.117842599777663
P90898	0.679097418014591
Q9XVL9	-0.978281968759357
D9N145	-0.978281968759357
G5ED97	-0.178580178735117
Q9XVL8	0.180068888712918
Q21000	-0.04238171511615
Q21004	-0.382105098150956
Q21009	1.86893246223821
A0A061ACH3	-0.853826337602725
Q21005	-0.853826337602725
B3GWB8	-0.869761275807566
Q21006	-0.869761275807566
Q7JM21	-0.869761275807566
Q95NU3	-0.869761275807566
Q9GTH8	-0.869761275807566
G5ECD8	-0.460503541433416
D3YT21	-0.460503541433416
Q95QD9	1.55013600325296
A0A8D6UGU9	-2.08649164916468
Q7YX13	-2.08649164916468
Q5CZ44	-0.468532217752574
A5JYS6	-0.468532217752574
C6KRJ4	-0.468532217752574
Q2PJ74	0.0618176606492198
Q21011	0.980855196628909
Q21012	0.438445411836959
C8KHX6	-1.77449977045116
Q21013	-1.77449977045116
Q21014	0.768672464350779
G5EBT2	-1.28438088762597
G5EEF9	-1.28438088762597
B6EU65	1.07418797212889
Q93827	-1.60000286711955
Q21017	-0.233398036786539
O45090	-0.295410451122683
O45089	-1.3851601708951
O61216	0.309893136702904
G5EG90	1.08287945730203
O45094	1.08287945730203
Q9XUW0	2.32221681276408
A5Z2W0	-0.620281898695137
Q9XUW3	-0.620281898695137
Q9XUW2	0.940371319265769
Q21021	0.0115877448019549
Q86G90	0.0115877448019549
Q21018	0.428821145291236
P52874	1.12759651176131
Q2EEP3	1.12759651176131
Q21019	0.0894884809349347
A0A3P6PCP8	-0.35296835830286
A0A3P6N624	-0.35296835830286
A0A3P6NI91	-0.35296835830286
A0A3P6PAV3	-0.35296835830286
P91359	-0.60072326033444
P91357	0.253221135647877
Q8I7G1	-1.47339724953102
P91353	0.372623547945606
P91354	0.725238021227721
A0A0K3AU77	0.218186192501233
Q8I7G2	0.218186192501233
P91356	0.218186192501233
P91361	1.69695735522143
Q21029	-1.03314950844646
A0A0K3ATZ5	-1.03314950844646
Q4TT99	0.776784332877659
Q21025	-0.0650936502710615
Q86MG7	-0.057783976416813
Q21024	-0.057783976416813
Q86MP4	-0.057783976416813
O16281	0.487503692555546
O16279	-0.147650618397154
H2L093	-0.147650618397154
A0A0K3AS56	-0.147650618397154
A0A0K3AVN2	-0.147650618397154
Q8IA57	-0.0192710782516818
O61880	-1.12831756930167
O61882	-0.486057823075828
A0A168H5T6	-0.904280192716763
G5EG88	-0.904280192716763
G5EFI7	0.90032433507511
Q09950	-0.200588872350412
Q09951	-0.173573413703948
Q09952	-0.191781400381725
Q6BEV1	-0.191781400381725
Q09953	0.485466420384014
Q09954	-0.823511273539005
A0A1N7SYQ7	-0.334325744216132
P34488	-0.334325744216132
P34479	0.400166870135875
Q9U3E0	0.400166870135875
P34480	0.0564472035785614
C0P266	0.23217485980776
C0P267	0.23217485980776
P34481	0.23217485980776
P34482	-0.370897961068615
I7EVJ8	-0.174628492649498
P34213	-0.174628492649498
P34483	-0.148144613758634
P34484	-0.462064353918364
Q86D10	-0.177806975789799
P90899	-0.177806975789799
A0A061AIW8	-0.177806975789799
A0A061AKM4	-0.177806975789799
A0A061ACK1	-0.177806975789799
H9G2T4	0.25976904943895
Q21032	0.25976904943895
H9G2T3	0.25976904943895
A0A7R9SUP0	1.38639907688616
Q21035	1.38639907688616
O17470	0.158485348078155
Q21034	0.158485348078155
G5ECV2	0.158485348078155
A0A8D9MTV9	-1.35948767467697
Q21036	-1.35948767467697
G5EG00	0.143456503290301
Q564X7	0.381335911094462
Q1ZXT9	-0.575212406419017
Q1ZXT8	-0.575212406419017
B3WFW3	-3.36405139531364
Q93830	0.630989350734795
Q93831	-0.566920250377331
E9P884	-1.24658857232141
Q93833	-1.24658857232141
Q93834	1.75805791885237
O17899	-0.529068791276904
O62281	-0.363096782014503
Q9XUV6	0.470929313301462
G5EGU4	-1.24198682293376
G5EE63	1.40594595832609
A0A0M7RF68	0.934616648923057
O16344	0.934616648923057
O16338	-0.42072798135817
O16343	-1.4131037143014
Q21037	0.442107122756317
P52012	-0.0160395878846976
Q09548	-0.0160395878846976
O17901	-0.866993042686652
O45695	0.236246702745186
H2L098	0.0476758077378222
O16752	0.0476758077378222
O16753	-0.677617779188526
O16764	0.318067469358761
O16761	-0.658942386020211
H2L096	-0.573212914700923
A0A486WVM8	-0.573212914700923
O16759	-0.573212914700923
O01905	-0.0755668479121666
O01901	0.523795800279375
O01902	0.257993497986158
G5EFP5	0.147920428202662
U4PC52	-0.969045279278015
A0A0K3AR23	0.921323489225788
O01903	0.614694363323787
Q9GT24	0.614694363323787
H2KYU6	-0.434509658753437
Q95QZ7	-0.434509658753437
O01894	-0.416371095304858
Q95QZ9	-0.416371095304858
O01900	-0.741662933781581
Q21038	-1.15902195006671
Q21039	-0.841861205140838
G5EFH3	0.355664287642889
Q8MQ13	-0.553660386443723
Q93839	0.055253164546543
Q93838	-0.464180083976271
Q93840	0.095083883955989
Q93783	-0.274815914832282
Q93841	-0.274815914832282
G5ECR3	-0.338634268807348
G5EBW0	-0.483724602015915
Q21046	-1.2713607648154
A0A8D6PCX4	-1.22036925004436
Q21049	-0.864244269700405
G5ED92	1.00137063149186
Q21054	-0.227077781990709
G5EET1	-0.227077781990709
G5EGR9	-0.227077781990709
Q8T3D8	-0.227077781990709
A1X3T7	-0.430707518353013
Q21053	-0.430707518353013
V6CM02	-0.253213869555764
G5ECV5	-0.253213869555764
G5EC24	0.292126168626669
Q9TY03	1.27949979316988
A7LPD5	0.147767542498193
H2KZW2	0.147767542498193
Q86RS8	-0.601411822813675
Q9TZI4	-0.601411822813675
Q9N5P9	-0.672630212685493
Q9N5P8	2.17165297907896
Q9N5P7	-0.595954194719471
Q9N5Q0	-1.42424288095982
Q9XTJ4	-0.773529694063691
E3W759	-0.261922803700098
O17902	-0.261922803700098
O17903	-0.324360342171358
Q7JKB9	-0.638447218890029
Q7JKB8	-0.638447218890029
B2MZC7	-0.638447218890029
Q9N5P5	-0.0302816733137055
O45599	1.02137998068078
O45601	-0.569651702316701
O45602	0.0385821150063821
G5EGT6	-3.87153889227484
Q9XTW2	-0.139117217170355
G5EFE3	-0.437747649333897
Q94248	-2.55306796325419
H8W3X4	-0.419712020702813
Q94249	-0.419712020702813
A0A7R9SW94	-0.419712020702813
O45607	0.444188361874097
H8ESD1	-5.71264591183001
D0Z5M9	-5.71264591183001
O45608	0.297095258721683
A0A679L8H9	0.448854356773951
O61208	-0.885149051449889
Q8MTJ4	-0.885149051449889
Q8ITY3	-0.885149051449889
A0A2C9C368	-1.14102480560995
Q9TYQ7	-1.14102480560995
Q9TYQ9	0.526500467534001
G5ECS4	1.20217359123003
H2L0A8	-0.765325184847483
Q9TXU2	-0.765325184847483
Q8ITW5	-0.297796676121646
H2L0A7	-0.297796676121646
C7IVR8	0.260518975984812
A0A1X7RBN3	-0.801500665567542
O17905	-0.801500665567542
G5EDC0	-0.801500665567542
Q95YA3	0.345354740430434
A0A1T5HUI4	0.00944212442761647
A0A1T5HUJ8	0.00944212442761647
A0A1T5HUG1	0.00944212442761647
A0A1T5HUY1	0.00944212442761647
A0A1T5HUI7	0.00944212442761647
Q9XTR0	0.232095800750537
Q9TXV2	-0.729379461693311
U4PRL1	-0.729379461693311
U4PEQ6	-0.729379461693311
U4PBI0	-0.729379461693311
U4PBV8	-0.729379461693311
Q7YXV5	-0.729379461693311
G4SLK8	0.642396244596545
Q400L6	0.642396244596545
Q9TXU7	0.110808761796041
A0A1I6CM99	-0.22308928002186
Q8WTJ4	-0.595925520846869
H2L0A9	0.0628227046938299
Q7YXH1	0.0628227046938299
A0A0K3AU49	0.036173407864724
Q8MXV3	0.036173407864724
A0A0K3AR97	0.036173407864724
Q9N5N7	0.036173407864724
Q8MXV4	0.036173407864724
A0A0K3AUV4	1.42351878269397
Q9N5N8	1.42351878269397
Q5CCJ2	-0.515772816195516
Q9N5N9	-0.515772816195516
Q5CCJ3	-0.515772816195516
A0A146I8Z8	-0.321326167283646
P37165	-0.321326167283646
Q07372	-0.321326167283646
Q8MXV5	-0.321326167283646
Q9N5P1	-0.321326167283646
C7GIK1	-0.309147775789654
H2L0B2	-0.309147775789654
G5ED07	0.147085522638179
O17909	-1.03120799731328
K8ES75	-0.0886015007673712
K8F7T8	-0.0886015007673712
O17907	-0.0886015007673712
O45611	-0.76824445091352
D3YT91	-0.76824445091352
D3YT92	-0.76824445091352
H9G357	0.364065768915034
O45613	0.364065768915034
H9G358	0.364065768915034
H9G355	0.364065768915034
H9G356	0.364065768915034
Q8ITW4	-0.934824817100562
Q8MXF0	-0.934824817100562
Q8MXE9	-0.934824817100562
Q9N5N1	0.00402193787115061
A0A163UTG7	0.0648012867262996
A0A168H5X3	0.0648012867262996
A0A168H612	0.0648012867262996
A0A168H651	0.0648012867262996
O76669	-0.786707642717099
A0A8D9MH60	-0.786707642717099
C7IVR7	-0.786707642717099
O76667	0.467677082383649
O76668	-0.10084012626116
Q8ITW8	-0.10084012626116
Q9BJK7	-0.10084012626116
O76670	-1.72407123135264
O76671	-0.545032165939932
O61803	0.844042729172498
A0A5E4M3B1	-0.215972604881631
A0A5E4LZG5	-0.215972604881631
A0A5E4LWT0	-0.215972604881631
A0A5E4LWF5	-0.215972604881631
G5EFG5	-0.639187066716486
Q86PK1	-0.230106460466158
Q9XXM8	-0.230106460466158
H8ESE6	-0.230106460466158
Q86PJ8	-1.69513033585756
Q95ZS3	-1.69513033585756
A0A5S9MQU2	0.426769384509246
B5BM48	1.04178412389238
Q9XTX0	1.04178412389238
G5EGK3	-2.20502462954219
H2L2K1	-2.20502462954219
H9G340	1.13263154603949
H9G341	1.13263154603949
Q9XTW9	1.13263154603949
A0A486WWW4	-0.822237813406644
Q9XTW6	-0.822237813406644
Q9N5M6	1.20465439752832
Q95QD8	-0.311331876213732
Q9XTQ5	-0.311331876213732
Q9XTQ8	-0.0586754630773981
A0A7R9XNE4	-0.0586754630773981
Q564P9	-0.0586754630773981
Q9XTQ7	-0.260572494764743
C6KRQ4	-0.338276308497084
Q9XTQ6	-0.338276308497084
A0A0K3ATC0	-0.338276308497084
O17214	0.218586367835382
O17213	0.383095310807955
O17212	1.6516589836897
O17215	-0.585553137549379
Q9TYP1	-0.568541046066139
Q8ITV4	-1.19008406360127
H2L0A5	-1.19008406360127
H2L0A4	-1.19008406360127
H2L0A6	-1.19008406360127
Q9TYP4	0.328931559250999
Q9TYP2	-1.02158510249759
Q5TKA9	-0.717550359016855
O61980	-0.717550359016855
Q86S24	-0.717550359016855
O61977	0.132294585114508
A0A2C9C326	-0.723858563898761
A0A2C9C375	-0.723858563898761
A8WIT0	-0.723858563898761
H2L0B7	-0.723858563898761
G5EF17	0.338582068197713
G5EG30	0.338582068197713
Q86GC2	0.338582068197713
Q86GC3	0.338582068197713
Q8I8G9	0.338582068197713
Q8I8H0	0.338582068197713
Q8I8H1	0.338582068197713
Q9U3D6	0.338582068197713
Q94392	-0.0860301340196712
Q09EE7	-0.0860301340196712
G5ED09	0.592754386817514
G5EEC9	-0.245835596105503
H2KZC3	-0.245835596105503
H2KZC2	-0.245835596105503
C0KDV0	-0.245835596105503
D0G908	-0.245835596105503
V6CJH3	-0.245835596105503
O44827	0.0513554746438468
H2L0B9	0.0513554746438468
H2L0C0	-0.205789235690626
Q86S39	-0.205789235690626
G4SLZ9	-0.902944894971073
G5EE64	0.520198769736753
Q400N3	0.520198769736753
H2KYT5	0.520198769736753
Q9UB29	0.069676089478473
Q9UB28	0.069676089478473
H2L0C1	0.069676089478473
Q9BKP3	0.069676089478473
H2L0C2	-1.21815793414494
O44836	-1.21815793414494
O61265	-1.21815793414494
Q95X57	-1.21815793414494
O45622	-0.715388348327792
E9P8A2	-0.715388348327792
Q7JKC3	0.372109570477553
G3MU83	0.372109570477553
G3MU80	0.372109570477553
G3MU82	0.372109570477553
G3MU79	0.372109570477553
G3MU81	0.372109570477553
N1NTI7	0.372109570477553
N1NSD8	0.372109570477553
N1NTD2	0.372109570477553
N1NV07	0.372109570477553
N1NVB4	0.372109570477553
N1NTJ2	0.372109570477553
N1NSE3	0.372109570477553
N1NTD8	0.372109570477553
O45623	0.372109570477553
O45624	0.372109570477553
E9P8A3	0.22740148302246
O45625	0.22740148302246
G5EBH6	-0.437135596323653
Q9NCE1	-0.437135596323653
F1LIN4	-0.437135596323653
Q9TYY9	-0.167806503698516
Q9TYZ0	1.0325373667491
H2KYG0	0.917110246970419
Q9N5L9	-0.444985413735172
Q9N5M0	-1.15324100602273
Q9N5M1	0.822688315309576
Q2WF63	0.822688315309576
Q9N5M2	0.185249632749241
Q9N5M3	-0.146776130295334
E0AFQ0	0.511565925315295
Q9BLB6	0.511565925315295
Q4W5T6	-0.541429351980248
A0A4V0IN69	-0.931318845330048
A0A4V0IL24	-0.931318845330048
A0A4V0INN2	-0.931318845330048
Q8MQ12	-0.931318845330048
A0A4V0IKL1	-0.931318845330048
A0A4V0IKH6	-0.931318845330048
A0A4V0INV4	-0.931318845330048
Q9XXK5	-0.931318845330048
Q9XTV4	-0.462577440761576
Q9XTV3	-1.8064156319274
Q9U3D4	-1.27639060058332
H2L2K5	-1.27639060058332
B3GWD9	-1.27639060058332
Q9XTV2	-1.27639060058332
O44536	-2.02726760681787
P55956	-0.0235651335792884
Q9TXI5	-0.0235651335792884
O76632	-0.200522428344296
O76631	-1.29908499588736
H2L0C3	0.322452279940737
Q1XFY3	0.322452279940737
Q9N5L2	0.208171726876849
H2KZM9	-0.974253670243496
Q9N5L6	-0.974253670243496
Q9N5L5	-4.01843269102523
Q9N5L4	-0.941010974581261
Q9TXZ6	-0.409629487375941
Q9TXZ7	3.85847436878296
Q4R104	1.11815774897685
H2L0C5	-0.545309944360029
Q8WSM1	-0.545309944360029
Q5TKA5	-0.545309944360029
H2L0C6	-0.545309944360029
A0A2C9C3E2	-0.545309944360029
A0A2C9C3D0	-0.545309944360029
Q17335	-0.130141052001238
Q8WSP4	-0.130141052001238
A0A0K3AVN7	-0.345363467620208
A0A0K3AXZ0	-0.345363467620208
A0A0K3ASM7	-0.345363467620208
A0A0K3AUZ1	-0.345363467620208
Q9N5L0	-0.345363467620208
A0A0K3AS63	-1.75578721401067
G5ED43	-1.75578721401067
Q9N5K6	-1.25928444128591
Q9XU15	-0.787737498105767
Q9TVL3	-0.0337275601791579
Q9XTH5	-0.0337275601791579
Q9UB02	0.196482318679311
G5EFI9	-0.050035678534366
Q9TXR4	-0.651684104082458
G5EF46	0.31052262510521
G5EBT9	0.31052262510521
Q2YS47	-0.259995987233136
Q9BJK5	-0.259995987233136
Q9XXL0	-0.259995987233136
Q9N5K1	-0.0776086360190817
Q9N5K2	1.03846137705129
G5EEB6	0.652769573008948
Q8MXF3	-1.0335782629049
H2L0D0	-1.0335782629049
H2L0D1	-1.0335782629049
H2L0D2	-0.494422812767304
H2L0D3	-0.494422812767304
Q9TXP3	-0.276476036537395
Q7K7K6	-0.944697564048035
Q7YTU5	-0.944697564048035
Q7YTU6	-0.944697564048035
Q9XXK1	-0.944697564048035
G5ED60	1.30439942366168
Q9NL29	-1.32988778890472
Q9XXU1	-1.32988778890472
Q9BLB4	1.35527388411705
Q9BLB5	0.922433734113325
V6CIT4	-0.930183290983694
Q9TYQ5	-0.930183290983694
O62286	-2.61085165420433
Q7YWX0	-0.023585077559015
G5EGM0	-0.496273538599118
Q9TYY7	-1.22637437571385
V6CJY2	0.0852666039318551
Q9TYY8	0.0852666039318551
O76672	-0.608314388650493
Q9TYZ4	-0.749712424649861
V6CJB4	-0.164357109357872
V6CKG6	-0.164357109357872
G5ECJ0	-0.235575539723355
Q6TXQ9	-0.235575539723355
Q9TZM7	0.0733424727414172
Q9XXT5	-1.02553360579404
Q9U3D0	-1.58189117395333
Q56W03	1.03964243953193
A0A061AJ57	1.03964243953193
G5ED17	-0.115903673792018
G5EC05	0.353566327315952
Q9U3C8	0.0658467689549604
Q9U3C9	0.0658467689549604
Q9XXA7	0.624155624938707
O61394	-0.376912878178799
O61395	-0.376912878178799
O61396	-0.376912878178799
C0Z3L2	-0.376912878178799
B1Q266	-0.380208593342403
E0AHE2	-0.380208593342403
E0AHE3	-0.380208593342403
E1B6W1	-0.380208593342403
G5EE60	-0.380208593342403
G5EE76	-0.380208593342403
H2L2K6	-0.380208593342403
H2L2K7	-0.380208593342403
N1NTJ6	-0.380208593342403
Q17346	-0.380208593342403
Q17368	-0.380208593342403
Q1ZXR3	-0.380208593342403
Q9TVG6	-0.380208593342403
Q9TW45	-0.380208593342403
A0A2C9C376	-0.380208593342403
O45628	0.446431052917106
D5MCV4	-0.0493484630079848
D5MCV5	-0.0493484630079848
G5ECP7	-0.139107432678941
A0A5E4LZB3	-0.139107432678941
O76636	-1.21743133878885
O76634	0.305457865901397
Q9Y1J3	-0.570517386501002
Q9UA36	-0.570517386501002
O17347	0.0577169325659354
A0A2C9C343	0.544757380304146
Q9N5K0	0.544757380304146
A0A168H9C2	0.269318474201343
A0A163VU72	0.269318474201343
A0A168H995	0.269318474201343
Q9UAY9	-0.215830459211058
A0A168H9F5	0.101298838020766
Q8WSL9	0.101298838020766
G5ECL2	0.179176162496318
B3CJ53	0.179176162496318
G5EDR8	0.179176162496318
G5EEJ9	0.179176162496318
G5ECW1	0.41070947973605
Q2EEM9	0.41070947973605
Q8WQE7	-0.136003070915074
Q2EEM8	-0.10827261732435
Q9NAQ2	-0.0947044758407276
O62290	-0.124159547454855
P61866	-0.124159547454855
Q2EEM7	-0.124159547454855
Q95QD6	3.18884458234691
S6F574	1.96320971387633
Q95QD5	1.96320971387633
A0A486WWG3	-0.0313848530877519
A0A486WX88	-0.0313848530877519
O62295	-0.0313848530877519
Q95QD7	-0.0313848530877519
O62291	-0.123259317970268
D3YT79	-0.123259317970268
O62289	-0.128355411607419
Q21068	-0.416897179368033
Q21069	-0.621848505726695
Q9TZ49	0.357767675638428
A0A0K3AUL9	-0.59232136597894
Q9TZ50	-0.59232136597894
H2KY97	0.35086019514219
H2KY96	0.35086019514219
Q9TZ47	0.35086019514219
A0A0K3AWY0	-0.518581020137936
Q9TZ51	-0.518581020137936
H2KY95	-0.518581020137936
Q7KNR1	-2.22460311922877
A0A0K3ARM0	-2.22460311922877
A0A0K3ATZ8	-0.299776267966721
Q9TZ58	-0.299776267966721
Q9TZ57	-1.58697396019791
Q56VR8	0.821658456463207
Q56VR9	0.821658456463207
Q9TZ55	0.821658456463207
Q86S20	0.821658456463207
C1P633	-0.348654190361163
C1P634	-0.348654190361163
D3YT29	-0.348654190361163
C1P635	-0.348654190361163
C6KRJ8	-0.348654190361163
H9G2T5	0.768057963080704
Q21077	0.768057963080704
P34489	-0.320312549669338
P34490	-2.51234492150288
P34491	-0.131576570312699
Q21080	-0.652451947449363
P47208	-0.0685288790714422
Q21081	-1.62127395177112
Q21087	-0.367520522217246
Q95ZS2	-0.367520522217246
Q21088	0.435133758052583
Q21083	-0.970389737275447
A5JYR3	-1.02927414607545
Q21084	-1.02927414607545
Q21086	-0.322919823850631
Q21090	1.56032543897961
G5EDZ7	-2.7251756541826
G5EET3	-1.01082438856923
Q21097	-1.08363338999745
G5EBH4	-1.08363338999745
G5EGC7	-3.99234646961991
I2HAG5	-1.42118794201883
Q21094	-1.42118794201883
F5GUD1	-1.42118794201883
Q21096	-1.08008280152469
Q21091	1.11462504609344
Q21089	-0.202059434317579
Q7YTL1	-0.684711366452869
O17917	-0.338200492017291
Q9BI82	1.36454341251416
G5EDE2	-0.0464162949644508
G5EFS9	-0.0464162949644508
Q9U3C6	-0.0464162949644508
O17915	0.36566172254615
O17919	0.219567259320959
O01705	0.712168777563
O17920	0.712168777563
O17921	0.231189438675139
G5EDH3	0.623770368917807
G5ECC8	0.623770368917807
G5EF83	-0.658378635246843
Q21102	-0.106293823821603
D3YT20	-0.106293823821603
P90902	-0.355929480207692
Q95ZS1	-0.355929480207692
O02513	-0.437414264917877
Q21109	-0.437414264917877
Q3Y3Z7	1.16741386647026
Q09573	-0.550703009237441
A0A1X7RC59	-0.550703009237441
Q09401	0.676856642881733
P54688	-0.624000895760059
P54406	-0.0907260600972682
Q21111	2.59144667361286
Q21112	-0.243402657888854
P20268	0.732861366646305
Q9GSZ8	0.732861366646305
Q21114	1.81435517467724
Q21115	-0.0815541826779517
Q3LRZ3	0.6900094735879
Q14V27	0.6900094735879
Q21117	0.44273829228531
P90904	-0.416231025663544
P90905	0.119248364292531
C6KRL6	0.119248364292531
Q21122	0.835440942218202
Q21121	-0.384135194699601
V6CLI7	-0.387297815768394
Q21123	-0.387297815768394
P52821	-0.321941323198878
A5Z2W7	-0.385211741160317
O45637	-0.385211741160317
Q21126	1.19583774450021
E5QCG7	-1.18842551467091
E5QCG8	-1.18842551467091
B7WN96	-1.18842551467091
G5ECF7	-1.18842551467091
Q09403	-0.352248091020219
Q09931	0.528245806403145
A0A131MAZ4	0.528245806403145
A0A131MAU8	0.528245806403145
A0A131MBF0	0.528245806403145
A0A131MCC3	0.528245806403145
A0A131MD24	-0.159644676720402
G5EF51	-0.159644676720402
Q8I4H7	-0.995076585658103
A9Z1J6	-0.272609695846557
O61223	-0.272609695846557
P34492	-0.272609695846557
Q95QD2	-0.272609695846557
P34495	-0.0286390208076717
P83351	-0.807567223068939
H8W3Z6	-2.78103365653902
Q21131	-0.014653887076607
Q21130	-1.00907287423605
U4PSA1	-0.00945285100522193
O61217	-0.00945285100522193
O45103	-2.09396182931077
G5ECG7	0.521228489971989
O45102	-1.1194470561833
A0A9J5DXX5	0.562400497593476
Q21137	0.562400497593476
G5EG65	-1.94353411310406
Q7Z135	-1.94353411310406
Q65ZJ0	0.217211947503401
H2L0B3	0.217211947503401
Q21133	-0.244286909463975
Q21138	-0.576555692695042
B1Q236	-0.189214468140018
H2L0B4	-0.189214468140018
A0A4V0IKN9	-0.189214468140018
Q21141	-1.1995723354509
A0A2C9C3L6	-0.146592071173718
A0A2C9C3B3	-0.146592071173718
A0A2C9C3L8	-0.146592071173718
A0A2C9C3E6	-0.146592071173718
Q21140	-0.146592071173718
Q21144	-1.04013656757418
Q21143	-0.665794501792309
O62297	1.45862510199457
C1P652	-0.208946216655834
Q9XUV3	-2.25564969264747
Q9U3C4	0.70535679047713
O17257	-2.46477205262205
O17253	1.16949628540131
H2KZK7	-0.25434634026837
Q965K3	-0.25434634026837
P27604	0.341980283948559
O44985	-0.444090477138054
O44984	-0.334016227775188
O44983	-0.431508344952736
O44986	-0.0739851921609666
P46064	0.032212537396057
Q21154	-1.23834755937953
Q21155	1.32874881865419
Q5DX50	-0.188956725722734
Q9TXJ8	-0.188956725722734
L8E976	-1.59002226285722
Q21153	-1.59002226285722
Q21152	-0.949568065359809
Q21148	0.647636669996288
Q21146	-0.0333885643233712
G5EBI4	0.0923560022712894
Q21151	0.0297142963836786
O16631	-1.21543368996455
Q21161	0.771328687439484
E5QCE6	-2.01408191464862
Q95QD1	0.201892760201704
O61467	-0.383892193026519
Q21156	-0.383892193026519
Q7Z140	-0.383892193026519
X5M903	0.476097222039016
X5LV99	0.476097222039016
Q7Z139	0.32727734585885
Q7Z137	0.090588367055303
A0A2K5AU20	0.090588367055303
A0A2K5AU16	0.090588367055303
Q7Z138	0.090588367055303
Q21162	-1.43479539113022
E5QCE7	-1.43479539113022
B0EYF6	-0.603943788954395
B3WFU7	-0.603943788954395
B3WFU8	-0.603943788954395
Q94250	-0.603943788954395
A0A4V0IN02	-0.603943788954395
A0A4V6M3B8	-0.603943788954395
A0A4V0IK39	-0.603943788954395
A0A4V0IIT3	-0.603943788954395
B0EYF7	-0.603943788954395
H2L0D5	-0.399228410788641
A0A4V0IJI7	-0.399228410788641
Q21164	-0.399228410788641
H2L0D6	0.997497213625992
Q2L6W4	0.997497213625992
Q21166	-0.163381088357798
G5EDX0	-0.185334847146366
Q21168	-0.589554454687056
Q9XVU7	-0.113410907773429
Q21174	0.155803718207547
Q21173	-0.331227931429792
Q95ZS0	0.0535988658559932
Q21172	0.0535988658559932
H2L020	0.495827255759013
Q21171	0.495827255759013
Q21175	0.0409387709312648
Q86NG7	0.0409387709312648
Q21182	-0.0473045371416453
Q21176	-3.30613045276487
P54244	0.543200123951691
Q21187	-0.782744081376157
Q2L6X6	-0.782744081376157
Q7Z136	-0.782744081376157
G5EDX1	0.52244559595798
Q8WS94	0.52244559595798
A0A131MAV3	-0.688439897753662
A0A131MBB1	-0.688439897753662
A0A131MAQ8	-0.688439897753662
A0A131MC76	-0.688439897753662
O45640	0.308245433622105
G4SMJ0	-0.575603601211018
O61849	-0.575603601211018
O61848	-0.07359964753774
H2KZW0	-0.07359964753774
Q2MGE5	-0.07359964753774
H2KZW1	-0.07359964753774
O61847	-1.31818469540366
A0A1T5HUJ2	-1.31818469540366
G4RV72	-0.65710382766279
Q21192	-0.65710382766279
Q94157	-0.65710382766279
Q95ZR9	-1.0712739327551
Q21191	-0.715422158156625
G5ED08	-0.00725983933929248
Q21190	-0.00725983933929248
Q21193	-1.40886522589732
Q5GHR0	-1.40886522589732
Q21194	-0.12794500469178
P54246	0.584823932387889
Q3Y417	0.584823932387889
G5EBG3	0.316914983789867
Q21199	0.935825765930111
Q0PDK5	-0.772709368140505
F5GU77	-0.772709368140505
P34498	-1.03378505856077
P34499	-0.723777253066064
P34500	-0.653392182746749
P34501	-0.568651664222647
P34502	-0.741608582512499
Q21196	0.641800661982503
U4PBG9	-1.98617707739313
O61218	-1.98617707739313
Q2MGE8	0.708958101738406
Q2MGE7	-0.964137463826255
Q94259	1.16430946676417
A0A2C9C3X7	1.31979682128569
A0A0K3AXZ4	-1.68478319609903
Q94257	-1.68478319609903
A0A0K3ASN1	-1.68478319609903
A0A0K3AS68	-0.127409296323841
Q94251	-0.127409296323841
Q94256	1.48943377246289
O45657	-0.231695919733145
Q6BCZ2	-0.231695919733145
O45656	0.021249021019959
Q7JKG4	0.021249021019959
U4PEH8	0.934260773869933
U4PBA4	0.934260773869933
O62301	0.934260773869933
Q9XVV7	-0.418245785215091
Q21205	-0.418245785215091
Q21202	1.39797543705102
Q21201	-1.40295687877692
Q21210	0.840790676676677
Q8IG09	-0.827521476587885
H2L0E2	-0.827521476587885
Q21209	-0.0385381622359786
G5EF25	-2.59763307816663
Q4TTC8	-2.7647480694549
Q21215	-0.857455249491813
P54815	-0.198254333062555
Q95ZR8	-0.198254333062555
N1NVC4	1.03658728202607
Q21217	1.03658728202607
D3YT39	-0.323213755927268
P28192	-0.323213755927268
Q21214	-0.323213755927268
A5JYS9	-1.21191201052115
Q21216	-1.21191201052115
Q7YWX4	0.829260713992499
O76186	0.582394126980986
Q21219	0.582394126980986
Q9TXL4	0.281553531213667
M1ZMJ1	-0.954353091803277
M1ZJZ8	-0.954353091803277
A0A0K3ASN8	-2.17905410112877
Q9TXL3	-2.17905410112877
O44771	0.435248104924722
O44770	-0.910544113790872
O44769	0.522392742361191
A9D7B8	0.522392742361191
P51559	-0.385902087228368
A0A0M7RDN9	-0.385902087228368
A0A0M7RDU4	-0.385902087228368
A0A0M7RE83	-0.385902087228368
A0A0M7RFE9	-0.385902087228368
G8JYA5	-0.385902087228368
O44762	-0.385902087228368
O44763	-0.385902087228368
O44764	-0.385902087228368
O44765	-0.385902087228368
O44766	-0.385902087228368
O44768	0.656102976283723
O44772	0.0789425572443056
G5EGS7	-0.523565653735183
Q93845	0.124409645271126
Q93847	-0.455417031151731
A0A1C3NSR4	-0.88175098154726
A0A1C3NSS7	-0.88175098154726
A0A1C3NSL2	-0.88175098154726
A0A1C3NSP8	-0.88175098154726
A0A1C3NSK2	-0.88175098154726
Q93849	-0.88175098154726
Q18855	0.166840387886483
Q21230	0.166840387886483
Q21229	1.4914571162763
Q95ZR7	0.111230551790899
Q21221	0.222893925356235
Q21222	0.740620423728113
A0A061ACY0	0.119151042243746
G5ED25	0.119151042243746
Q21224	0.119151042243746
Q21225	0.492491389789062
B2D6N0	2.95442568579927
Q21226	2.95442568579927
O62302	-0.706830243652337
Q21227	-0.706830243652337
A0A1I6CM53	-0.706830243652337
Q21228	-0.467963185751226
Q21234	1.15696667031151
Q09584	-0.560359057961256
Q09385	0.364872114323369
Q09386	0.364872114323369
O18158	-0.787856093334358
Q21232	-0.787856093334358
Q2L6Y4	-0.787856093334358
Q8MQ11	-0.00495880928748767
Q21233	-0.00495880928748767
P17139	0.27734772605568
Q6LAD0	0.27734772605568
P34504	-1.28126396201014
P34505	-1.28126396201014
P34506	-1.28126396201014
P90907	-1.28126396201014
Q6BEV9	-1.28126396201014
P34507	-1.62634141772367
P34508	-0.35888177298722
Q9NAQ0	-0.35888177298722
Q9NCF8	-0.35888177298722
Q6LAC9	0.211014873089988
Q9GYN5	0.0920988797202835
Q3HKC3	0.0920988797202835
P90900	0.0861673010147019
Q9GYN4	0.0861673010147019
Q9GYN3	-1.04139198868945
H2L0E6	-0.741958244847332
H2L0E5	-0.741958244847332
Q2L6X7	-0.741958244847332
Q9XUV0	-0.6957156858618
Q9XUU2	-1.31952841336421
Q9XUU9	-0.142456292424559
Q9XUU8	-1.1573704181718
H2L2I2	-1.37594184594643
O44326	-1.37594184594643
Q9XUU5	0.588356881871531
A0A5K1I8Q0	-0.416938881654448
A0A5K1IAT8	-0.416938881654448
Q21248	-0.0311568687435168
A0A1D3PCK9	6.86419756467416
A0A2C9C3I8	1.0239054515623
A0A1B1LVF5	-0.0154029503190923
Q21241	-0.0154029503190923
G4S1B5	-2.23573196264839
Q3Y414	-2.23573196264839
A0A238UKL7	-2.23573196264839
G4RXJ7	-1.2187162847709
O44870	-1.2187162847709
Q2V071	1.83432313737409
A7DT43	0.513478837511817
Q2V072	-0.606484982964894
O44865	1.24748821522852
Q27504	-0.639598506139528
Q09585	-1.56629042860946
Q09586	1.08914716333304
Q09587	-0.141507851018014
Q9GTI4	-0.141507851018014
Q9GTI5	-0.141507851018014
Q09406	-0.466954873338942
A0A3B1E8R6	0.271597149127188
A0A3B1DQ66	0.271597149127188
A0A3B1DVJ7	0.271597149127188
A0A3B1E3M2	0.271597149127188
Q09588	0.271597149127188
Q10024	0.271597149127188
Q21256	0.257724332066778
D6R8W6	0.257724332066778
Q21253	-1.28781168213193
Q21254	-0.336176356849891
Q19341	-3.30062266046272
Q21258	-3.30062266046272
Q8MQ10	0.063190434583998
A0A0K3AR81	0.83357897902917
A0A0K3ATN5	0.83357897902917
O44553	0.83357897902917
O44548	0.655462207213501
O44549	-0.369620035563492
O44552	-2.88146894895484
H2KZG8	-0.187302253898321
H2KZG7	-0.187302253898321
Q95X65	-0.187302253898321
H2KZP6	-0.997827003059504
H2KZP5	-0.997827003059504
Q8IFX6	-0.997827003059504
A0A5E4LZK1	-0.997827003059504
A0A5E4LZF2	-0.997827003059504
A0A5E4LYH5	-0.997827003059504
A0A5E4M3E5	-0.997827003059504
P91364	-0.234664895697267
P91363	0.285743871183705
O17933	0.715724875674514
Q9GTG0	0.715724875674514
Q9GTG1	0.715724875674514
G5EGD4	0.337611149746311
Q4PIU6	0.657617619409925
M1ZMI4	1.46655487005111
Q9GYH4	1.46655487005111
Q95Q47	-0.581161349818105
Q8MPU3	-0.972185189146028
H2L0B8	-0.972185189146028
Q9GQ00	-0.972185189146028
Q9GYH1	-0.972185189146028
Q9GYH2	0.668890785945667
Q9GYH3	0.757907303552975
Q9XUT9	-0.270377137808373
Q9XUT8	0.700796990352414
P34509	0.68490473255579
P34510	-0.0352684810425553
P34511	-0.263398098942741
P34512	-0.160371413159134
Q9UB38	-0.160371413159134
P34513	0.515985573998384
P34514	0.515985573998384
P34515	1.07507351935927
G5EFQ1	0.40862247943882
P90908	1.28573157080054
P90915	1.0713807340704
P90917	0.15377088805424
A2JDY3	-0.0282705825795222
O62411	-0.0282705825795222
P90916	-0.0282705825795222
Q7YWY5	0.567839197864125
Q7JL16	0.267328004522945
E5QCH4	0.267328004522945
Q09EE6	-0.127179796767567
G5EET2	0.122823081865839
P90910	0.435992205620738
G5EDE8	0.512295351550809
A0A1N7SZF7	0.0410355382799362
A0A1N7SYV6	0.0410355382799362
A0A1N7SYQ3	0.0410355382799362
Q8I4H5	0.0410355382799362
P90914	0.0410355382799362
Q8I4H6	0.0410355382799362
P90919	0.224925377579469
P90920	1.1693778821314
P90921	0.26883498563166
P90922	-0.518696202126847
Q564V6	-0.518696202126847
G5ED79	0.305625555358154
Q9NAP9	0.28379194306881
H2FLJ3	-0.360525658904931
H2FLJ2	-0.360525658904931
B5BM34	-0.360525658904931
G5EBJ7	-1.94544251769582
H2KZH1	-0.642444770422208
Q6V5R5	0.742873382556089
Q9TXJ0	0.742873382556089
Q9UAH6	0.742873382556089
Q9TXI9	0.27843361707084
O01887	0.694241615188507
O01884	-0.480815921633808
O01883	0.00245986306620301
O01881	0.893209504064515
Q86FS9	0.893209504064515
A0A486WXW2	0.0441196201660204
O01882	0.0441196201660204
H2KZK5	0.629408704498038
Q95R01	0.629408704498038
O01886	-0.11068149218451
Q09934	-2.99650268437852
Q21273	-0.404765625445302
G5EDL3	0.71573474334367
Q21267	-0.339273718814198
Q21266	-0.0458867216611515
Q21265	-0.270982685162597
G8JY31	-0.646119454883272
Q21268	-0.646119454883272
Q21269	0.451877547504942
Q21270	-1.65215201550079
P53489	-0.249619729731806
A0A131MDB5	0.185426461626834
A8WHN6	0.185426461626834
Q21274	-1.11996496659784
Q21275	-0.190327480646859
Q21276	-0.252408482981471
G1K0X1	-2.67140669042709
G5EDL5	-2.67140669042709
Q21278	0.186778100498602
Q21279	-1.95809918534368
A0A486WY88	-0.594345500522753
G5EE12	-0.594345500522753
Q8MQ09	-0.595504059094283
O76577	-0.853338347178562
O76575	0.120107792922144
O76574	1.07688358083257
A0A1D3PD25	-0.575388547897024
O76572	-0.575388547897024
A0A1D3PCN4	-0.575388547897024
Q965J0	-0.575388547897024
O76576	-0.205890512841809
Q8ITW9	-1.51096301268221
Q21281	-1.14984648379926
Q964N4	-1.14984648379926
Q09407	-1.07159715624706
A0A679L8M9	-0.149690497239506
Q09165	-0.149690497239506
Q8MTB9	-0.149690497239506
Q21288	0.988764673248454
Q21287	0.657848069865838
Q21285	-0.475977055634356
Q21284	0.0549474818713746
Q9TY04	0.0549474818713746
A0A131MBX4	-0.385713538917666
Q10461	-0.385713538917666
Q21286	-0.385713538917666
Q65ZI7	-0.385713538917666
Q65ZI8	-0.385713538917666
Q7YZW5	-1.55895375616126
O16689	-0.485170113754555
H2L0F2	-0.821044959795031
A0A0M9JJ73	0.399713723470187
A0A0M7RF85	0.399713723470187
O16686	0.399713723470187
Q9U3C0	-0.112167134098648
Q21295	0.381750272944442
Q21296	0.381750272944442
Q9U3B9	0.381750272944442
Q9U3C1	0.381750272944442
Q21298	0.0554826456965807
I7J4C6	-0.259000298427584
Q7YWX3	0.204416084478231
A0A061ADR1	0.204416084478231
Q21301	-1.10924879116054
Q21302	0.0919009361419432
Q21303	0.751449875931926
Q21300	1.24681707978239
Q21304	0.671113673067547
G5EBW5	0.602220097621161
Q20068	0.331354619646855
O45181	0.193066663581175
Q4R123	0.31047488013758
Q4R122	-0.384949579468093
O45182	0.317380913344941
Q5W612	0.317380913344941
Q965K0	0.317380913344941
O61219	0.58325370300298
O45180	0.0476006534531442
Q9N5J2	-2.13562332784865
Q9N5J4	0.516176813845952
Q7KX66	0.0438777716840726
H2KZA1	0.0438777716840726
Q9GTC9	0.0438777716840726
Q21307	-0.406404128909957
Q7Z1P1	-0.406404128909957
Q8IG08	-0.596790103091301
Q21305	-0.596790103091301
A0A131MBB4	-0.232033298189668
A0A131MBV3	-0.232033298189668
A0A131MCR9	-0.232033298189668
A0A131MBD0	-0.232033298189668
O01584	0.817631122564347
O01582	0.563345502270927
O01581	0.576204998911762
A0A0K3AUZ7	-0.292740332001314
A0A0K3AS73	-0.292740332001314
A0A0K3AVQ9	-0.292740332001314
A0A0K3AY02	-0.292740332001314
O01583	-0.292740332001314
Q8MXE7	0.636796827178752
G5EDU7	0.636796827178752
V6CK60	0.636796827178752
V6CLJ5	0.636796827178752
Q9TYY6	-0.961216865817751
Q9TYY5	-2.32964111906793
Q9TYY4	1.13659133324417
G5EDZ9	-0.758735316768818
Q688A2	-0.0822325632822138
Q21309	-0.675355623909689
Q21308	-1.50275735031399
Q21312	-0.0202515249705401
G5EDP6	-0.560833335007984
G5EEV6	0.0554958227888697
Q21313	0.0554958227888697
C1P640	0.0554958227888697
C1P641	0.0554958227888697
A0A061AD21	0.0554958227888697
A0A061AJI9	0.0554958227888697
Q21314	-0.853830762977942
G5EBJ9	3.68294354176675
G5EBP0	-2.16130580152554
Q9XVV6	-0.536312693583938
Q9XUT4	-0.61439115396578
U4PCA1	-0.25081800434361
A0A486WY67	-0.25081800434361
Q8MQ07	-0.25081800434361
G4SMX8	0.293548855668986
U4PF47	-0.124534371488463
Q21324	-0.124534371488463
U4PBX2	0.214811885030711
Q21323	0.214811885030711
Q21322	0.562451575624881
Q966I8	0.106651066554714
Q966I6	1.30585502205185
Q8MXU9	-0.175614446252943
Q966I7	-0.175614446252943
D6QX34	0.305859053161424
H2L0F4	0.305859053161424
D3KZG1	0.305859053161424
Q21331	0.283395271843171
D3KFV0	2.27149241022247
D3KFU9	2.27149241022247
I2HAM1	2.27149241022247
Q21329	1.15805211067931
Q21330	0.535695496130793
Q5CZ42	0.535695496130793
Q5CZ40	0.535695496130793
Q5CZ41	0.535695496130793
Q21327	0.0712413906784026
M1Z859	-1.96681970245939
G5ECH9	-1.96681970245939
D3KFV1	-0.438564345431264
A0A0S4XRY4	-1.02350431193535
A0A486WTV8	-1.02350431193535
P41990	-1.02350431193535
Q9TXN4	-1.02350431193535
A0A0S4XR75	-1.22680472194776
A0A0S4XRB1	-1.22680472194776
Q9XUS8	-0.628013684051796
Q9XUT0	0.132288448755701
Q69Z13	-1.27982645468939
Q9XUS6	-1.27982645468939
Q86D12	-1.27982645468939
Q9XUS4	-1.27982645468939
Q9XUS5	-1.27982645468939
Q8WQE5	-1.27982645468939
Q9XUS9	1.41003057594416
V6CLF7	-0.708691211295432
V6CLJ6	-0.708691211295432
Q9XUS3	-0.708691211295432
Q9XUS2	-1.19306110420385
Q21338	-0.306021730806399
Q22440	-0.306021730806399
Q21333	-0.154238349880871
F5GUA0	-0.154238349880871
H2FLH0	-0.705076330999961
Q21334	-0.705076330999961
M1ZJY8	-0.112818732655082
Q21335	-0.112818732655082
Q21336	0.476920102231754
Q21339	-1.25352666455718
Q86G93	-1.25352666455718
Q86R85	-1.25352666455718
P34576	0.74842648200545
Q21340	0.74842648200545
Q65ZC2	0.74842648200545
Q9UA13	0.74842648200545
Q21342	0.320494892973368
Q9U3B7	-1.47496459622175
Q21341	1.16863381229053
Q21345	-1.09729321125679
Q21346	0.26493843328385
Q21347	1.38413943174334
Q2EEN9	1.38413943174334
P34712	-3.11213409254912
Q21349	-3.11213409254912
Q94261	-0.0888238638516674
Q8MPU1	0.631850148857256
H2KZL6	0.631850148857256
Q94263	-0.0449540571719043
Q21350	-0.260358244703708
O16116	-1.5096154508507
Q21357	-1.5096154508507
Q7YWZ2	1.02189256823168
Q21351	-0.219764124040049
Q21352	0.0440291111551492
Q21353	0.123862422504712
O16115	0.755831062091029
Q21356	0.755831062091029
Q21355	0.94200952379586
G5EG13	-0.201510658757538
Q21360	-0.39670412117883
Q65ZB6	-0.39670412117883
Q65ZB7	-0.39670412117883
Q7JM88	-0.39670412117883
Q8I117	-0.39670412117883
Q21361	-0.152457057598618
G5EDR5	-0.388475557302279
I2HA98	-0.357385405864993
P90925	-0.357385405864993
Q9XYQ5	-0.357385405864993
Q21365	-0.466691146901523
P90926	-0.466691146901523
Q93442	0.0322984874786876
Q93863	0.0322984874786876
Q7YWX2	1.19490189110424
N1NTI6	-1.38702154080969
Q9XVL3	-1.38702154080969
O17939	0.113706346673118
L8E826	-1.63529058987936
L8EC39	-1.63529058987936
L8E972	-1.63529058987936
O17940	-1.63529058987936
G5EDM0	-0.190497727581659
H2FLL1	-0.597505365845878
H2FLK7	-0.597505365845878
H2FLK5	-0.597505365845878
H2FLK8	-0.597505365845878
H2FLK9	-0.597505365845878
H2FLK3	-0.597505365845878
G5EEF0	-0.597505365845878
G5EDH9	-0.597505365845878
G5EFU3	-0.597505365845878
G5EBW6	-0.597505365845878
G5EGB8	-0.597505365845878
A0A486WUR9	-0.597505365845878
A0A486WVD1	-0.597505365845878
A0A486WVH0	-0.597505365845878
A0A486WWP8	-0.597505365845878
A0A486WXP6	-0.597505365845878
A0A486WTP6	-0.597505365845878
A9UJP7	-5.52769724344394
A0A486WX93	-5.52769724344394
Q9XU84	0.472208287576834
G5EEH0	0.336424110345989
Q9XU81	-1.2383421825238
Q21367	0.745917913355003
Q8WSZ5	0.745917913355003
Q21369	-0.251395081910546
G5EET5	-0.0840015427481075
Q21372	-0.680977268223471
Q86PK8	-0.680977268223471
Q21374	0.922782596268517
G5EED4	-0.520343476456139
I7FW40	-0.654997977698528
Q93874	-0.654997977698528
Q93871	-0.836721498276261
Q93875	-2.30621867075508
Q93873	0.160955527791674
A8WHT8	0.282020461229523
G5EEF4	0.282020461229523
F5GUH7	0.423062873844944
G5ECP4	0.423062873844944
D3YT82	0.118870236563774
Q9U3B6	0.118870236563774
Q9XU79	5.98911908899597
G5EGG0	0.233171210884323
Q2EEM5	0.233171210884323
Q21380	-0.304732415526999
Q21381	0.628857574760135
Q21376	-0.0591775940301887
G5EBK1	-1.11233860471752
Q21389	-0.466166173233195
G5EG78	-0.075196287594397
Q8MQ06	-0.411065118957221
Q7YWY3	-1.13268048498586
Q9N5I0	0.0265962716491834
Q9N5I1	-1.17176158150241
C6ELT9	1.89723754550894
A3QMD2	1.89723754550894
A0A3P6PB36	-0.905465021895135
Q21393	-0.905465021895135
Q21392	-0.396727549204942
H2KZQ5	-0.284223618142141
Q7Z2A2	-0.284223618142141
Q21396	1.42330221088432
E5QCI3	-0.481791442040981
E5QCI4	-0.481791442040981
E5QCI5	-1.7016619003183
Q9NAP7	-1.7016619003183
Q9NAP6	-2.44212086516991
Q9XU57	0.489341782009575
Q7YWX9	0.37719894828066
A0A0K3AYL4	-0.481318942480781
Q93877	-0.481318942480781
A0A0K3AWD3	-0.481318942480781
Q93878	0.0621752374580809
A0A5E4M2I1	-3.36226532249055
A0A5E4LZ74	-3.36226532249055
Q564X6	-0.30758146749487
Q2XN18	-0.4548477952622
Q95QC9	-0.809667242927801
A0A5E4LWH3	-0.809667242927801
Q8MXJ4	-0.723538892625369
S6FN43	-1.09706003728661
A0A238UMP6	-1.06638633701651
O16732	-0.388695389855992
O16734	1.39194726385389
O16735	3.03668609391147
Q8MXJ5	-0.0856970633128847
D9N146	-1.67251354032921
D9N147	-1.67251354032921
A9UJP1	-1.67251354032921
Q9XVL1	-1.67251354032921
Q95ZR6	-1.67251354032921
G5EEM7	-0.56777188085104
A0A486WWQ7	-0.56777188085104
A0A486WXI1	-0.56777188085104
A0A486WYH7	-0.56777188085104
E7EM37	-0.56777188085104
G5EBI6	-0.56777188085104
H2L2G2	-0.56777188085104
O01590	-0.11377931795695
O01589	-0.374479816616051
O44992	-3.25028938529176
Q8IA63	1.17187871820849
O44991	0.0289939335204123
O44993	0.8931067454355
O44990	-0.261475704185311
A0A0K3AUM4	-0.403913106677147
A0A0K3AWY7	-0.403913106677147
A0A0K3ARM6	-0.403913106677147
Q09990	-0.403913106677147
Q9GNN6	-0.403913106677147
Q09991	-0.72234339851315
Q86NG2	-0.72234339851315
Q86NG3	0.866047498851339
H2KZ57	0.866047498851339
Q09993	-0.0518104109189843
Q09994	0.40075083109318
G5ED15	0.869072079486308
G4S035	0.869072079486308
G4S034	-0.595443339068032
Q21408	-0.595443339068032
Q21406	-1.26203480142845
Q21407	0.362279406984749
G4S033	0.362279406984749
H2KYS5	0.362279406984749
H2KYS6	0.362279406984749
P17330	-0.288582105446303
P17329	0.394257732921752
P37209	1.74716179288356
O17237	-0.743117252791417
O17239	-0.977567425203913
P34888	-0.54910715509571
Q94269	3.05389905998709
Q94270	-0.783682252076706
Q94271	-2.04529032736385
Q94272	0.0884029881051738
Q9XU56	0.155103974283131
G5EGI7	-0.152078107186293
O45665	-0.468268139823791
E9P8A0	-0.468268139823791
O17944	0.506650241431667
Q564S2	0.506650241431667
E5QCI8	0.128895416638539
O45666	0.128895416638539
Q8I4H3	0.128895416638539
Q8I4H4	0.128895416638539
Q8WQE4	0.128895416638539
Q9BJL0	0.128895416638539
Q9GTG4	0.128895416638539
Q9GTG5	0.128895416638539
Q9GTG6	0.128895416638539
Q9GTG7	0.128895416638539
Q21412	0.390998644311396
A0A486WX37	-0.878170547316356
Q21413	-0.878170547316356
A5Z2T4	-0.290497323526722
G5EDV6	-0.290497323526722
G5ECX8	-0.290497323526722
Q7YWY0	-0.879164731612955
O61891	-0.378235552785319
O61887	0.45868266867681
O45667	-1.0282127104657
O17945	-1.06194160385273
H9G311	-1.63634725271747
H9G310	-1.63634725271747
H9G312	-1.63634725271747
O17948	0.903256142652769
O17949	0.226896268939676
A0A2C9C364	0.145850307267226
C4ALD2	0.145850307267226
Q09589	0.145850307267226
Q8IG07	0.145850307267226
Q09408	0.328311899581643
Q09409	0.725996188703108
Q09410	0.562390420966221
Q09411	1.23599511647784
Q09590	-0.566985528746325
Q09412	-0.381739441107905
C4ALD3	0.652548936543232
Q21415	-0.385372267846124
Q9BK23	-0.385372267846124
G5ECQ1	-0.68061493035262
Q21417	0.50682658229186
Q21418	1.01228213284396
Q8WQE3	0.645542194104504
Q21420	-0.649852428601239
E9P878	-0.525097093663532
Q9NAP4	-0.525097093663532
O45669	-0.525097093663532
O45670	-0.525097093663532
E2JL00	-1.0658289847177
Q21423	-1.0658289847177
Q8IA76	-0.236989202917434
Q8IA75	-0.236989202917434
Q8IA74	0.241235132943335
O17234	0.241235132943335
O45672	0.237800190479122
S6EZL2	-1.11893445221101
S6FMY4	-1.11893445221101
S6FWN6	-1.11893445221101
A0A0K3ARN1	-1.11893445221101
A0A0K3AU05	-1.11893445221101
A0A0K3AR30	-1.11893445221101
A0A0K3AUN5	-1.11893445221101
A0A0K3AX01	-1.11893445221101
A0A0K3ARN6	-1.11893445221101
A0A0K3AQV3	-1.11893445221101
A0A0K3AR28	-1.11893445221101
A0A0K3ARE6	-1.11893445221101
A0A0K3AU01	-1.11893445221101
A0A0K3AUE4	-1.11893445221101
A0A0K3AUM9	-1.11893445221101
A0A0K3AWR2	-1.11893445221101
A0A0K3AWZ4	-1.11893445221101
S6F519	-1.11893445221101
S6FCX8	-1.11893445221101
O16626	1.7546183489476
E6N0U6	0.192421599916108
G5EEK1	-0.741675409341331
Q21425	-0.653208611422874
G1K0W1	0.697885102713089
Q8WR51	0.697885102713089
O45678	0.505843532225346
Q7YWX5	0.754441556838174
U4PE47	0.754441556838174
A5JYY6	2.3646416696556
O45679	-0.893385124102361
O45680	-1.50405510614759
U4PB98	-1.50405510614759
U4PLQ0	-1.50405510614759
U4PR07	0.599566811281839
O45681	0.599566811281839
Q9XU55	-5.1904735149046
G5ECC9	0.181838280670519
O45685	0.373194485807311
Q94276	0.0902562041590121
G5EG85	-0.354690372636393
Q95ZL8	-0.354690372636393
Q9U9J8	-0.354690372636393
E0AHA7	-0.354690372636393
S6FN00	-0.354690372636393
P41931	1.49935166816702
Q94278	1.49935166816702
G4SNF8	-0.425986392115173
P91905	-0.425986392115173
Q94279	-0.425986392115173
B7WN66	-0.425986392115173
G4SNF7	-0.425986392115173
I2HAA6	-0.425986392115173
I2HAA7	-0.425986392115173
A0A2C9C3E8	-0.425986392115173
A0A2C9C354	-0.425986392115173
A0A2C9C3F1	-0.425986392115173
A0A2C9C390	-0.425986392115173
A0A2C9C3P6	-0.425986392115173
A0A2C9C3I4	-0.425986392115173
A0A2C9C2X2	-0.425986392115173
A0A2C9C325	-0.425986392115173
A0A2C9C384	-0.425986392115173
A0A2C9C388	-0.425986392115173
A0A2C9C3G1	-0.425986392115173
A0A2C9C370	-0.425986392115173
O44626	-0.0490253842554956
A0A0K3AS83	-0.589612777014035
A0A0K3AV08	-0.589612777014035
H2KYR3	-0.589612777014035
Q8T7Z0	-0.589612777014035
Q95X61	0.489547703207352
Q8T7Z2	-0.562862953035887
O44625	0.0676805931320946
H2KYR4	-0.537289310666698
O44618	-0.537289310666698
O44619	0.105060003488647
O44620	-0.963837053799154
O44622	0.316313156974999
O44623	-0.578432845997824
O44624	-1.34540160401201
O45686	-2.01274747481893
O02282	0.296208897438372
P35602	0.296208897438372
Q1ZXR6	0.296208897438372
D7SFR1	0.296208897438372
G5EDL1	0.471707064496423
G5EGD1	0.471707064496423
G5EBU1	0.471707064496423
G5EFR5	0.471707064496423
G5ECP1	0.471707064496423
Q7YTL5	0.148174032249115
Q8MYB5	0.0945739292607834
Q9XU12	0.0945739292607834
G5ED75	0.0945739292607834
A8WI68	-0.353380952539348
Q9XU13	-0.353380952539348
G5EEK8	-0.353380952539348
G5EEI9	-1.48319181845825
Q21428	0.336783113048688
A0A9J5HVD6	-1.45174739345991
Q21429	-1.45174739345991
Q21430	1.11766012939293
E3W735	1.11766012939293
G5EEW8	-1.38542473469666
Q9GTD4	-1.38542473469666
Q9GTD5	-1.38542473469666
Q9TVX9	-1.38542473469666
O62305	0.0311935937482515
G5EDZ5	0.0311935937482515
F5GUA8	0.0311935937482515
F5GUA9	0.0311935937482515
E7EM33	0.0311935937482515
Q21432	0.0984635842794003
Q65ZJ6	0.0984635842794003
P48182	-1.1213194769935
Q21434	0.0728129459295699
Q65ZJ5	0.0728129459295699
G5EE96	-0.180673897828671
Q21435	-0.544890990979199
Q2L6Y0	-0.544890990979199
Q23010	0.872610592325973
Q23009	0.00891371984737344
G5EFY4	0.330514685397623
Q23012	1.64068990171361
P17511	1.68912582853793
Q2L6V4	0.720271437952524
P91374	-0.301015255138446
P91370	0.0450346480574124
P91369	-0.425932262663829
P91368	0.289393609310124
P91372	-1.45458789766117
U4PLI6	-0.749066466943298
U4PQU7	-0.749066466943298
H2L016	-0.749066466943298
P91373	-0.749066466943298
U4PDY6	-0.943391504466894
U4PAQ0	-0.943391504466894
U4PB54	-0.943391504466894
P91376	-0.943391504466894
A7LPE5	1.58483869677826
A7LPE6	1.58483869677826
Q7JMU1	1.58483869677826
P34517	1.58483869677826
Q8I4H2	1.58483869677826
P34519	0.240452881098815
P34521	-0.194032099464639
Q7YWY8	0.512263038663027
Q7YWY7	-0.334729087538303
C0P273	0.357733120025245
C0P272	0.357733120025245
A0A0T7CIX3	-0.885639566675167
O16380	-0.335191936235583
O16381	-2.49693839102183
Q6A597	-0.992057552941619
W6RXW2	-0.0581570435815465
O44995	-0.0581570435815465
P55853	-0.511547699096433
H2L0G1	-0.754103895208529
C6S3L5	-0.754103895208529
W6RRS4	-0.754103895208529
W6RTC2	-1.49351518944178
W6SBC4	-1.49351518944178
W6RQW7	-1.49351518944178
O44997	-1.49351518944178
Q3ZLV1	-1.49351518944178
A4V4W6	0.419809286875926
A4V4W7	-0.018655631697953
W6RY07	-0.018655631697953
Q23670	-0.524676192109665
Q27509	-0.524676192109665
Q21436	0.107229883478229
Q21438	1.91177109625066
P12844	-1.15228019654386
Q21440	-1.15228019654386
A8DZ45	-0.70833873398251
Q21441	-0.70833873398251
Q9TVW0	-0.70833873398251
Q9U541	-0.70833873398251
G5EEA7	0.31638176214939
O17951	1.04391386500217
Q58QG3	1.04391386500217
O45688	1.02820286989926
Q17334	1.02820286989926
O45687	-2.46478848398123
Q7JKQ3	0.511069941795088
P34522	0.08745762783895
P34523	1.77500701769395
P34524	-2.16718963833965
P34525	-0.820778916282515
P34526	-0.122403686646082
P34528	-0.664312803349538
Q95QC8	-0.664312803349538
P34529	-0.260376933773719
G4SCE4	-0.867941306820408
Q9N5H9	-0.867941306820408
Q9N5H8	-0.730984647517724
Q9N5G9	-0.828126591720813
Q9N5G8	1.78266836571208
Q22036	-1.37518335796754
O17954	0.322554485088228
G3MU72	0.322554485088228
D3YT80	0.322554485088228
D3YT81	0.242820817115096
O17953	0.242820817115096
P91393	0.0997576561617059
Q14DX2	0.128472376547313
G5EE26	0.128472376547313
A0A0K3AWL6	0.128472376547313
Q49HI2	0.128472376547313
A0A0K3AR90	0.128472376547313
A0A0K3ATN9	0.128472376547313
Q49HI3	0.128472376547313
A8WFN4	0.128472376547313
P91390	0.55384085973454
E5QCF2	-0.0455472208577926
F5GU70	-0.372402582188915
F5GU71	-0.372402582188915
P34530	-0.372402582188915
P34531	-0.455830846551277
P34532	-0.455830846551277
P34533	-0.455830846551277
Q65ZC5	-0.455830846551277
O61861	0.653720062714466
H2KZB6	-0.616545139018145
O61862	-0.616545139018145
H2KZB7	-0.616545139018145
O44959	-0.0957794961603892
O17955	-3.56555915157167
O17963	-0.712925820814061
Q86D05	-0.795535014672277
G5ECJ7	0.252580415999873
Q9XU76	-4.94100620441918
Q965L5	0.00344174963117842
H2L040	-2.02489981273642
O17223	0.572015062352178
O17229	-3.65599483824849
O17231	-0.920303123596358
X5M5X6	-0.980577849455398
X5M914	-0.980577849455398
G5EED5	-0.980577849455398
X5LVA8	-0.899055346564573
O01969	-0.899055346564573
O01970	0.603505848732141
O01971	0.0742742629534986
X5LQ30	-0.589100220813885
Q8T3G5	-0.589100220813885
G5EGU1	-0.589100220813885
P91402	-0.940107195867256
P91401	0.733121633833656
P91399	-0.141178465149395
G4SL51	-0.438236402476873
G5EER0	-0.438236402476873
H2L044	-0.438236402476873
P91398	-0.519887936908859
A0A0S4XR31	-0.3830481571362
A0A0S4XR26	-0.3830481571362
A0A0S4XR69	-0.3830481571362
A0A0S4XR51	-0.3830481571362
H2L045	-0.3830481571362
H2L046	-0.3830481571362
H2L047	-0.3830481571362
P92160	-0.3830481571362
O45691	-1.05475649040833
A5JYZ1	-0.322872613635141
A5JYZ2	-0.322872613635141
O45692	-0.322872613635141
O45690	-0.209493512899747
O17965	-0.492517516579149
O17966	-0.492517516579149
Q27529	-0.492517516579149
G5EC37	0.694026401234495
G5EFK6	1.6322695896439
Q27389	-0.458623199084132
Q21452	-0.278507387751677
Q21453	0.217663969113794
Q5CZ47	0.217663969113794
Q21455	0.248610609213329
Q21454	-0.122993057647877
G5EED9	-1.30481561551216
Q7YXB7	-0.112048549005393
Q7YXB6	-0.112048549005393
Q7YWW8	0.903565398019146
G5EFA8	-0.671748406824372
O62317	-0.768013488746144
O76686	0.460317371707279
O76687	0.123287401974232
O76689	-0.514757604901672
Q49RB2	-0.514757604901672
Q4W4Y7	-0.612263310894048
Q94282	-1.54900149305753
A0A2C9C2V9	0.214649288392064
Q5TYL1	-0.860984424050281
U4PRJ1	-0.860984424050281
Q95ZL3	-0.860984424050281
A5HU95	-0.860984424050281
H2L0G8	-0.860984424050281
H2L0H0	-0.1972513129582
U4PEN8	-0.1972513129582
U4PBG3	-0.1972513129582
U4PRJ6	-0.1972513129582
D3YT08	-0.800443405126912
H2KYE6	-0.800443405126912
U4PSB4	-0.800443405126912
A0A1C3NSR3	-0.800443405126912
U4PN13	-0.800443405126912
A0A1C3NSN6	-0.800443405126912
Q95ZR5	-0.687143046110324
Q6ABG8	-0.687143046110324
Q19019	-0.687143046110324
O02348	-0.984634354537908
Q93890	-0.984634354537908
G5EFD3	-0.984634354537908
G5EFB7	-0.984634354537908
Q93891	-0.400644841091544
A0A061AD30	-0.267168764366499
Q93892	-0.267168764366499
Q94286	0.634278230909622
U4PLK4	1.80879661428498
Q94285	1.80879661428498
Q9GV93	-2.49497912326965
P46873	-2.49497912326965
Q8MPT7	-2.49497912326965
Q8MPT8	-2.49497912326965
U4PQW2	0.911262360373847
U4PE03	0.911262360373847
U4PAR9	0.03642838210648
U4PB66	0.03642838210648
U4PLL0	0.03642838210648
Q94287	0.03642838210648
U4PQW9	0.671823044513094
G4SFU6	0.671823044513094
Q94288	0.671823044513094
Q21465	-1.83918573999268
Q21461	-0.0776213669728219
Q21463	0.420567628208684
G5ED56	1.47987108477837
Q4TTA8	1.90556290592933
Q94289	-0.440731989445655
Q94290	-0.440731989445655
H2KYF4	-0.440731989445655
Q95Q46	-0.966107855936877
Q6A6X0	-0.881254881273114
A0A2K5AU18	-0.623967334544194
Q21471	0.600383533278387
Q21473	-0.0773481360726752
A0A6V7QYI0	-0.0773481360726752
Q966H4	-0.667173670424085
Q966H7	-0.514491508803574
A0A0K3AY13	0.486810540171137
Q966H8	0.486810540171137
Q966H9	-0.516734619023298
A0A0K3ASR1	-0.223832286804818
Q966I0	-0.223832286804818
A0A0K3AS87	-0.223832286804818
A0A0K3AV12	-0.223832286804818
G5EDC3	-0.797580157231357
A0A0K3AVS5	0.619547004199856
A0A0K3AY18	0.619547004199856
O61460	-0.00319416367546812
Q21477	-0.00319416367546812
A9Z1K7	-0.505948222581523
G4SGU1	0.580158026138252
G8JYA8	0.580158026138252
A0A0K3AU10	0.580158026138252
G4SGS5	0.580158026138252
G5EE61	0.580158026138252
G5EEM9	0.580158026138252
Q21478	0.580158026138252
Q8WQE0	0.580158026138252
Q86LS4	1.08762691858963
A9Z1K9	-0.0444501110444386
Q21481	0.40108752811698
Q21480	-0.580428203505979
B7WN56	-0.414144840053723
G4SI08	-0.414144840053723
G4SI07	-1.03658652466009
Q93895	-0.20728188926663
Q93896	0.0539672081887815
G5EGM4	0.89906259192048
Q93897	1.05462678118727
Q7YWZ5	0.508730272757533
Q21483	0.110844184826728
Q21489	-0.146884099220737
H2FLG5	0.654090746306578
H2FLG4	0.654090746306578
Q21484	1.50155813828449
P54813	0.245559010780356
Q21485	0.570342547515679
Q21486	0.313192218607393
G5EDG2	-0.429546381470469
G5EG83	0.69180770804791
G5EC43	0.69180770804791
Q8MQ04	0.69180770804791
Q8MQ03	0.69180770804791
V6CLB1	0.69180770804791
V6CL80	0.69180770804791
Q21491	0.39155959471887
Q21494	-0.225153244704814
Q5TYL4	-0.225153244704814
Q21500	-0.612505579635465
Q21499	0.840610585993167
Q95ZL1	-0.371653146084996
P10986	-0.371653146084996
Q7YSY2	-0.371653146084996
Q23013	-3.83998585798267
Q7JNP9	-3.83998585798267
Q2L6V9	-3.83998585798267
G5EBH7	-0.347122098503924
H2L0I1	-0.347122098503924
O16378	-0.88654766028824
Q8MXJ9	0.160007436915025
A0A486WUZ8	0.160007436915025
A0A486WVL2	0.160007436915025
O16377	0.160007436915025
Q59DN2	0.160007436915025
Q59DN3	0.160007436915025
Q59DN4	0.160007436915025
A9D4S6	0.74752076512545
O16376	0.74752076512545
G4RVA7	0.407490313372906
O16374	0.407490313372906
O16375	-1.40891465965041
A0A2C9C387	-0.107251671108611
A0A2C9C3E1	-0.107251671108611
Q21502	-0.60254483310535
Q95VF1	-0.60254483310535
Q21503	-0.0219032850972077
Q21501	-2.10088793759668
Q21504	0.177217834989605
I2HAI4	-2.6372743090849
G5EG92	-2.6372743090849
Q7YTL7	0.545363296759909
H9G2Z2	-0.223683174386459
H9G2Z1	-0.223683174386459
Q7YTL6	-0.223683174386459
D3KFV5	-0.223683174386459
A0A061ACR9	-0.223683174386459
A0A061AJ97	-0.223683174386459
A0A061AKX8	-0.223683174386459
A0A061ACV2	-0.223683174386459
D3KFV4	-0.223683174386459
A0A061AE17	-0.223683174386459
M1Z848	0.10382795370232
M1ZJT3	0.10382795370232
G5EDD0	0.10382795370232
G5EFX4	0.10382795370232
G1K104	0.605814463005622
G1K101	0.605814463005622
F5GUI3	-1.65651747864889
G1K102	-1.65651747864889
G1K100	-1.65651747864889
G1K103	-1.65651747864889
P91907	-0.285089388378979
Q9BIG1	-0.285089388378979
Q7YWX8	-0.442849729962608
A5JYY7	0.66996223814564
A5JYY8	0.66996223814564
P90931	0.924888794576427
B3WFY7	0.392503854532984
P90933	0.392503854532984
B3WFY8	1.08675439955185
G5EG21	1.08675439955185
B3WFY5	0.776872544095368
Q21508	0.072738721661353
Q21511	-0.72625665606408
Q21512	-3.10831435188167
Q95Y97	1.11956276715706
Q95Y99	1.10934791134012
G4RZ14	-0.562829885337394
Q95Y96	-0.562829885337394
A0A1C3NSH3	-0.194052107778462
Q95Y95	-0.194052107778462
E1B6V0	-0.231890443695322
N1NV21	-0.231890443695322
A0A486WVP3	-0.231890443695322
A0A486WWY4	-0.231890443695322
A0A486WTX8	-0.231890443695322
A0A486WXA8	-0.231890443695322
B2D6P5	-0.231890443695322
A0A486WXY0	-0.231890443695322
Q9XVK9	-0.231890443695322
P92004	-0.231890443695322
P92005	-0.620142548075473
P92006	0.687028831885737
A0A486WWJ9	-0.935112005669724
A0A486WWS8	-0.935112005669724
G5EBR5	-0.935112005669724
Q8I4H1	-0.935112005669724
O44179	-0.00116903690837463
H2L0H9	-0.827388706705808
Q5W613	-0.827388706705808
Q21516	0.272042827064509
A0A0K3AQQ6	-0.0282145955968273
A0A0K3AWM1	-0.0282145955968273
A0A0K3AU93	-0.0282145955968273
Q21515	-0.620511313376859
G5EEG9	-0.203847798479901
Q17326	-0.203847798479901
Q17358	-0.203847798479901
Q21517	0.00901393992456784
G5ECL1	0.371432399060489
Q21523	-1.89417714708048
Q21524	-0.770161476614634
B7WN91	-0.770161476614634
Q21525	-0.389885379819901
Q21526	-0.447787692724954
Q7YWZ3	-1.17992261593001
A0A3P6NP68	-1.17992261593001
Q09591	-0.678694295563363
Q09592	-1.79632682114654
Q0G839	-0.218097323237372
Q0G840	-0.218097323237372
Q09580	-0.601391465576879
Q0G842	-0.601391465576879
Q7JMN1	-0.601391465576879
P34686	0.0684478341791585
Q0G841	-0.0583211321645564
B1Q251	-0.342538378991869
Q21528	0.428559887649377
D7SFL9	0.156480309510841
Q21530	0.352661789266926
Q21531	-0.711961720933642
Q7JMF0	-0.711961720933642
B5BM24	-0.711961720933642
A0A486WX07	-0.711961720933642
B5BM23	-0.711961720933642
A5JYR4	-0.273382485887054
A0A486WXX8	-0.273382485887054
A0A486WUH7	-0.273382485887054
A0A486WV45	-0.273382485887054
A0A486WV70	-0.273382485887054
Q8I4H0	-0.273382485887054
Q9U3A5	-0.273382485887054
Q9U3A6	-0.273382485887054
Q9U3A7	-0.273382485887054
Q8I4G9	-0.273382485887054
Q688B6	-2.27363737370889
Q7KPW1	-2.27363737370889
Q688B6	-2.31090613268415
Q7KPW1	-2.31090613268415
Q965L0	-0.895718813201059
A0A061AE94	-0.847031316504856
Q21538	-0.847031316504856
N1NV25	-0.732287029153649
P41932	-0.732287029153649
Q21537	-0.732287029153649
G5EGP9	0.235371640522812
Q10658	0.235371640522812
C0P283	0.235371640522812
Q21540	-0.233884044015489
A0A486WUL5	0.684384084230068
Q21541	0.684384084230068
F5GUI8	0.511352949871568
G5EDG1	0.511352949871568
O45962	0.511352949871568
Q93898	0.511352949871568
Q5WRN3	1.28662789454924
F5GUC0	1.28662789454924
Q21544	2.12175243734298
Q21545	-0.296426759767893
Q565C3	0.440187242053956
Q9U3A4	0.320415147226315
Q93906	0.560060050451771
A0A486WXF4	0.24578502491322
A0A486WWY9	0.24578502491322
P10771	-0.438512322339037
Q93901	-0.438512322339037
Q93903	-0.114358113862379
Q6BES2	-0.218749075426793
Q86NF6	-0.453417110049332
Q21549	0.0696668187701374
Q21551	0.124887498818005
Q21552	-1.08372654777976
Q21548	-1.51380629392849
Q8T8M7	0.214289409542987
P34891	0.214289409542987
P34892	0.626688214070049
D6R8W8	-1.05540537100233
Q21557	-0.640285071785345
Q21555	0.535563981359383
Q21554	-0.107935904465985
A0A061ACL6	0.62686221791708
Q21558	0.62686221791708
Q21559	-0.456154370188502
G5EFD8	0.146244842371706
Q21562	0.121390201849765
Q21565	-0.172004523096552
Q9NAP2	-0.527068522901586
Q21573	0.881971467833448
Q8I116	0.334345594930862
Q21568	0.446807546806464
Q21569	-0.191002895808633
O17972	0.205459194376411
Q21570	0.205459194376411
Q21574	0.46007897409537
U4PR75	-0.976769842704701
U4PEB6	-0.976769842704701
Q9TYX9	0.229466392639251
U4PB59	0.49443564855514
Q9TYY0	0.49443564855514
G8JY94	0.917064094719218
O02366	0.917064094719218
Q21067	0.917064094719218
Q21579	0.917064094719218
Q21580	0.917064094719218
A0A5E4LYE2	0.917064094719218
A0A7I9BEY5	0.917064094719218
A0A5E4M3F7	0.917064094719218
Q21578	-0.209520076709702
Q21577	-0.078290182570234
Q9GYM9	0.226814659120337
H2KZR1	-0.803011773742101
Q7Z2A6	-0.803011773742101
Q9GYM8	0.339610706186345
Q9GYM6	-0.846037993373286
Q9GYM5	0.791466990961576
P35129	-1.10183886355409
Q21596	-0.39674306461692
H9G2T2	0.0469332764472277
Q21592	0.0469332764472277
Q21593	0.442581961141571
G5EBK4	-0.701353917123963
Q21589	0.239857407092143
U4PC94	-0.139805744296542
Q688B0	-0.139805744296542
O45188	-0.789051721156752
A0A5E4LZL8	-0.322343923754992
A0A5E4LZH0	-0.322343923754992
A0A8S4QGR5	-0.322343923754992
A0A8S4QC30	-0.322343923754992
A0A8S4QCL3	-0.322343923754992
P03949	-0.322343923754992
Q9U3A2	-0.322343923754992
Q9U3A3	-0.322343923754992
G5EE59	-0.0805804701212512
Q9XVX1	-0.206539051241155
Q21603	-0.0543959700571693
Q21601	0.164818071332919
Q21602	-0.376617010525131
Q21605	-0.55897081355705
Q6A582	-0.55897081355705
K8FE02	-0.55897081355705
K8ERX1	-0.55897081355705
A0A8D9MHE6	-0.55897081355705
Q9U3A0	-0.628448243058234
Q21604	-0.628448243058234
S6FWR2	-0.628448243058234
Q9U3A1	-0.177477757126133
P34496	0.59599917174322
P45894	-1.75468640811199
Q3HKC8	-1.75468640811199
Q3HKC9	-1.75468640811199
Q5VKL2	-1.75468640811199
P45895	0.811639895169534
Q5NUN9	0.811639895169534
Q8IG00	0.811639895169534
H2KZN1	-0.0959217454603294
Q2L6X5	-0.0959217454603294
Q2L6X4	-0.0959217454603294
G5ECM9	0.360793659593088
O61974	-1.02873660519426
O61975	0.707622543744214
A0A486WXK6	-0.765646551778734
G5EBX4	-0.765646551778734
Q8MXG1	0.408240686605982
Q21619	0.582108577281647
Q8WQD8	-0.932010380257613
Q21614	-0.932010380257613
A0A0K3ATC5	-0.934117334703478
G5EDF1	-0.934117334703478
Q21618	-0.770884375708004
Q21620	-0.0995541585051173
Q21625	0.79259634261567
Q21624	0.139798953100676
Q8T3D5	0.139798953100676
Q8T3D6	0.139798953100676
Q8T3D7	0.139798953100676
Q21622	-0.958678283600351
Q21621	0.0940242805615627
Q21626	-0.00680894346628197
Q21623	0.153213742652932
Q8MUM1	0.153213742652932
A0A8D9I9L4	0.0190905778599671
G5EEW9	0.0190905778599671
Q21629	-0.102548784157244
G5EER4	0.817692019706327
Q21633	0.465974143566264
A0T4E6	-0.276963630212372
G4SD77	-0.276963630212372
A0T4E7	0.425597339370652
G4SD78	0.425597339370652
A0A0K3AVS8	-0.804804450543591
O44543	-0.804804450543591
Q7KPV8	-2.86664525091425
A0A168H9N2	-1.69130178727048
O17082	-1.69130178727048
U4PSC5	-4.02339279975247
U4PFH6	-0.0448202482467809
O44503	-0.0448202482467809
O44502	-1.61096003871919
U4PCA7	-0.126085587408742
O44499	-0.126085587408742
U4PCN0	0.112153914111977
U4PN35	0.112153914111977
O44500	0.112153914111977
O44501	-0.00350472502218965
O44505	-0.76056575624402
Q9TZZ9	0.385723863857727
Q21636	0.339171514520928
Q21635	-1.61326318652365
Q21638	0.234305551282249
D5MCS8	0.234305551282249
D5MCS9	0.234305551282249
K8ESD2	0.234305551282249
A8WHS8	0.19278847448252
A0A3B1DR93	-0.936555705752338
Q21643	-1.25915041037282
Q7Z2A5	-1.25915041037282
Q21641	0.497707184028212
Q21640	-1.54831131303927
Q21642	-1.0688924353889
G4SCP5	-0.359783362602165
Q2L6X1	-0.359783362602165
Q2L6X2	-0.477637849038088
O16364	0.391613680003434
O16363	-0.368737946573647
H2KZ89	-0.647701461650187
Q5ZR77	-0.647701461650187
O16366	0.453787175797396
Q8IFZ9	-0.337158946782391
H2KZJ3	-0.337158946782391
H2KZJ2	-0.337158946782391
Q8IFZ8	-0.337158946782391
Q21653	0.00544652046541646
Q21649	-0.0286852774390606
Q21652	-0.252280777394888
Q95QC2	0.190103850502596
Q21655	-3.66170383065977
Q21656	-0.57385730772422
Q21657	-0.26738515903416
Q8MP09	-0.473372278214731
Q5FC69	-0.473372278214731
Q21660	-2.47704339115425
G5EEU4	0.944100556237899
O17977	-0.217129236605043
B7WNA3	-0.217129236605043
G5EGE2	0.620195669068072
G5EGF2	0.620195669068072
Q09582	1.09623896111305
Q09413	-0.621084675256364
Q09596	-2.35778345947734
G3MTX8	-2.35778345947734
Q09597	-0.574396880311466
G5EEV4	-0.116080425390258
Q9XTY9	0.237249103557593
Q9XTY8	-0.938814964205454
G5EG44	-0.463711333794367
Q21662	0.0617380648544669
Q58QG8	-0.849497545865457
Q58G79	-0.849497545865457
H2L0C4	-0.849497545865457
Q45EK3	-0.849497545865457
P52192	-0.718980180659646
P53013	0.930193401643453
G5EDF7	0.133278004474578
A8WFK6	-1.26954097362539
A8WFK7	-1.26954097362539
Q8MQ01	-0.914714497162385
Q21672	0.806146760101419
Q9GYL7	0.315837392139599
A0A2C9C3D4	-0.868737024694654
Q9GYM4	0.487693446921047
Q9GYL9	0.48627613906294
Q9GYL8	0.633281192077126
Q21685	1.90160665111647
Q21689	0.200804251686575
Q21691	-0.501441284429702
Q21692	1.10040411949768
Q21693	0.654686676023969
Q86DC2	-0.329129889145832
Q95QB9	0.086935620791092
Q21694	-1.88929170329319
A0A0K3AVN5	-0.671966877089614
A0A0K3AST2	-0.671966877089614
Q21697	0.0173202505545949
Q21698	0.00726874591689792
Q21700	-3.62986696812838
A5JYT1	0.563062243625787
I2HAH0	0.563062243625787
Q21701	0.563062243625787
Q21702	-0.211763242280547
Q21703	-1.54670141601987
Q21705	-0.872603998165627
Q21706	3.29244312741928
Q21712	0.146827753324704
Q86DC6	0.568659968543414
Q9GYL1	0.568659968543414
Q9GYL2	0.402523156546662
Q9GYL5	0.400535197075336
Q9GYL4	-0.0569789365501479
Q86DC5	-0.0569789365501479
Q9GYL3	0.508492604263543
Q21731	-3.39771839495994
Q21732	-0.668857510431722
Q21730	-1.26954142239923
B0M0M8	-0.939446782872784
K8ESB6	-0.939446782872784
K8F7Q8	-0.939446782872784
Q21729	-0.939446782872784
Q8WQD7	0.874245177475141
H2L2J0	-0.143127216485157
O45698	0.563823874744454
O45701	-0.238017051538663
O45700	-0.860584197689033
Q9TYQ0	0.274320445068194
O76833	-0.414873956804641
Q9TYP9	-0.414873956804641
Q4R106	-2.49320556505147
U4PEA7	-2.49320556505147
Q21733	0.673121874846766
Q21735	-0.243389349478238
Q21736	0.55336956225782
Q21737	0.107990388410336
Q21738	-0.246313140297788
Q21739	0.0605744503769327
Q21740	-0.899411359666719
Q95ZR2	1.6075390983757
P34544	0.344291589965089
Q8WTP5	0.344291589965089
P34534	-0.231034518827839
U4PQV7	-0.231034518827839
Q8MQ00	-0.231034518827839
P34535	-0.210945836239716
P34536	0.201358256277474
P34537	-0.0879027586822635
Q65ZS6	-0.0879027586822635
P34540	0.198265224097107
P34541	0.650217853736349
P34542	-0.72158267457614
P34543	-0.72158267457614
Q9XVK8	-0.539263126410014
O45706	-0.555795782095729
J7SF94	-1.33703039311653
J7SA63	-1.33703039311653
J7SEZ9	-1.33703039311653
J7RNM1	-1.33703039311653
J7S160	-1.33703039311653
O45707	0.513387404529106
A0A1D3PCK8	-0.12756447606896
A0A1D3PDE4	-0.12756447606896
O45708	-0.12756447606896
B0M0N7	-0.486890327095145
Q9N5G1	-0.136077292120628
Q9N5F7	-0.477996002637721
Q9N5G4	-4.34558699288599
Q9N5G3	-2.07725319210345
Q7JP41	-0.307328902032097
Q86NF2	-0.307328902032097
Q21747	-0.307328902032097
Q21748	-0.307328902032097
Q21746	-1.10246064073033
Q21749	0.154083102846699
Q21750	0.880669280562509
Q23517	0.880669280562509
Q21743	-2.72259609257251
Q21744	-2.72259609257251
Q21742	-0.157574656917905
Q21745	-0.0159772674998232
Q21760	0.792355300931039
W6RS10	0.248689656549333
W6RTN2	0.248689656549333
W6SBJ9	0.248689656549333
W6RY82	0.248689656549333
Q21758	0.248689656549333
Q21755	-0.261098254467263
Q21753	0.872083072083084
Q21751	-0.177448232478577
Q21752	-0.495086938997923
Q21754	-0.179045782320716
Q65XY3	0.300426215579127
Q966H2	0.300426215579127
G4SPD7	-5.17289309533669
O62324	-0.445129117824716
O62325	0.423488708303206
G5EDL4	1.20989017459209
G5EDV8	1.20989017459209
O62327	-0.0675067164314895
U4PB05	-0.0675067164314895
Q21761	-0.153748274890913
Q8IFZ7	1.0849233969009
Q21763	1.4043630802403
Q21764	-1.11498601467729
Q21765	-0.103551407095723
A0A2C9C2P6	1.54136109649054
O44746	1.54136109649054
G5EF72	-0.684571046162335
Q7KPV0	-0.684571046162335
V6CL61	-0.684571046162335
O44747	-0.0227999798479403
Q6QWI5	-2.22776753914763
Q7JKI4	-2.22776753914763
Q9U398	-2.22776753914763
B1Q281	-2.22776753914763
O62329	-0.769478907684122
A0A131MBF9	0.479615887805645
O62332	0.479615887805645
O62333	0.479615887805645
O62331	0.415098403995314
O17514	0.533354548922251
O62335	0.533354548922251
O62334	0.181254596747837
A0A5S9MNP8	-0.254286837374838
U4PCM1	-0.254286837374838
U4PN22	-0.254286837374838
O44871	1.78512072243808
Q8I6Y9	-0.879202190586103
G5EE02	-0.879202190586103
O44873	-0.3605202740239
O17982	-0.13442490096273
O17983	0.308223822624203
Q7YWX7	0.673685480562227
G5ECH0	-0.175884037509582
O62336	-0.823728661774529
F5GUF0	0.688549322771536
Q9XVK6	0.688549322771536
O62337	-0.163590758547046
G5ED85	-0.230211244725393
Q21770	0.0948044786901188
P02567	-0.121892069943897
Q19674	-0.121892069943897
Q21772	-4.20215250940437
Q21773	-0.14874673382715
Q9BPU2	-0.14874673382715
Q21774	-0.26193999086341
Q8I4G8	-0.26193999086341
Q21775	-1.48035109289429
B2D6M2	0.484052310335586
Q21769	0.484052310335586
Q21776	0.358770908012741
B1Q259	2.16174633413665
Q21777	2.16174633413665
Q09599	-0.986363680989693
Q09418	-1.41394302424821
Q6BEV5	-0.548158338558254
A0A131MCV3	0.00159066774927159
Q09600	0.862265471400176
Q09414	0.132432096937682
Q09415	0.132432096937682
O62340	0.843437783819584
Q09601	0.843437783819584
Q09602	0.742699283897866
Q09416	-0.362729303735865
O62341	0.133621592160541
Q09417	0.133621592160541
Q09603	0.233883640548642
G5EFC3	1.29759884027251
O17535	1.29759884027251
Q21780	-1.00727903831157
Q21781	1.00663354920311
Q09604	-0.182331835544427
Q09610	0.398525877835721
Q9GNP9	0.398525877835721
Q7YWU6	0.866696766166244
G5EBF0	1.15575290341933
Q09605	1.05811861999928
Q09606	0.301914994012492
Q09607	-0.137916041701436
Q09608	-0.790373086649289
Q09609	-0.785300446716329
Q21784	-0.239811496774758
F5GUB4	-0.239811496774758
F5GUB5	-0.239811496774758
F5GUB6	-0.239811496774758
G5EGP0	-1.17461057638313
G5EGU3	-1.17461057638313
G5EBH5	-1.17461057638313
K8F7U3	-1.17461057638313
K8ES81	-1.17461057638313
D7SFM3	-1.17461057638313
K8ERR8	-1.17461057638313
K8ESF3	-1.17461057638313
L8E6K3	-1.17461057638313
Q21789	-1.17461057638313
G5EC75	-0.038614204263565
Q21800	-1.01791047087852
Q21801	-0.64244774900174
N1NTC6	-0.302150371177301
Q21803	-0.302150371177301
Q21804	-4.20415199733634
Q21805	-4.24758688363261
Q21806	-0.869079706529027
G5EBX2	-0.758219060505001
G5EF98	-0.758219060505001
A0A486WXC9	-0.758219060505001
A0A486WYB4	-0.758219060505001
Q21793	-0.185301407176136
B5BM30	0.562278723314077
Q21794	0.562278723314077
Q21795	-0.518039026935278
Q21796	-0.291253218942916
I2HA85	-0.291253218942916
Q21799	-0.454929761275782
A5JYU3	0.793101895506894
Q21798	0.793101895506894
O44525	3.39896100095717
O44523	6.17623691310046
A0A0S4XRK9	0.364074964830487
A0A0S4XR25	0.364074964830487
A0A0S4XR78	-0.592331071269192
A0A0S4XRR6	-0.592331071269192
O16774	-0.853768467146688
O16771	1.72886608711947
A3KFD9	0.369112006762373
O16768	1.2024997894261
Q03412	-1.57930859226287
C8JQR7	-1.57930859226287
A0A1T5HUM5	-1.57930859226287
A0A1T5HUM1	-1.57930859226287
A0A1T5HUM3	-1.57930859226287
A0A1T5HUM6	-1.57930859226287
A0A1T5HUM9	-1.57930859226287
A0A1T5HUM7	-1.57930859226287
A0A1T5HUN4	-1.57930859226287
C8JQR8	-1.57930859226287
G5EBW9	-0.325506316025219
Q21810	-0.108352371103259
Q2L6U9	-0.108352371103259
Q21814	-0.803462532697823
D0VWM7	0.769775145047686
Q21808	0.769775145047686
Q21809	-1.10623587211036
Q21812	-1.19856380226024
Q1ZXU8	-1.19856380226024
Q21811	2.33323038734309
Q21813	0.196664797602762
H2KZC1	-1.32270268333198
Q5WRT5	-1.32270268333198
Q21817	-0.0804301300010942
Q21815	0.812752242100057
Q21816	0.509310637611514
P30625	-1.05085067230864
Q0MQ68	-1.05085067230864
Q21820	-1.05085067230864
Q95ZR1	-1.05085067230864
Q21827	-0.694696179982894
Q21826	0.203978605469798
Q21822	1.43250242614092
Q21828	0.0406084323110133
Q21832	0.468720109312476
Q7YWU4	-1.38347293178459
A5JYQ9	0.153999459198179
Q21824	0.0362224550972832
Q21831	-0.161758287386078
Q21830	-0.45876514388832
Q21825	-0.00126241986181809
Q21821	0.561496079553495
Q21829	0.408282675941405
A0A131MBI3	0.408282675941405
A0A131MCF2	0.408282675941405
P91792	-0.185487874273193
Q05062	-0.185487874273193
Q09611	-1.58356720609723
Q5WRT8	0.487784275201857
Q5WRT9	0.487784275201857
A0A486WX27	0.487784275201857
A0A486WY01	0.487784275201857
Q09422	0.202429577896913
Q09423	0.303704392411869
Q09424	0.0601633590896155
Q86NF1	0.0601633590896155
Q09387	-0.459317264524066
Q5WRU0	0.28927649702899
Q93930	0.0871752330194804
G5EFX5	1.74189644512988
G5EGQ7	1.74189644512988
L8E709	0.873865584285513
Q8MYP7	0.873865584285513
G5ECS9	0.248772988205711
G5EFE6	0.248772988205711
A0A061AL65	0.248772988205711
Q93931	0.41246651949313
B2MZC3	0.41246651949313
Q93932	0.332130352545423
Q93934	-0.2139855842053
Q93935	-0.046687561231869
L8E7Z4	-0.757625814506094
Q9U394	-0.757625814506094
Q7YWU8	0.259263309565322
Q21836	0.55635473167946
Q9XVW5	1.27811406232959
G5EFB6	0.0802769893447283
Q7YWW1	-0.353705913553474
H2L0H6	-0.333901395522086
U4PC40	-0.333901395522086
U4PCH6	-0.333901395522086
H2L0H5	-0.333901395522086
Q21843	-0.333901395522086
G4SNZ2	-0.737615843148884
G8JYE3	-0.737615843148884
Q9GQ60	-0.737615843148884
U4PMW9	-0.737615843148884
U4PS70	-0.737615843148884
Q86MH2	-0.88042589359397
H2L0H3	0.044320955329817
H2L0H4	0.044320955329817
Q2L6W0	0.044320955329817
U4PMW1	0.044320955329817
Q27511	-0.867570166326515
Q21842	-0.222647109440121
P30640	1.35793170280914
P30641	0.0804356546054604
P30642	-1.41031942284661
P30643	0.0824472136827389
B2MZB2	0.0824472136827389
P30644	0.283074776175075
P30645	-0.601213975782817
Q65ZC7	-0.601213975782817
Q7JMU8	-0.601213975782817
P30646	-1.55686979472822
Q21850	-0.0749438087572348
Q7Z1P7	-0.0749438087572348
H2L007	0.345585035688653
Q7JP60	0.345585035688653
Q5WRS1	-1.31519382658095
H2L008	-1.31519382658095
A0A160RLV5	-0.185837394161449
O01594	-0.185837394161449
H2L0J5	-0.597732621398551
O01592	-0.597732621398551
Q86NC6	-0.597732621398551
O01593	-0.0817125921398316
O01893	-2.93634699445217
A0A168H9S8	-2.93634699445217
O02641	1.17641654300546
O01889	-0.419173225072969
O01892	0.169442642853919
A0A0K3AY23	-1.09027719114912
A0A0K3ASS5	-1.09027719114912
A0A0K3AV28	-1.09027719114912
O61931	-1.09027719114912
O61933	0.542106037603761
A0A0K3AST3	-0.657365893320393
Q95X32	-0.657365893320393
Q21854	-0.320767223144447
Q21856	-0.447104945123207
G5EBR7	-0.873214681570971
Q564V5	-0.873214681570971
O45712	0.00771867792164883
O45713	-0.459087185683259
Q9XVK5	-0.0284397535237744
A0A023T4K3	0.107360392944206
O16104	0.107360392944206
O45714	0.107360392944206
P49029	0.107360392944206
O44616	-1.32036085569453
A4V4W3	-0.894911639736808
A0A0K3ASA3	-4.6126851276481
O44611	-4.6126851276481
O44607	-0.380107005818275
O44608	1.06235669182391
O44612	1.59666670872132
O44613	-0.754273743791635
Q21866	-0.861560807834462
G5EBF8	-0.309017482416629
Q21861	-4.15361982596615
Q21876	-0.798975947692723
C6KRK7	0.188037921003855
Q21874	0.290145387420132
Q21875	-1.56571276926624
O16259	-1.0428394887676
Q4R148	-6.70463226925086
Q23030	-0.54344703082233
Q23026	0.412842276812039
Q23027	0.107675314285084
Q23028	2.16269353921612
Q23031	2.51702823680089
Q17374	-0.192739213408726
Q21879	-0.192739213408726
Q21878	-1.15450110863901
Q867F1	-1.15450110863901
Q86PL0	-1.15450110863901
Q86PL1	-1.15450110863901
G8JYA7	-1.15450110863901
Q21880	1.17438225297775
Q21881	0.105501213237278
Q1NZ16	-0.0679888712148045
Q21882	-0.0679888712148045
Q21883	-0.518375316602168
Q21884	0.995398169548341
Q7YTK3	-1.07337187134082
Q21887	-1.92578997601006
Q21888	0.803265462867058
Q21890	-0.207622451688823
C6KRK8	-0.207622451688823
C6KRK9	-0.207622451688823
Q0G823	-0.207622451688823
Q8T8M5	-0.207622451688823
Q8T8M6	-0.207622451688823
Q21891	-0.167599753044007
Q9U389	-0.167599753044007
Q21892	-2.3254251568073
Q7YWV3	-0.545648096885748
Q23033	0.221560131239869
H9G2P8	0.943706249514434
P32739	0.943706249514434
Q86MC8	0.943706249514434
P32740	-0.646733171489014
P32741	-0.585146225953566
P32742	-0.585146225953566
Q5FC85	-0.585146225953566
P32743	-0.627114456011197
Q9U387	-0.627114456011197
K8ESK4	-0.819732423845095
P32744	-0.819732423845095
P10299	-0.0946507140862783
P14585	0.375262422442097
P91404	0.805220009571069
Q9XVK0	-1.88734545929701
P92012	0.429704394481682
Q9U386	-0.15516108342255
Q9U385	-0.15516108342255
Q9XVJ7	-0.15516108342255
C6KRN1	0.156070004200254
C6KRN2	0.156070004200254
Q1ZXT3	0.156070004200254
Q1ZXT4	0.156070004200254
A0A486WV16	0.156070004200254
A0A486WVM9	0.156070004200254
Q9XVJ8	-1.51618613539044
P92010	-2.1291011436282
P92011	-0.666439369617179
P34545	-0.151484338467812
B0M0M3	-0.151484338467812
C0HLB3	-0.492550412217433
C0HLB4	-0.492550412217433
P34546	-0.492550412217433
P83577	-0.492550412217433
P34547	0.686040330137293
P34548	-0.24321065904833
P34549	0.0164645879580952
G3MTX4	0.0164645879580952
P34550	-0.960510622057085
Q2EEP4	-0.960510622057085
Q2EEP5	-0.960510622057085
Q21898	0.0038941847389441
P34552	-0.843610144443879
Q7YXC7	-0.843610144443879
Q8I114	-0.843610144443879
Q8I115	-0.843610144443879
Q94159	-0.843610144443879
P34553	0.29812283804022
Q21899	-0.00236621973518261
Q21907	-0.203617923505748
D5MCP7	-0.203617923505748
D5MCP8	-0.203617923505748
Q7Z204	-0.827981487376449
D5MCR3	-0.827981487376449
D5MCR5	-0.827981487376449
D5MCQ8	-0.827981487376449
D5MCR4	-0.827981487376449
D5MCQ1	-0.827981487376449
D5MCP9	-0.827981487376449
D5MCQ0	-0.827981487376449
D5MCQ3	-0.827981487376449
D5MCQ5	-0.827981487376449
D5MCQ6	-0.827981487376449
D5MCQ7	-0.827981487376449
Q7JMB8	-0.827981487376449
D5MCQ2	-0.827981487376449
D5MCQ4	-0.827981487376449
Q21900	-0.827981487376449
Q21902	0.211823667695372
P54137	0.675913916254293
C7G4V3	0.675913916254293
D5MCR0	0.675913916254293
D5MCR1	0.675913916254293
D5MCR2	0.675913916254293
Q21905	1.27681836978966
O17998	0.0353067615906243
Q9XUR7	1.84019999374101
Q9U384	-0.516677093547745
Q8I4G7	1.8627174741385
G5EFS2	-0.443947127563491
G5EC83	-2.09693780125316
G5EER2	-2.09693780125316
Q5F4W0	-0.315401129232495
O01910	-0.117927346115216
O01911	-2.80808273219993
Q10043	0.263657984127756
A0A5S9MRW9	-0.626634203666802
Q09344	-0.626634203666802
Q5BHI4	-0.626634203666802
Q8MPZ7	0.402743322850195
Q21915	0.630981621411506
Q21916	0.592038247215831
Q21914	-0.0855477699214589
Q21917	-0.178736458607734
Q21918	1.0384263816513
Q19378	0.241767106662767
Q21919	0.241767106662767
O62347	-0.0627882000959646
O62346	-0.412269654370526
O61710	-0.165892119126861
O61709	0.169669995467065
O61708	-0.305715759080413
H1ZUX5	-0.0246353131034612
O61706	-0.0246353131034612
O61707	0.5148599059857
O45718	-0.25065734526038
O62348	-0.25065734526038
O45717	-0.659830571483163
O02285	-0.68487357235538
O02286	0.953340547417287
Q7JKI3	0.953340547417287
Q7JKI2	0.953340547417287
Q7JKI1	0.953340547417287
Q9XU75	0.507790179247124
A0A486WUQ0	2.92919892443342
Q21923	2.92919892443342
Q21924	-0.840280685095484
Q21922	-2.61376687400516
Q21921	0.444575438624647
D3YT50	0.444575438624647
Q21925	-1.34993420250861
Q21926	-0.0726379530039441
Q21920	-0.12247861284356
A0A061AL89	-0.12247861284356
A0A061AJK8	-0.12247861284356
A3RMT6	-0.12247861284356
A3RMT7	-0.12247861284356
D3YT52	-0.12247861284356
L8E837	-0.12247861284356
L8E927	-0.12247861284356
L8EC41	-0.12247861284356
Q21927	-0.12247861284356
Q9TW88	-0.12247861284356
Q21928	-0.0892050103871472
L8EC35	0.135482350226209
L8E955	0.135482350226209
Q7JLF4	0.135482350226209
Q21934	0.135482350226209
Q21938	0.0812384031792973
Q21929	-0.04703471058414
Q27GP8	-0.04703471058414
A4UVK8	-0.412436728658453
D9N137	-0.412436728658453
A7LPH6	0.519462723201206
Q21932	0.428310154157883
Q21930	-1.40753212487881
Q21939	0.338206900115171
Q9TYX4	0.746377911996043
Q9TYX7	-0.390629418914096
Q9TYX6	0.99552629968491
Q86PJ5	-0.439663438596432
S6FD08	-0.439663438596432
H2L0B0	-0.439663438596432
Q8MXE5	-0.439663438596432
G5EDU4	-0.496465490655605
U4PEC2	-0.496465490655605
Q8MXE4	-0.141384630175881
H2L0B1	-0.141384630175881
U4PB38	0.489360873175999
Q9TYX1	0.489360873175999
Q21944	0.130828106532205
H2L0J7	-2.01540031187168
Q7JPB1	-2.01540031187168
Q2L6W8	-1.37319997447083
Q21945	-0.588972495034896
Q2L6W9	-0.0827750622945613
Q21613	-0.0827750622945613
Q21946	-0.0827750622945613
Q2L6X0	-0.0827750622945613
Q9NB00	-0.0827750622945613
Q7Z1P8	0.600654648282497
Q7Z1P9	0.600654648282497
Q8MPZ6	0.600654648282497
H2KYE1	0.600654648282497
Q2L6W7	0.821719669178083
G5ECH3	-0.809617915568679
O17547	-0.809617915568679
O17548	-0.809617915568679
Q95PJ6	-0.809617915568679
D7SFP2	-0.809617915568679
G5EEI3	0.442726679920394
O16961	0.287853680786985
O16954	0.217206690245135
O16956	-3.94222157758064
O16960	0.13851913262612
Q9GTF3	0.13851913262612
O16948	1.14831597152234
O18000	-0.36425447826694
O45719	0.646768973318096
H9G343	-0.782713431109754
H9G345	-0.782713431109754
H9G344	-0.782713431109754
O62349	0.668947762207502
A0A0K3AY30	-0.0922873908504482
A0A0K3AST7	-0.0922873908504482
A0A0K3AV38	-0.0922873908504482
O16700	-0.0922873908504482
A0A0K3ASA6	-0.121372821681054
O16701	-0.121372821681054
O16702	-1.70741886047569
Q04457	-1.70741886047569
P45897	-0.175257546972928
Q2L6Y5	-0.175257546972928
Q21954	-0.555162705194561
Q21952	1.11875965982954
Q21955	-0.758725874788308
Q8MPZ3	-0.758725874788308
Q4PIX2	-0.483777510737288
Q86LS6	-0.579815508555268
Q21962	-0.579815508555268
Q4TTC1	-0.696795754363475
Q21961	0.295840615311186
Q21957	-0.335600155619118
Q21959	0.100785708545753
Q21960	0.756982348847389
Q2L6Y3	0.756982348847389
Q21963	-0.0866971409342466
Q21956	-0.612151724427405
H2L0B6	-0.612151724427405
O61795	-0.0493758534707207
O61790	-1.10174325574517
O61791	0.835325692835995
O61793	0.474027016186209
O61782	0.758931243290888
O61781	-5.59756545167695
O61794	-0.257755059281581
O61792	-0.05278748429822
O61788	-2.01344890617066
Q2Z1N8	-2.01344890617066
Q86S32	-2.01344890617066
O61787	-0.455711719215908
O61786	0.0449091924663407
O45720	-0.46385728777534
A0A1C3NSM1	-1.51106347686041
O01393	-1.51106347686041
Q9NAN6	-1.51106347686041
Q21966	0.305790179617443
G5EC92	-0.679595224501501
Q21967	-1.34830809153092
G5EE98	0.191081192881571
Q21973	-0.480206820153132
Q21970	-0.468658409930133
G1K845	-0.468658409930133
A0A061AE46	-0.468658409930133
Q4TTB0	1.43567513244497
S6FWN4	-0.043098933808157
S6F510	-0.043098933808157
S6FCX2	-0.043098933808157
N1NV09	-0.043098933808157
N1NVB5	-0.043098933808157
U4PE10	-2.30587836930058
U4PAS5	-2.30587836930058
U4PB70	-2.30587836930058
Q21974	-2.30587836930058
Q95ZQ7	0.0678745821850464
Q21978	-2.75201809389104
H2KYK0	-0.541128424821192
Q9BJ56	-0.541128424821192
H2KYJ9	-0.541128424821192
Q8T666	-0.541128424821192
Q8T878	-0.541128424821192
D7UU24	-0.541128424821192
Q8WSP3	-0.541128424821192
Q95Y87	0.987523500450645
Q95Y89	-0.0777211567107364
D7UU25	-0.0438467033677891
Q95Y92	-0.708566372846574
Q95Y94	0.812683598386429
P17488	-0.195037017117781
Q95Y93	-1.22688556704705
Q95Y91	-0.0387207730892746
Q95Y90	-0.0394672638780694
Q95Y88	-0.491759673002566
A0A0K3AVU3	-0.602790330566625
A0A0K3AY35	-0.602790330566625
F0IWS9	-0.602790330566625
O17013	0.978564590686817
Q966G4	0.531935138726044
Q966G8	-3.98694089367434
Q95QB8	0.700060961182833
Q21986	0.43793920861395
P46564	-1.62020267631557
B5BM17	0.384761313315158
G5EGQ6	0.384761313315158
Q5CCJ6	0.384761313315158
H1ZUX0	0.384761313315158
H1ZUX1	0.384761313315158
Q8I7J1	0.384761313315158
H2KZW3	-1.20235710872489
H2KZW5	-1.20235710872489
Q8I7J0	-1.20235710872489
P45896	-0.267151513847288
P48996	-0.132233317929175
Q21988	-0.605897150291975
G5ECP0	0.871887890729872
A5Z2W3	-1.7570181896704
H9G321	-1.7570181896704
K8ESK7	-1.7570181896704
P90949	0.0499440566872438
A5JYX3	-0.295381250271368
F5GUG3	-0.295381250271368
I7LFF2	-0.295381250271368
I7K4K5	-0.295381250271368
I7J4D2	-0.295381250271368
P90947	-0.295381250271368
P90951	-0.264895353833626
G1K0Z2	-0.682209324310289
P90946	-0.682209324310289
Q7YWV7	1.29080922465857
V6CK32	-0.113259558868108
A0A486WVB2	-0.113259558868108
A0A486WVE9	-0.113259558868108
A0A486WWM3	-0.113259558868108
Q3S1L8	-0.113259558868108
V6CLH6	-0.113259558868108
A0A486WXM4	-0.113259558868108
Q3S1L7	-0.113259558868108
H2KYF9	-0.113259558868108
O16850	-1.07137624246732
F3NWW7	-1.07137624246732
F3NWX0	-1.07137624246732
G4RQR7	-1.07137624246732
G4S686	-1.07137624246732
G4SKG3	-1.07137624246732
G4SKH0	-1.07137624246732
O16849	-1.07137624246732
O18676	-1.07137624246732
Q86S42	-1.07137624246732
A0A0K3AWG6	-1.07137624246732
A0A0K3AR63	-1.07137624246732
A0A0K3AR95	-1.07137624246732
A0A0K3ATP5	-1.07137624246732
G5EFQ4	0.988151870826878
Q9BI75	0.390713016116936
Q95QB7	0.0751426400986861
Q629J5	0.247453942073437
Q304F0	0.117494667378448
Q8IFZ4	-0.253852193043566
Q09345	-0.253852193043566
H2KZ21	-0.0849365825985931
F5GU47	-0.0849365825985931
Q8WT46	-1.83903601697035
H2KZ22	-1.83903601697035
Q09346	-0.222587279637533
Q10000	0.272416471671139
Q629J4	0.272416471671139
D5MCN2	-0.646326596586933
H2KZ23	-0.646326596586933
Q9BI74	-0.862940819403969
A0A679L8Q5	0.641577450158963
O17268	-0.504182021771363
H2KZA5	-0.0600113742349909
Q8ITY8	-0.0600113742349909
H2KZA9	0.453988089261787
H2KZA8	0.453988089261787
H2KZA6	-0.0927093646092394
Q8ITY9	-0.0927093646092394
O17271	1.33901353810372
A0A0K3ARA3	0.641363061777491
A0A0K3AUV8	0.641363061777491
A0A0K3AX69	0.641363061777491
A0A0K3ARV6	0.641363061777491
G5EG26	0.703296449466603
Q6AHR3	0.571318691000746
Q9BI73	0.571318691000746
Q21994	0.571318691000746
Q95QB6	0.571318691000746
P47991	-0.395779000496705
P98060	-0.137838669584632
Q6AHR4	-0.137838669584632
Q21997	-1.33362766488542
Q9UA08	-1.33362766488542
Q2L6Y6	-0.389009869532653
Q21999	-0.365183379982339
Q21993	-0.301121298439041
Q2V4U0	-0.553788159399927
S6FCW6	-0.553788159399927
Q22000	-0.553788159399927
Q86NE7	-0.553788159399927
Q86NE8	-0.553788159399927
Q86NE9	-0.553788159399927
Q8IFZ3	-0.553788159399927
Q95ZQ6	-0.553788159399927
O01925	-0.0601417843089785
Q86DC4	-0.0601417843089785
P35603	-0.246232281410662
Q8MXF2	-0.246232281410662
Q9TZC9	-0.246232281410662
Q9TZD0	-0.250564887776188
Q22003	0.731190763116005
Q22004	-0.11235634526746
Q22006	0.449733185674544
Q8I113	-0.36433394878119
Q22005	-0.36433394878119
O18004	1.75398194000211
O18005	0.68667683838464
A0A1C3NSN4	0.454965487306942
A0A1C3NSJ0	0.454965487306942
O18003	0.454965487306942
Q10462	-0.926259863908107
Q22008	-1.61843903454487
Q8MPY9	-0.286345339313567
Q22009	0.412681535261669
Q22013	0.786964369360123
G5EF06	0.0562912095754328
A0A3B1E007	-0.478157342898722
G5EEK7	-0.478157342898722
A0A3B1DVP6	-0.478157342898722
Q95ZQ5	-0.0181716753020231
Q7YTL0	-0.685800620736607
G4RW00	-2.1349517552412
Q9N5F6	-2.1349517552412
G5EC35	0.212250899339186
G5EG97	0.212250899339186
G5EBH3	0.212250899339186
A0A486WUT8	0.212250899339186
A0A486WVF0	0.212250899339186
G5EFW3	0.212250899339186
Q22015	-0.0542660983090631
Q1NZ18	-0.0542660983090631
Q1NZ17	-0.0542660983090631
A5Z2T8	-0.0542660983090631
G5EDF6	0.208732910988417
O17297	-1.42648954902849
F3NWW4	1.03476483538575
Q22017	0.190499356405769
Q58AA6	0.190499356405769
I2HAD4	0.190499356405769
I2HAD5	0.190499356405769
Q22018	1.46658344224671
Q22023	0.172584734079139
Q22024	0.172584734079139
Q26336	0.172584734079139
Q26337	0.172584734079139
Q7JM79	0.172584734079139
Q7JPS6	0.172584734079139
Q22021	-0.0183116474375325
Q22020	0.196318236853289
Q22019	-0.221597832972557
Q22022	0.0504534140320578
Q8I112	0.0504534140320578
G8JYE4	-0.259388913191229
P91406	-0.259388913191229
Q65ZG3	-0.259388913191229
Q65ZG4	-0.259388913191229
Q86FL5	-0.259388913191229
P91405	1.50915921998638
Q09996	-0.122259824935264
G3MTX6	0.658183033761389
A0A8S4Q9E2	0.658183033761389
Q22029	1.41607867996151
G5EE07	-0.524535546948127
Q8WRF0	-0.524535546948127
C1P627	-0.768517218784631
Q22028	-0.768517218784631
M1ZJT7	-0.88386348246812
Q86G94	-0.88386348246812
G5EEW7	-0.88386348246812
P50444	-1.5943749445489
Q22031	-0.503724739854848
O45722	-0.692520877637603
Q6BEV8	-0.692520877637603
Q22033	-0.433112123924255
Q22032	2.06699224398133
Q22035	0.0288348948922358
Q22034	-0.137341812248259
Q8MPY8	-0.2219858962308
E1B6T1	-0.2219858962308
E1B6T2	-0.2219858962308
A0A5E4LXP4	0.496801686308467
A0A5E4M2E1	0.496801686308467
H2L0J9	-0.281953109182852
Q86GV3	-0.281953109182852
Q8T8L6	-0.281953109182852
Q965F7	-0.281953109182852
Q965F8	-0.281953109182852
A0A2C9C2X9	0.764677327516967
O02153	-0.611698450029022
O02151	-0.0301631432920322
Q8MPT6	-0.0301631432920322
Q9UAN4	-0.0301631432920322
O02152	1.5300262033241
P91407	-3.77518356471149
P91408	-0.160761015095069
G4S3P8	-0.677708401337858
X5M5X9	-0.677708401337858
G5EDU0	-0.284777143846652
Q22043	-0.496347854416168
A6ZJ65	-0.496347854416168
A6ZJ66	-0.496347854416168
Q7YTK9	-0.478386924781826
F5GU62	0.0924634868681996
G4SJD3	0.0924634868681996
H2L0K0	-0.0547517340363024
Q8MPT4	-0.0547517340363024
I7F498	1.17240103581154
Q22045	1.17240103581154
P52018	0.913376054017944
Q22046	-0.0642026954104763
Q58AA7	-0.0642026954104763
Q22047	0.313568956572637
Q7YWU0	-0.185842468144963
G5EGQ5	-0.649921147610522
Q8MPY7	-0.845982409835796
Q966F9	-0.267958028783423
Q22059	0.808777384123727
G5EEH3	0.500152765447081
E0AHC1	0.500152765447081
Q22056	1.86989998075656
Q22060	-1.70247455088452
Q22054	-1.21737526492776
Q22053	-0.633133908536195
Q22061	0.682649490172605
E1B6U1	0.682649490172605
Q22058	1.07499893443456
Q94298	-1.07990886375883
G5EEC7	0.595767219449854
Q9BMH9	0.595767219449854
Q94294	0.595767219449854
Q9BMI0	0.595767219449854
Q95ZQ4	-0.940029828810729
Q22068	-0.940029828810729
Q86FL6	-0.940029828810729
Q22065	-0.109323726299168
Q22064	0.267055024706944
Q22067	-0.68169374991738
P24612	-2.40289987388031
G5EF03	-0.60842310468736
A8DYR9	-0.60842310468736
A8DYS1	-0.60842310468736
A8DYS0	-0.60842310468736
A0A0K3AUP0	-0.60842310468736
A0A0K3AX05	-0.60842310468736
A0A0K3ARP1	-0.60842310468736
A0A0K3AU13	-0.60842310468736
A0A0K3AR37	-0.60842310468736
A0A0K3AUP5	-0.60842310468736
A0A0K3AX10	-0.60842310468736
A0A0K3ARP5	-0.60842310468736
A0A0K3AU17	-0.60842310468736
A0A0K3AR42	-0.60842310468736
A0A0K3AUQ1	-0.60842310468736
A0A0K3AX15	-0.60842310468736
A0A0K3ARQ0	-0.60842310468736
A8DYS3	-0.60842310468736
A7KQE9	-0.60842310468736
P91415	-0.162582605881119
A0A0K3AU20	-1.62778005220182
P91416	-1.62778005220182
A0A0K3AUQ6	-3.40743926272043
Q3HKB6	-3.40743926272043
H9G306	-0.301203120673367
G5EEP6	-0.301203120673367
A0A486WY04	0.0568605379217796
P90956	0.0568605379217796
Q7JL02	0.0568605379217796
Q9XVJ5	0.351675154994261
G5EDT4	-0.0765665353089648
G5EEP7	-0.0765665353089648
G5EF30	-0.0407351810358571
G5EEQ5	0.674462916639697
Q22070	-0.63217671857758
Q22071	0.359360345782028
G5EG51	-0.790024063692014
P49391	0.297549193084406
Q7YWV0	0.140297488392523
A0A486WUN2	-0.395949705324634
B3GWD7	-0.395949705324634
G5EFJ0	-0.395949705324634
G5EGS3	-0.395949705324634
Q9GRC3	-0.395949705324634
O45723	-0.139312666867891
G5EFY6	-0.296734708407824
Q5FC21	-0.525583825557048
O18008	-0.532933112916601
A0A0K3AV42	-0.487832822262601
O16968	-0.487832822262601
O16966	-1.36850433520964
O16965	0.405101776730216
B1GRK7	0.112505122351369
H2L0I0	0.112505122351369
O16962	0.406141892767846
Q86PK7	0.406141892767846
Q9GTF7	0.406141892767846
Q9GTF8	0.406141892767846
O16963	-0.501260304009016
P34692	-1.08199912271329
Q22076	-1.08199912271329
Q9U383	-1.08199912271329
Q22075	0.617840081953263
Q22078	-1.43359633084616
P34808	0.426857857278943
Q8I4G6	0.426857857278943
O62352	-0.656471029981376
P28548	-0.656471029981376
Q22077	-0.656471029981376
G5EFC7	-0.517144967418574
G5EDB8	-0.812658701191531
Q22088	0.380282452254296
Q22089	-0.515750674693236
Q21734	-0.430295868404406
G5EE78	-0.430295868404406
Q58A96	-0.430295868404406
Q7YSN4	-0.430295868404406
Q93972	-0.430295868404406
Q93973	-0.430295868404406
Q93968	0.863943335983401
A5JYU8	0.035646969297324
G5EGP7	0.035646969297324
Q8IG04	0.035646969297324
G5EGJ6	0.035646969297324
G5EE91	0.035646969297324
P91909	0.035646969297324
Q93971	0.035646969297324
H2L0C8	0.31825751485502
O16973	0.747726378494628
O16977	-0.51335300945971
Q7Z0M1	-0.51335300945971
Q1XFZ1	2.77813897528047
P92016	0.15057303356916
Q03605	0.159514424401716
Q7YWU1	-0.417882518826753
G5ECZ0	-0.512883751445224
Q22092	-0.180541881969103
Q22093	0.306641384689801
C7FZT9	-0.892316378839674
Q22095	0.434212468619361
H2L0K1	0.434212468619361
A7LPD6	-0.0127674343613942
A0A8S4QC16	-0.0127674343613942
A0A8S4Q9R2	-0.0127674343613942
A0A8S4QB36	-0.0127674343613942
A0A8S4QFI2	-0.0127674343613942
A0A8S4QDC4	-0.0127674343613942
A0A8S4QC26	-0.0127674343613942
A0A8S4QBH2	-0.0127674343613942
Q22096	-0.0127674343613942
G5EFB0	0.265183708463432
Q8MPY5	0.265183708463432
A0A1N7SYV5	0.265183708463432
A0A1N7SYT0	0.265183708463432
A0A1N7SYT1	0.265183708463432
A0A1N7SYU6	0.265183708463432
A0A1N7SYU0	0.265183708463432
A0A1N7SYU4	0.265183708463432
A0A1N7SYV7	0.265183708463432
A0A1N7SYT8	0.265183708463432
A0A3B1E4Z9	0.265183708463432
A0A3B1DR32	0.265183708463432
A0A3B1E663	0.265183708463432
A0A3B1E695	0.265183708463432
Q86G45	0.265183708463432
Q8MPY6	0.265183708463432
O45728	0.168186721232805
O45730	-0.199928652809816
A0A0K3AXD3	-0.359402188081595
A0A0K3AS23	-0.359402188081595
A0A0K3AUF0	-0.359402188081595
G5ECA7	-2.23386965148466
O02293	-0.60398078918552
B9WRT8	0.208153368878788
Q4JFB7	0.208153368878788
O02289	0.208153368878788
A5JYX5	0.250779980560548
A5JYX4	0.250779980560548
A5JYX6	0.250779980560548
G5EGG5	-1.39878598491486
G5EGI9	-1.39878598491486
O18014	-1.05879601643623
O18015	0.268604363897513
Q52GX6	0.268604363897513
A0A486WU00	0.340220600187575
O45732	0.340220600187575
Q9U382	-0.302724606642501
Q22109	0.503481967992085
Q22111	0.738101958387785
Q6AHP0	0.738101958387785
Q8WQD4	-2.20708196957226
Q22107	-0.527662705338739
Q22101	0.436435816996936
Q22100	0.581560678888411
Q22099	0.329335837898207
Q95ZQ3	0.329335837898207
E1B6V7	1.92591176842393
E1B6V8	1.92591176842393
E1B6V9	1.92591176842393
O62358	1.92591176842393
A0A0M9JJ62	-0.325815817148083
A9D0C6	-0.325815817148083
Q9N5E4	-0.252003096256358
Q9N5E3	0.14195722028514
O16988	-0.117530100615382
O16979	0.460704780695616
Q9XTY6	-0.894735798830708
B5BM46	-0.894735798830708
F1LIN5	-0.894735798830708
Q9BKB5	-0.894735798830708
Q9XTY4	-0.894735798830708
Q9XTY5	-0.330461516976152
Q9XTY3	-0.318101729565466
Q9XTY2	-0.68454923391494
H9G339	-0.68454923391494
H9G338	-0.68454923391494
Q9XTY1	-1.75485277040446
J7SA55	-1.75485277040446
J7SF90	-1.75485277040446
B5BM47	-1.544132905112
Q9XTY7	-1.544132905112
Q9XTY0	-0.218533452033921
H9G333	-0.511270166182067
O45734	-0.511270166182067
O45740	0.303800666958361
P91430	0.693405032474086
P91429	0.525094688588432
P91423	-0.245008797449987
Q8I7G0	-1.89751914389044
P91428	0.718638156786199
P91427	-0.761357436736404
Q95Q44	-0.542773187650078
H2KZD7	-0.542773187650078
P91424	-0.126014673953179
A5HU98	-0.23688430602955
P91425	-0.23688430602955
G5EDA3	-0.0228182555157968
Q9XVJ3	-1.00643547109674
C0P285	-2.13647701279282
O62360	0.784597861483337
Q9XVJ2	-0.287223497584752
O45741	-0.275318809382377
O45742	-0.976161857179985
Q9NDC9	-0.976161857179985
A7LPI5	-1.39872006882946
G5EF43	-0.591355631139505
Q9XVU9	-1.8179509343844
Q8I4G3	-1.8179509343844
A0A0K3AYL9	-1.38204974468492
A0A0K3ATD0	-1.38204974468492
A0A0K3AVN9	-1.38204974468492
D7SFK9	-1.45534058623014
Q22122	1.14238283495577
Q22120	0.713665959545631
Q22123	1.53066250909474
Q22125	-0.234380832037929
Q4PIV7	0.0871673306478135
Q22128	-1.19199701224523
Q22127	-0.17208335242198
Q8MPY4	-0.17208335242198
Q9GTH6	-0.17208335242198
Q22129	0.273977550300745
G5EG50	-0.0414813404854284
G5ECB5	-0.466886614448829
G5EG50	-1.53931012684181
G5ECB5	-0.466886614448829
O18017	1.35052128822376
Q8MZK2	1.35052128822376
Q8MPY3	-1.96254427225532
Q22139	-1.86486717011213
Q22140	0.683771873691193
Q22141	1.31216775391935
P34703	0.286712119366449
Q7JMP9	0.286712119366449
Q22145	0.242534992293562
Q22143	0.379124586617004
B5U8L0	-1.11037758202388
A0A1I6CM93	-1.27268052247986
Q22133	-1.27268052247986
Q22134	0.723347624799185
Q22135	-0.0357265801142736
Q22137	-0.480505168047358
Q86G92	-0.480505168047358
Q22144	0.838488760228836
Q22138	-0.22289815981884
Q22146	-0.367080975508035
Q22147	-1.51947744546882
Q1NZ27	-1.51947744546882
G5EF58	-0.532905418340753
D3KFT5	-0.271595723430733
A0A0M7RDW0	0.123228962083255
O44847	0.123228962083255
O44846	-0.905975613614641
Q6A583	-0.905975613614641
A0A0K3AX20	-0.905975613614641
Q22155	-0.0263199249294061
Q8WQL7	-0.0263199249294061
A0A2K5AU15	-0.233853583150011
A0A8S4SL73	-0.233853583150011
Q9BI71	0.0976519091471326
Q9BI72	0.0976519091471326
Q22156	-1.50255909779926
A9UJP5	1.31051478572795
F5GUG4	-0.61871200318934
O45745	-0.522011294994164
P0DM41	-0.995467022818783
P0DM42	-0.995467022818783
P10983	-0.995467022818783
P10985	-0.995467022818783
O45744	-0.299190745777173
P10984	-0.299190745777173
P0DM41	0.301285905446833
P0DM42	0.301285905446833
P10983	0.301285905446833
P10985	0.301285905446833
Q7YWW4	-1.48593524799058
Q7YWW3	-3.96680010051357
A8DZ52	-1.92277054352357
H2L0I8	-0.88619767514307
H2L0I9	-0.88619767514307
Q4A572	-0.88619767514307
Q8MPT2	-1.16469562797119
H2KZV6	-1.16469562797119
H2KZV7	-1.16469562797119
L8E6X8	-0.100307614339737
Q9GP94	-0.100307614339737
Q9GP96	-0.100307614339737
H2KZV8	-0.100307614339737
H2KZV9	0.204966866446142
Q9GP93	0.204966866446142
O61844	1.30305800046964
B1V8A0	0.12631386513696
A5A8Q9	0.12631386513696
A5A8R0	0.12631386513696
O61843	0.12631386513696
Q6TM46	0.12631386513696
G4RQM3	-0.146097759247733
O61845	-0.146097759247733
O02297	0.268878185428742
B5BM35	-0.218505254312586
O18696	-0.218505254312586
O02298	-0.46188568602645
H2L2G5	-0.46188568602645
H2L2G4	-0.46188568602645
O02299	1.17284291528161
G5EE32	-1.04419389745063
G5EGD0	-1.04419389745063
Q22157	-0.840161316602155
Q22159	1.13157458973057
Q22161	-2.4029604605509
Q22162	-0.726783322674633
Q22163	0.654470078220578
Q22164	-1.46204847306637
Q22167	-0.402624276445542
Q22166	-0.0761613839052885
A6ZJ59	-0.0761613839052885
Q22168	-1.12950192932198
A0A168HBV3	-0.834204872597458
Q22173	-0.834204872597458
Q22170	0.709429799239411
Q22171	0.402106670362045
Q22169	-0.704035441547773
Q22174	-0.430429279090175
Q22176	-1.8103182464923
A5JYU5	0.644541793501678
O44199	0.644541793501678
Q22177	0.644541793501678
Q22178	0.432187779722757
Q22179	-0.418273977819446
Q22180	-1.44411042628057
Q22181	0.622236890884637
G5EF01	-0.575184077022143
Q22188	-0.70681422883313
A0A061AKJ8	-0.70681422883313
G5ED22	-0.70681422883313
Q22187	0.415896623912273
H2L281	0.415896623912273
Q2XN03	-0.154435840200901
Q22189	-0.154435840200901
Q6TPG1	-1.07908861597681
A0A5T0BWQ3	-1.07908861597681
A0A5T0C5A1	-1.07908861597681
A0A679M2I6	-1.07908861597681
B5U8M3	-1.07908861597681
G5ED62	-1.07908861597681
Q22190	-1.07908861597681
Q7JM42	-1.07908861597681
Q7JM43	-1.07908861597681
Q7JM44	-1.07908861597681
Q7JM45	-1.07908861597681
Q7JM48	-1.07908861597681
Q6TPG6	-1.07908861597681
P90960	-0.163505229113453
Q7K866	0.696075492151069
V6CKD9	0.696075492151069
Q9GYK9	0.696075492151069
Q9GYK8	-0.0887160612161248
H2L0J8	-0.270024379064422
Q22197	0.333215608656615
G5EEJ2	-0.407956914681275
U4PBK8	-0.407956914681275
Q22198	-0.407956914681275
Q22207	0.413734201330752
Q4TTB2	-0.54396620506475
A0A1I6CM70	-1.97351001001622
Q22205	1.26097094290352
G5EEL9	-1.62035138056187
G5EEE1	-0.349421839588657
Q22208	-0.473295595913687
O44858	-1.42427838936385
O44857	-0.335373654150026
Q22212	-0.656969025097729
P90961	0.180067169776902
Q8IFZ2	-0.128944566674299
A0A8S4QB11	-0.932686856353429
G4S3B4	-0.932686856353429
A0A8S4QFF2	-0.932686856353429
O16426	0.788440310834152
O16420	0.60540162350182
O16425	1.42222131075662
Q9BJK9	1.42222131075662
O16424	-1.04489156953767
Q22215	0.834530298379281
Q22217	0.65338932536187
A0A3P6MY51	1.66185995271548
Q22218	1.66185995271548
Q629J3	-0.114750023850646
H2KY84	-0.114750023850646
H2KY85	-0.114750023850646
G5EC21	0.970111515067742
A0A2C9C345	-0.0337343105092641
A0A2C9C3B6	-0.0337343105092641
H2L277	0.625267718085798
Q22224	-0.630919478522515
G5EC49	-0.57650620225351
O76471	-0.57650620225351
Q22227	-0.57650620225351
Q95ZQ0	-0.57650620225351
P41988	-0.248586864446346
Q22228	-0.248586864446346
Q22229	-0.0450476453730058
O16303	-0.661367392815187
H2KZ05	0.122947471318534
A6PVA4	0.122947471318534
O45747	-0.194227732667964
P54216	-0.194227732667964
O45748	0.249545972554773
O45749	0.514420285209124
O45750	-0.356947388897802
C8JQS1	-0.356947388897802
P49041	-0.660001786955821
B3GWC2	-0.0317445060147307
Q22234	-0.0317445060147307
E9P859	0.35821899467986
Q22235	0.35821899467986
A0A061AD57	-0.363226488112435
Q22236	-0.363226488112435
P49049	-0.629165968983498
P49048	0.17483482502578
Q22237	-1.74371690307829
A5JYX7	1.71841286374988
O45754	1.71841286374988
O01862	0.100389448538451
O01858	0.173614864798476
O01859	0.651447496177205
O01861	0.379102953167972
O01598	-1.12620674578227
A5JYX8	0.343315830256953
O18033	0.343315830256953
O18030	-1.85010327872069
Q9XUQ9	-1.51011919105848
Q8I4G2	0.320087161839666
Q9XUR4	0.349906475849053
O18650	-0.339406682354207
O18036	-1.20560311280004
Q7JKP6	-0.403425038143939
Q9XUR3	0.259623300461197
P34554	-0.503535005127603
G1K0V7	-0.503535005127603
P34563	0.707664353350735
G1K0V8	0.707664353350735
G1K0V9	0.707664353350735
Q8MPY0	1.33229124912415
P34556	0.905885616388674
P34558	-0.322776969108031
E5QCF8	-0.322776969108031
E5QCF6	-0.322776969108031
E5QCF7	-0.322776969108031
P34559	0.343391343315968
H2FLF5	0.410580485726133
H2FLF6	0.410580485726133
P34560	0.410580485726133
E5QCF9	0.216426792693768
P34561	0.216426792693768
P34562	0.821407743111031
Q86DA2	0.821407743111031
Q22240	0.234689285802013
Q10002	0.398832267368378
Q09347	0.937259726956821
Q09348	1.34499977540153
B7WN71	1.34499977540153
Q6BEV4	-0.0905704591819086
Q09349	-0.0905704591819086
Q95QB5	-0.0905704591819086
P52899	-0.449249885011389
Q8I111	-0.449249885011389
G5ECZ6	-0.396447853890737
Q10003	-0.396447853890737
Q10004	-0.702240834753341
O16526	-0.175666161424173
O16515	0.0398275845674119
A0A486WXD0	0.420744337858258
O16516	0.420744337858258
O16517	-0.20962640327255
A0A486WWU7	-0.564367921511557
Q86S57	-0.564367921511557
O16518	-0.564367921511557
Q8MXJ7	-0.564367921511557
O16519	0.687864268520793
Q2Z1P0	0.788665898497358
H2L087	0.788665898497358
H2L088	0.788665898497358
O16522	0.0691480342802301
O16521	0.456192811263796
O16520	-0.521424395054158
S6EZT6	-0.521424395054158
A0A0K3ASU6	-0.0493648234308934
A0A0K3AV45	-0.0493648234308934
G5EGB6	-0.0493648234308934
O61929	-0.805282306003691
G5ED26	-0.290258876490607
H2KAQ0	-0.290258876490607
H2KAP9	-0.290258876490607
A0A0K3AV29	0.198504922816902
A0A0K3ARJ4	0.198504922816902
A3QMD6	0.198504922816902
A0A0K3AXE0	0.341960728000923
A3QMD7	0.341960728000923
Q6A577	-0.335955639849579
Q6A576	-0.335955639849579
G5EF22	-0.424292733854258
O18037	0.26250607051273
L8E924	-1.89452205404735
O18048	-1.89452205404735
O18039	1.38478757274079
O18043	0.82426042880877
Q86PJ7	-0.00677738553603881
Q9XVJ1	-0.00677738553603881
O45756	-0.267692193988637
Q9U379	-2.11404992598013
Q9U380	1.06432963230776
A0A5S9MMS0	-1.14733362633018
A0A5S9MMA9	-1.14733362633018
G5ECB4	-1.14733362633018
A0A5S9MNN4	-1.14733362633018
A0A5S9MPU7	-1.14733362633018
A0A5S9MNG3	-1.14733362633018
A0A5S9MRP0	-1.14733362633018
A0A5S9MMI0	-1.14733362633018
A0A5S9MQJ1	-1.14733362633018
A0A5S9MMB0	-1.14733362633018
G5ECB3	-1.14733362633018
G5EDB1	-1.14733362633018
G5ECK5	0.82596931513113
Q22249	0.0136403143227853
Q22250	0.796580817703489
Q22251	0.30890305548718
P53703	0.25161998571014
Q22252	0.729383910331993
Q22253	0.7715769634159
Q22254	0.0801123679449912
Q22257	0.330591187301098
E5QCG9	1.18902339404637
Q22258	1.18902339404637
Q9Y061	1.18902339404637
Q22256	-3.36618349680862
Q22261	-1.10862972408979
O45757	0.00377702621409936
O45764	0.337695022238748
Q27GP4	0.466698485803407
Q10654	0.585315908081799
Q95ZP8	0.585315908081799
Q9U378	0.585315908081799
O45758	-0.0292342162905327
O62361	-0.580407452530822
Q22267	0.0611845557377983
I2HA82	0.0611845557377983
A0A5E4M3H3	-1.36988404914995
A0A5E4LZN8	-1.36988404914995
A0A5E4LZJ1	-1.36988404914995
H2L0J0	-1.36988404914995
Q95ZP6	-1.36988404914995
Q95ZP4	-0.454636282214379
Q9BMK8	-0.454636282214379
H2L0J1	-0.454636282214379
Q7YWV1	-1.98797014140421
O18051	-1.23743415557581
Q69Z10	-1.23743415557581
O18054	0.344500955905023
A0A4V0IKM3	0.176800467084085
A0A4V0IKI8	0.176800467084085
A0A4V0IL39	0.176800467084085
A0A4V0INX3	0.176800467084085
A0A4V0INP7	0.176800467084085
Q22271	0.176800467084085
Q8MPX9	0.176800467084085
G5EGH2	0.0169198352276416
Q10045	0.99787702399337
Q9U377	0.315092010524211
G5EDQ5	0.315092010524211
A7LPF8	0.315092010524211
O44412	-1.26650077508031
Q1XFY9	-0.0838816387101922
H2L0K6	-1.41261747508727
Q95X71	-0.085085945416646
Q5F4U5	-0.085085945416646
Q1XFY8	-0.754439086731961
A2V8C7	0.984890632422225
O44413	0.00778448428444902
O44408	-0.766619786088992
O44406	0.345058008100344
O44407	0.345058008100344
U4PC85	0.345058008100344
U4PCK7	0.345058008100344
G5EE01	0.302075952836678
O44409	1.226974705134
Q9BIG5	1.226974705134
O44410	0.0800617586882848
O44411	-0.222382126457091
Q8MXI6	-0.222382126457091
G5EGG9	-0.197344583108468
G5EF82	0.372031343543589
Q564Z8	1.08549718863197
B3WFV5	0.549302970726734
Q22285	0.0539146784341297
E3W738	-0.931753932903844
E3W739	-0.931753932903844
Q22279	-1.83887720660031
G5EBL8	-2.06144475589065
Q14V35	-0.298599525509326
Q14V34	0.82934450918569
Q22292	0.513823768339945
Q75WK3	0.513823768339945
A0A8S4SL88	-0.539045173137083
Q22290	-0.539045173137083
Q9U376	-0.539045173137083
Q22291	-1.34526635719813
Q22288	-0.0611483842845148
A0A0K3AU58	0.0854510348021019
P41956	0.0854510348021019
P41958	0.503194312860038
Q27512	-0.561715061919492
Q7JMT5	-0.561715061919492
A0A0K3AYM2	-0.187476598510406
A0A0K3ATD5	-0.187476598510406
O62371	-0.187476598510406
Q22295	-0.187476598510406
Q8MPX8	-0.187476598510406
Q22296	0.3723976025037
Q86C56	0.0869844743089273
Q86C57	0.0869844743089273
Q86C58	0.0869844743089273
A0A163UTN8	0.0869844743089273
A0A8D9I9M5	-0.225963442734462
A0A8D9MH66	-0.225963442734462
Q22302	-0.225963442734462
Q22303	3.4554573034496
Q10572	-1.77144990363179
A0A168HBS9	-1.77144990363179
A0A168HBX9	-1.77144990363179
Q22304	-1.77144990363179
G5ED09	-0.3666798230699
Q86G91	-0.405945707323734
A0A0S4XRC0	0.0607132890408938
O16723	0.0607132890408938
Q3LTR7	-1.14312088408301
Q86B39	-1.14312088408301
O16720	-1.14312088408301
G5EFT1	-0.474054449553148
Q22306	-1.88088511740474
A0FLR0	-1.88088511740474
Q6BEU9	-1.88088511740474
A0A486WUJ5	0.479712084836673
Q22307	0.479712084836673
B7WN80	-1.11443680082803
B7WN81	-1.11443680082803
Q22308	-1.11443680082803
O18056	-1.11443680082803
Q22309	-1.11443680082803
O62372	-1.11443680082803
A5JYR6	-0.234808615048384
Q22313	0.379656063149465
Q22312	-0.360247380340423
Q8IFZ1	0.159878430633305
Q22310	0.159878430633305
G5EG86	0.149845634255606
B2BBX9	-0.190062688229414
G5EEV3	-0.190062688229414
G8JYC6	-0.190062688229414
Q8WQD1	-0.190062688229414
Q22317	-2.69883207562309
Q1HB04	-2.69883207562309
Q22318	0.0806735953071992
Q22316	-1.0175782373922
Q9XVU6	1.63774994972192
Q22323	0.125030499601319
Q22322	0.472626364539913
Q22321	-0.713465675002086
A0A3P6NNZ8	-0.0946688141553184
A0A3P6MYF5	-0.0946688141553184
P91439	-0.0961002570681004
Q95ZK6	0.865421175283355
Q95ZK7	0.865421175283355
P91437	-0.917814122572797
O18058	-0.819781592318046
G5EDZ8	-0.819781592318046
G5EF93	-0.819781592318046
O18067	-0.60666075077273
A0A061AJC4	0.978697166576147
O18065	0.978697166576147
F5GUH4	0.763646870723875
O18068	0.763646870723875
O18061	1.15213242839727
O18062	0.815167726599992
B3GWD8	-0.866967439414806
A0A061ACV1	-0.866967439414806
O18057	-0.866967439414806
B2MZC6	-0.481310539425906
I2HAK0	-0.481310539425906
J3JZZ7	-0.481310539425906
O18064	-0.481310539425906
O76612	0.367184170687897
O76610	-0.175823110324852
D6VPA0	-2.09472554115495
O76611	-0.880846981666681
Q8T3D3	-1.92809798643479
H2L0K7	-1.92809798643479
O16142	1.12673392230492
Q22329	1.12673392230492
Q86FL7	1.32898626918404
A0A1N7SYU8	0.114903042976716
A0A1N7SZ15	0.114903042976716
C7C692	0.114903042976716
Q22328	0.114903042976716
A0A3P6NPB0	1.49927800246422
Q5ZR39	-0.830451579466866
H2KZ68	-0.830451579466866
Q5ZR35	-0.830451579466866
Q5ZR41	-0.830451579466866
H2KZ67	-0.830451579466866
Q5ZR40	-0.830451579466866
A5A8R1	-0.830451579466866
A5A8R2	-0.830451579466866
Q5ZR36	-0.830451579466866
Q5ZR42	-0.830451579466866
O61894	-0.555915688613796
G5EBK0	-1.31997770880312
G5EEQ8	0.066623201826009
Q22342	-0.0621901044428533
Q22337	-0.346064483685132
H2KYJ2	-2.08722272495046
Q8MPX6	-2.08722272495046
Q8MPX7	-1.16445599746057
Q22339	-1.15727422510154
Q22341	-0.311347696822644
O76735	0.785129087623167
Q22340	0.785129087623167
Q22336	-0.532978664458155
Q22338	0.559766123120017
Q86FL8	-0.294865524084496
A0A0K3AVV4	0.169087398025426
A0A0K3AY44	0.169087398025426
O44557	0.169087398025426
K8ERV5	-0.566418934351499
O44556	-0.566418934351499
O44555	-2.15185988305157
G5EGD7	0.41501693432434
O44560	-0.871003977724212
O01692	0.108713481138915
Q9GYS6	0.964683582101152
Q9GYS5	0.472267850551896
Q8MNW1	0.27693684843256
Q86NK1	0.27693684843256
Q9BIC2	0.27693684843256
Q9GYS7	0.27693684843256
Q9GYT0	0.42180570214654
Q9BIC3	0.42180570214654
Q9GYS9	-0.589826601361025
Q86B36	0.376486997334972
Q9GYS8	0.376486997334972
G5EEG1	0.602979495034382
Q22343	0.419429988437232
Q22344	-0.414100982218712
A4F325	-0.773007722664026
O76644	-0.698650366358728
O76642	-0.0732671765235048
O76641	0.111283111305837
O76640	-0.79203159204611
O76639	-1.5261895144456
O76638	-0.800657796087705
Q8T3D2	0.056654481542808
Q94010	0.056654481542808
Q94012	1.69741426332215
A8WHU4	0.399304785798598
Q94013	0.399304785798598
O02520	-0.252135429600972
O02600	-0.252135429600972
P48181	-0.252135429600972
Q94014	-0.252135429600972
Q22346	0.080673111751673
Q22347	-0.156578524531028
P17512	2.69558487179502
Q7YWW0	0.58754239288669
B1Q276	-1.51389763901844
B5U8P4	0.656146013447504
Q9XUQ6	0.656146013447504
Q1ZXS5	-0.0142883560445036
A8JJR1	-0.0142883560445036
Q9XUQ4	-0.0142883560445036
A0A486WXM5	-0.0142883560445036
Q22352	0.395674253426835
Q22354	-0.48706661065031
S6EZU2	-0.48706661065031
I1W6S5	-0.48706661065031
Q22355	-0.687255826770611
H2KYJ6	-0.808888629171491
A0A0K3AS26	0.201471525612788
O61220	0.201471525612788
Q9GTD9	-0.485084928598952
Q9GTE0	-0.485084928598952
H2KYJ7	-0.485084928598952
H2KYJ8	-0.485084928598952
Q5W611	-0.485084928598952
Q8MXH0	-0.485084928598952
W6RQQ7	-0.485084928598952
W6RRP4	-0.485084928598952
W6RT69	-0.485084928598952
W6RT76	-0.485084928598952
W6RXQ9	-0.485084928598952
W6SB62	-0.485084928598952
Q8MXH3	-0.562754770041127
P45961	-0.0864600160640963
Q56DS6	-0.0864600160640963
Q7JMP5	-0.0864600160640963
P45970	-0.750466312799197
P45971	0.395219289329458
P45972	-0.278163570871375
Q7YTK8	1.65718829337607
Q7YTK7	0.921271354499353
P45962	0.270402276449879
Q7JMP3	0.270402276449879
Q7JMP4	0.270402276449879
A0A5S9MMP1	0.270402276449879
P45963	-2.47579575658419
Q9GQV0	-2.47579575658419
P45964	-0.484536495798444
P45965	0.0148678814363894
P45966	0.115375277260493
P45967	0.486722842657482
P45968	-0.570554591813179
P45969	0.0276794129517593
O02164	-0.478155175704271
G5ECY6	-0.027076062474158
O02163	-1.22829000544276
H1ZUX2	-2.34267877307869
O02159	0.497105325019682
O02155	-0.750041361951368
O02156	-0.193254021557872
O02158	-1.00581520530408
O02161	0.381290251224454
Q7JMM5	0.373252437630787
Q10048	0.0594355219642975
Q10049	-0.222634553358265
Q09350	-0.251516606167296
Q23038	-0.0622125382688382
G5EEK3	-0.750498307435669
A0A0M3UPV7	-0.750498307435669
G5EBN2	-0.750498307435669
G5EBP7	-0.750498307435669
G5EC74	-0.750498307435669
G5EE58	-0.750498307435669
N1NSE8	-0.750498307435669
Q8I4G1	-0.750498307435669
Q9XVL5	-0.750498307435669
Q22360	-0.524094282146639
Q22361	-0.715301521666056
G5EDA0	0.458246727359767
G5EEG6	-0.193423389229224
P04970	0.339994553400594
Q22363	0.0246753356227358
Q7YTF8	1.20966139821702
O62375	-0.36862524721602
G5EGH1	-1.57896744173195
O18076	0.804250041666064
O61935	-0.380670101347273
Q22366	0.0453772267118896
A0A5E4LYK9	0.0453772267118896
A0A5E4LWH4	0.0453772267118896
A0A5E4LXW2	0.0453772267118896
A0A5E4M2M0	0.0453772267118896
Q22367	0.0453772267118896
Q8MPX5	0.0453772267118896
Q95WX9	0.0453772267118896
Q22370	-0.910979117180139
A0A8S4QCL7	0.2848134632093
Q22368	0.2848134632093
Q22371	-0.467479957957666
Q22372	-0.567258022402926
Q22373	-1.51313215541057
Q22374	-1.44587625571061
G5ECZ5	-0.879501351069486
Q9TZH6	-0.0620883886573926
Q9TZI1	1.04642012667388
Q9TZI2	-1.2958850629551
Q9TZH9	0.378214447801073
Q9TZH8	0.135817847727014
C6S3L8	-0.25186019110815
H2KZ49	-0.25186019110815
Q9TZH5	-1.24780352682082
H2KZ50	-1.24780352682082
A0A0K3ASV3	1.9519370533485
Q86S30	1.9519370533485
A0A0K3AV49	-0.271480226619666
O76407	-0.271480226619666
A0A0K3ASB6	-0.0680881429207712
A0A0K3AVV8	-0.0680881429207712
A0A0K3ASV9	-0.0680881429207712
A0A0K3AY51	-0.0680881429207712
Q9TZS5	-0.928624536243417
Q86S29	-0.928624536243417
O76406	0.0466567504675849
A0A0K3AV53	-0.495408127975788
O76409	-0.495408127975788
Q27519	-1.71925763414737
Q27514	-2.43938679899847
Q27515	-2.83239966145773
O01997	-1.5251364804147
Q27516	-1.5251364804147
Q27517	-6.10330118501498
Q27518	0.0696331060186128
Q27520	0.82765133123455
Q09352	-0.453991677282845
G5EF23	0.351449666907258
H9G346	0.351449666907258
H9G347	0.351449666907258
O45766	0.388408555652279
Q9U372	-1.54491134597355
H2FLL6	-1.54491134597355
H2FLL7	-1.54491134597355
H2FLL8	-1.54491134597355
H2FLL9	-1.54491134597355
O62376	-1.54491134597355
Q9TZF2	-0.06296853148081
Q9TZF4	-0.0944978582879179
H2L0L1	-1.04705316576334
A0A5E4LZB1	0.93898818513925
A0A5E4LWY0	0.93898818513925
A0A5E4LWL2	0.93898818513925
Q22378	-3.26653128897644
A0A8S4QGS8	-3.26653128897644
O01606	-1.22937141447024
A0A1X7RBI4	-0.0477283582078869
A0A8D9IA45	-0.0477283582078869
O01605	-1.33706555355958
O01603	1.18435509612974
O01599	-0.769543346187571
Q86NC2	-0.663090398561928
O01604	0.973795608826652
A0A0K3AQR2	-0.244143195268511
O01607	-0.244143195268511
Q8I711	0.341123736068526
Q10039	0.341123736068526
Q10050	-1.04214069974317
Q09353	0.266324097271782
Q8IU18	0.266324097271782
Q10051	-0.338828779299341
G4SNB8	1.05536981192367
P92018	-1.28515137112311
P92020	0.634975143365794
L8E717	0.812371814772056
P92166	0.812371814772056
G5ED80	-0.414079906129026
Q5FC45	-0.414079906129026
P92022	-0.359803603552309
E1B6V1	-0.359803603552309
A4UVL0	-0.257678768540724
P91443	-1.35653588832923
P91442	-0.578765234564668
P91441	-0.28207775387272
O62377	-1.33519232993235
P43507	0.0693943126127608
Q9TW93	0.0693943126127608
G8JZJ6	0.193887910536386
O76412	-2.2127255179822
O76411	-0.534419241121195
O76413	0.467686652816243
O02495	-0.250109917250707
H2L035	1.11737817366197
H2L034	1.11737817366197
Q1XFY4	-1.00811855489633
G5EEZ6	-0.73474458841365
G5ED12	-0.73474458841365
F1LIM7	-0.73474458841365
Q22387	-0.917890027891312
D3YT11	0.521098660998495
D3YT12	0.521098660998495
Q22388	0.521098660998495
A5JYR8	-0.460970893939667
A5JYR9	-0.460970893939667
G5EEF6	-0.625273571791153
G5EFL5	-0.625273571791153
G5EFG1	-0.625273571791153
G5EC72	-0.625273571791153
G5EEL1	-0.625273571791153
Q22390	-0.0174478626925557
U4PQR6	1.80803384585689
Q9U4E4	-0.175458335543215
V6CIR8	-0.175458335543215
O44191	-0.175458335543215
Q9N4S4	-0.175458335543215
H9G2Y3	0.627874954227457
H9G2Y2	0.627874954227457
Q22392	-0.0392084823465916
G5EDH2	-0.224555832493312
Q22395	0.369053301729858
Q8I4G0	0.369053301729858
B2D6M4	0.267655871748848
Q22397	0.267655871748848
P34183	-0.140667721399942
Q22408	-0.140667721399942
Q26342	-0.140667721399942
Q86DB0	-0.140667721399942
Q22409	0.348723897789258
A1Z6D3	0.348723897789258
Q22410	-1.72467292953104
Q22406	0.685713255879326
G5EGQ8	-1.04632029121902
G5EDY1	-1.04632029121902
A0A061ACS6	-0.560961489285691
Q22412	-0.560961489285691
Q22419	-0.350809195731853
A0A679L8R0	-0.587077805092283
H2KYW7	-0.48367765718937
Q8T3D0	-0.48367765718937
P46975	0.384000813856709
Q22417	0.683643363016869
Q22418	0.546475349130225
Q22422	-1.9302023735966
L8E6K9	-1.23418225501395
L8E6Y8	-1.23418225501395
A0FLR6	-1.23418225501395
Q067X9	-1.50213692847781
Q067X8	-1.50213692847781
H9G2X2	-1.50213692847781
H9G2X1	-1.50213692847781
G5EEB8	-0.745053066783334
Q95ZP0	-0.13513985241264
Q9UAX0	0.0999564018064921
Q9UAW9	-0.317719132655341
Q9UAW8	-0.0170796502519581
W6RY92	0.23065333260239
Q9UAX1	0.23065333260239
Q9TZ19	0.0362901958490092
Q9TZ26	-1.90799359927083
Q9TZ24	0.288798820974394
Q9TZ21	-0.787107955677857
Q9TZ22	0.139083224501935
Q9TZ23	1.34786512211839
Q2WF55	0.913197202239734
A0A163VTZ6	0.913197202239734
Q9TZ27	-0.51440760008907
Q95QB3	-1.51028762065614
A0A2X0RDZ3	-0.124872912231064
A0A2X0REL6	-0.124872912231064
A0A2X0RCW6	-0.124872912231064
A0A2X0REA8	-0.124872912231064
A0A2X0SX30	-0.124872912231064
A0A2X0RQ43	-0.124872912231064
Q22426	-0.124872912231064
Q7JP54	-1.5117897019683
Q86PJ1	-1.5117897019683
H2L0L6	-1.5117897019683
Q9U371	-1.5117897019683
Q27521	-1.31021196727307
Q9XYB9	-1.31021196727307
H2L0L4	5.21539808873926
A9Z1K4	5.21539808873926
H2L0L5	5.21539808873926
G5EGI1	-0.755203011003463
O45781	-0.452562693860195
Q9XVJ0	-0.2815155425338
O45782	-0.432456009132334
O45783	-0.438574152135299
Q9XVI9	-0.0270866533448095
O45784	-2.2055828952532
G5EE04	0.415607685789736
G5EBU8	0.475880397153061
G5EFT0	0.475880397153061
Q22431	0.346639287729909
Q22430	0.678416140107039
Q22429	0.140872570513186
G5EDY8	0.0872462614364782
Q8WQC9	0.0872462614364782
O44761	0.542263801370308
O44759	-0.00521302567412395
O44758	-1.20270574883368
O76743	-1.20270574883368
O44757	-0.162235283752131
O44760	-0.0205760835529597
H2KZU0	-0.0205760835529597
Q22436	-0.275125642850736
F1LIM5	-0.275125642850736
D3YT31	-0.118346226946126
A0A061AEA3	-0.118346226946126
D3YT30	-0.118346226946126
A0A061AD51	-0.118346226946126
Q22435	-0.118346226946126
Q7JLZ0	-0.118346226946126
Q7JLY9	-0.118346226946126
Q22437	-1.45681599774956
Q22438	0.492295649156503
H2L295	1.81777433208234
Q22434	1.81777433208234
G5EFW0	0.175463485471381
Q95US5	0.503286297166245
F5GUA1	0.503286297166245
Q22442	-0.471727943610811
V6CJ99	-0.471727943610811
G5EBN9	-0.87064920458579
O17373	-0.825908860138707
O17375	1.56937240773272
O17377	3.5349958316551
A9D649	-0.376438527549322
H2KYJ0	-0.376438527549322
Q6AHP7	1.66692655372478
Q7JP78	0.432539171382008
Q22453	-1.6487470251344
H2KZX4	-0.524607811686348
Q7JP80	-0.524607811686348
Q7JP79	1.86894921336875
Q22460	0.476213496300881
Q22461	0.201310073190245
Q8T3C8	0.290640625704768
D5MCT8	0.431991363561659
E9P887	0.431991363561659
G5EG11	0.431991363561659
Q94045	-0.342166495697804
Q9U370	-0.800256578474201
Q94046	-0.800256578474201
Q94048	-0.535100735932533
Q94049	0.116304433880749
Q94050	0.475052870768549
Q94051	-0.313292878578104
H2L2G6	-0.313292878578104
O18087	1.01031115343528
O18085	1.13041525496794
Q7YTK5	-1.60041929473368
Q966F7	-0.443888612439236
D3KZG3	-0.54580655505989
G4S885	-0.54580655505989
Q966F6	0.441818416335642
Q7YWT8	0.209540068283894
H2KYH2	-0.324818523744705
Q8WQC7	-0.324818523744705
A0A5E4LZQ4	-0.324818523744705
A0A5E4LZL1	-0.324818523744705
A0A5E4LWJ7	-0.324818523744705
A0A5E4LYM3	-0.324818523744705
H2KYH3	-0.538691711361373
Q22463	-0.538691711361373
G5EGI0	-1.67450652806758
G5EFE8	-1.67450652806758
G5EC69	-1.67450652806758
G5EGJ3	-1.67450652806758
G5EGM6	-1.67450652806758
F5GU90	-1.67450652806758
G5ECI6	-1.67450652806758
G5EG42	-1.67450652806758
G5EEM4	-1.67450652806758
Q22467	-1.12669183236392
B7WN92	-1.12669183236392
Q22468	1.96777226135066
Q22469	-0.476926818655237
Q22470	-1.04211935591432
Q9U369	-0.912729951391379
Q9U6P6	0.113568464880445
Q95QB1	0.638703750657157
Q22472	-0.622717040038304
Q22473	-0.381015333876068
W6RTJ0	-0.381015333876068
Q22474	-0.60855056758713
G5ECD9	1.4098403751731
Q22484	0.861133798263794
Q22483	0.946942681894826
Q22482	-0.0671818753768999
H2KYX1	-0.162652080205552
B1Q241	-0.162652080205552
Q22478	0.619806541154805
P35799	0.840687950045866
Q22477	0.840687950045866
P35800	0.333645728758035
Q22476	0.333645728758035
A0A0K3ARQ4	-0.187450854542442
A0A0K3AU23	-0.187450854542442
Q22480	-0.187450854542442
Q22485	-0.144343849448764
Q94055	0.208585209348753
Q94056	0.320243003853026
H2KZU7	-0.598759506813102
H1AGA1	-0.598759506813102
Q6AHP3	-0.598759506813102
Q6RYS9	-1.76992807734728
Q3HKC0	-1.76992807734728
Q3HKC1	-1.76992807734728
Q3HKC2	-1.76992807734728
Q5WRS0	-0.8157485788003
Q22494	-0.237930408640566
Q22493	-0.0729823287084647
A7DY65	0.282512319053254
Q22492	0.282512319053254
H2KZM4	-1.40109110002056
A0A5S9MMK5	-1.40109110002056
Q7Z1Q1	-1.40109110002056
Q9U9Q9	-1.40109110002056
Q10574	0.150586411176264
A0A061AE05	-0.00587993052187487
Q22501	-0.00587993052187487
G5EBY1	-0.246107737864223
G5EDB9	-0.246107737864223
G5EEX2	-0.246107737864223
G5EEE0	-0.246107737864223
F5GUA2	-0.246107737864223
G5ECE2	-0.246107737864223
G5ECB8	-0.246107737864223
Q22500	0.730635887343597
Q22499	-1.0004964282041
Q22498	0.561252781622812
Q2XN02	0.561252781622812
F5GUA3	0.561252781622812
A0A061ACR1	0.561252781622812
Q22495	-0.417313102403393
Q22496	-0.167397183937359
A0A061AJ89	-0.533657339938926
Q22497	-0.533657339938926
G4SPS4	-1.31730631409888
Q22506	-1.31730631409888
Q22505	0.640417227620659
G5EEN8	0.333812897990404
Q22508	-2.99996400578844
Q22510	-0.326825287735508
Q95QA9	-0.326825287735508
Q18794	0.392822802106471
Q22516	0.392822802106471
Q22515	-0.539999818184302
Q22514	0.594642110364251
G4SJU0	-1.87291846904382
G5ECY7	-1.87291846904382
Q5ZR75	-0.754593004698253
O17040	-0.00592454625385268
Q10006	1.14839877567615
Q10007	-0.178476636681096
B3GWA8	-0.281710399196543
Q10005	-0.281710399196543
Q8MPX3	-0.281710399196543
A0A5S9MN87	0.461119763154338
A0A168H214	0.253269396250985
P91449	0.418196176051674
Q22522	-0.328256808223522
J7S146	-0.82931549750227
A0A2C9C3G3	-0.82931549750227
A0A486WVJ1	-0.82931549750227
Q22523	-0.82931549750227
Q22525	-0.668687087724068
Q9XUQ0	-0.518517276136988
Q9XUP4	-0.216694656203998
Q0VI97	-1.23430035880591
Q9XUP3	-1.23430035880591
Q9XUP9	0.451828202495844
C9IY39	0.451828202495844
Q9XUP7	-1.08240567072029
Q9XUP8	-2.95891023764257
Q9XUP2	-1.19546188325663
Q9U368	-1.69398051087529
Q9U367	-0.134151755837694
Q22531	1.1780057037399
A0A168H2J4	-4.60944428684638
A0A679L8L4	-0.376496752492275
Q22527	0.885592973691768
Q22528	1.02424221243495
Q22529	0.552554771329102
Q7YWU3	-3.33353988262053
P34565	-0.239806470176913
A0A0K3ARA8	0.180841665488517
P34566	0.180841665488517
Q7JMR5	0.180841665488517
P34567	0.071315133931026
P34568	-0.536206136939252
Q5CZ49	-0.536206136939252
P34572	0.283665794000316
Q23407	0.283665794000316
O61715	-0.222525243491909
Q86S34	-0.222525243491909
A0A168H2N7	-0.696273536165375
G4S455	0.300314752117773
Q3V5H4	0.300314752117773
O76692	1.43701790398242
O76693	1.7910223253355
O76694	-2.97662208456671
P46549	-0.66022104588766
Q8MPX1	-0.66022104588766
Q95ZN7	0.873678404832656
P46548	0.873678404832656
H2KYY3	0.433964350305789
H2KYY4	0.433964350305789
H2KYY5	0.433964350305789
H2KYY6	0.433964350305789
H2KYY7	0.433964350305789
H2KYY8	0.433964350305789
H2KYY9	0.433964350305789
H2KYZ0	0.433964350305789
H2KYZ1	0.433964350305789
H2KYZ2	0.433964350305789
Q8MPW4	0.433964350305789
Q95QA6	0.433964350305789
A0A2K5ATV2	0.433964350305789
Q22539	-0.0852536885575119
A0A8D9I7X6	-0.0852536885575119
Q22540	0.7778305420649
A0A0K3AVP5	1.48532329841892
Q22541	1.48532329841892
P12845	0.0137235555816658
Q20439	0.0137235555816658
Q22545	0.0137235555816658
Q22542	1.57875955032667
Q22543	-0.16820539134433
I2HAB1	-0.350646176420601
I2HAB2	-0.350646176420601
Q22544	-0.350646176420601
Q7YWV6	-0.675182454640296
Q22551	-0.661204136982866
A0A3P6MY87	-0.661204136982866
A0A3P6N6I4	-0.661204136982866
A0A3P6PCU5	-0.661204136982866
A0A3P6N661	-0.661204136982866
A0A3P6NID2	-0.661204136982866
Q86NE0	0.055958047726295
Q22549	-0.163285729808675
T2DJN8	-0.163285729808675
Q6AHN7	-0.163285729808675
A0A486WYM8	-0.163285729808675
Q22550	-0.0622766470621733
Q95QA3	-0.0940472224337047
Q22554	0.611454888447507
H2L099	-0.562315118538127
A0A0K3ASB9	-0.562315118538127
A0A0K3AVW5	-0.562315118538127
A0A0K3AY55	-0.562315118538127
A0A0K3ASW2	-0.562315118538127
H2L0A0	-0.562315118538127
H2L0A1	-0.562315118538127
Q6ABW4	-0.562315118538127
Q22552	-2.62601472938679
H2L0A2	-2.62601472938679
Q22555	-0.302812629843628
Q5VKT9	-0.302812629843628
Q9GTH3	-0.302812629843628
G5EBW4	-1.85096893205685
G5EDW0	-1.85096893205685
G5EE99	-1.85096893205685
Q9U365	-0.296339322239538
Q9XXN4	-0.296339322239538
A5PEW7	0.369928538832391
Q9XXN3	0.369928538832391
Q95QA2	-0.988848378786259
G5EC97	-1.01707543608676
G5EEH5	0.93456905503558
Q22562	-0.732798008873284
Q27526	-0.704013649598181
Q7JLH5	-0.577054768769304
Q22559	0.332997723325849
Q22557	-0.604091987810482
O44926	0.13698847567889
Q22560	0.13698847567889
Q22561	-0.0199717698916281
P83388	-0.613152488430445
P91458	-0.613152488430445
P91457	-0.592665538702216
A0A9J5HXB2	-0.112064661509558
P91455	-0.112064661509558
P91454	-0.19096254597809
P91453	-0.0434652874732625
G5EF96	-0.0371082047180634
Q22566	-1.44383144271184
Q10008	-2.26083212469642
Q10009	1.46351265205268
Q10010	-1.13848458372007
Q10011	-0.323445920113756
Q10012	1.90669794531555
P49594	0.56415549302511
Q7YZH4	0.0772985496661719
Q22570	-2.44968544861501
A8DZ43	-2.40427197948779
A8DZ44	-2.40427197948779
B2D6M7	-0.983118253506082
P28051	-0.983118253506082
Q22567	-0.983118253506082
Q95ZN4	-0.846524841678386
O45792	0.324984418747121
Q22579	-0.156884399861823
A0A2C9C327	-0.156884399861823
A0A2C9C3B5	-0.156884399861823
A0A2C9C355	-0.156884399861823
H2L078	-1.07113391190419
H2L077	-1.07113391190419
Q86ND3	-1.07113391190419
O76836	0.176556217359353
Q2V4T0	0.176556217359353
Q22573	1.60049125827747
Q22574	-0.500378257895996
Q22575	0.309698454411952
O76837	1.12289602081962
G5EG43	-0.748665305903922
Q22581	0.251053631727225
Q22588	1.67145210680397
B1Q244	-1.60411999953787
Q22585	-0.437308311322154
X2C018	-0.437308311322154
Q22586	-0.586614931851737
Q22587	0.495370767567248
Q9N4P5	-0.500756741245372
Q9U364	0.248831023976306
Q22590	0.248831023976306
Q22591	-0.354841259808211
V6CLA3	-1.09765543634994
P34707	-1.09765543634994
Q8MPW2	-1.09765543634994
Q8MPW3	-1.09765543634994
Q22592	-1.02998724019749
V6CL88	-1.02998724019749
Q4PIV5	0.215759054891236
A0A2C9C3N0	-0.678801610322893
G5EEB1	-0.678801610322893
G5EGC5	-0.678801610322893
Q29XY6	-0.678801610322893
H2KZ88	-3.03068017096783
O01617	-3.03068017096783
O01616	0.883634348345043
O01615	0.701979532308981
Q8MPT1	-1.07613703664518
O01609	-0.878953828324356
O01608	-1.81006815309508
O01614	-0.0403397676849823
B7WN70	-0.963212439055675
Q09356	-0.963212439055675
D3KFR9	-1.77417827509847
P41842	0.476411490678414
P32085	0.0353836180684087
P41843	0.410330043744352
Q8I7I9	-0.314712914572503
P41846	-0.314712914572503
Q9BKE3	-0.314712914572503
P41847	-0.802120084681114
P41848	0.332581709090845
P41849	-0.309206783525463
A0A486WVT5	-0.223675710075046
Q9XUN8	-0.223675710075046
Q9XUN6	1.05495726926148
Q8I109	-1.17431641803993
Q4ZGE3	-1.07245408897122
Q4ZGE4	-0.384488982826047
Q5FBV4	-2.10164644821581
Q9XUN9	-2.10164644821581
Q22601	-0.0602340323904139
Q22600	-1.18659179092626
Q1WBU7	-0.530725730636722
Q1WBU8	-0.530725730636722
A8WFI7	-0.530725730636722
Q1WBU9	-0.530725730636722
C6KRJ5	-0.139140205431974
O01254	-0.356561506713499
O01255	0.440604398871653
Q565B4	0.440604398871653
O01256	0.293435565791499
S6F503	-0.146657895605372
O01257	-0.146657895605372
B3GWB9	-0.683415411047648
O01258	-0.683415411047648
L8E917	-0.683415411047648
L8E6W6	-0.683415411047648
O01259	0.572981591714049
P91469	0.668798918668169
P91468	1.7144974257452
O45797	0.213319962226514
O18092	-0.838720928882599
Q1ZXS3	-0.838720928882599
Q1ZXS4	-0.838720928882599
P91477	0.377205675252199
P91478	-0.809993482813613
P91479	0.984112668047852
P91482	-0.121169702037628
P91483	-0.608422355882649
B1Q248	-4.47201358540612
O02169	0.250961555467716
O02168	0.755878907819426
O02171	-3.47994832842755
P34574	-0.0233331188826498
Q22616	0.820657433517023
G5EBF5	1.19558115706106
G5EFL2	0.601656262732882
P34575	-0.672352847111213
P34577	0.298969093470224
G3MTX5	0.298969093470224
P34578	-1.84073173518443
O17475	0.319187899297579
P34579	0.319187899297579
Q22613	-0.435414900093899
Q22614	1.14349119823384
Q22615	0.0607122692994178
A0A168H2S6	0.209709826037069
Q22622	0.209709826037069
Q65ZK5	0.921504897931057
Q22620	0.921504897931057
O76295	-0.661237553997844
Q22618	-0.661237553997844
Q22619	-1.04893569821321
Q22623	-0.0986714106090616
Q27527	0.545690250507137
Q6A4N1	0.545690250507137
Q8I4F9	0.545690250507137
Q22624	-1.19759547356217
Q22625	1.66466223368603
A0A163UT06	-1.22858701800822
A0A168H266	-1.22858701800822
Q22627	-0.491264151117576
P47207	-0.406249040029546
Q22628	-0.406249040029546
Q5WRM7	-2.61024706631376
Q1ZXT2	-0.886580767694735
Q1ZXT1	-0.886580767694735
Q22629	-1.27427212327471
Q22630	-0.0606508643576648
Q22631	-0.0653327104328753
G5EEY3	-0.33026177245426
G5EFN4	-0.33026177245426
G5ECD3	-0.33026177245426
G5EE10	-0.33026177245426
Q0PDK2	-0.33026177245426
U4PEJ2	-0.33026177245426
U4PBC0	-0.33026177245426
U4PM48	-0.33026177245426
U4PRE0	-0.33026177245426
U4PBB4	-0.33026177245426
G5EBQ0	-0.33026177245426
G5EDM9	-0.33026177245426
U4PBP4	-0.33026177245426
Q22633	0.449505130007468
Q22634	-1.87592822751049
Q5CZ45	0.794735999052021
F5GU83	0.794735999052021
A0A2C9C3M8	-0.378987603397253
Q22638	-0.378987603397253
Q22646	-0.154554309047721
A0A486WU22	0.246581011109559
Q22647	0.246581011109559
Q22648	0.0358408969707178
Q22639	-0.353186339877513
D7SFN0	-0.353186339877513
Q8MPW1	-1.20016214637114
Q8MPW0	-1.20016214637114
Q22640	-2.26096758329336
Q22641	0.216692612491169
D5MCR9	0.216692612491169
Q22649	-1.57873340265336
Q22643	0.0642697934024552
Q22644	-0.310516008797127
O16784	0.953876508431641
A0PCJ1	-2.42575682353893
O16779	0.203638721695773
O16781	0.203638721695773
O16786	0.39575613419172
O16785	-1.59097278832311
F8Y417	0.831004479461937
G4SED0	0.831004479461937
H2L0D4	-0.429215926544684
Q965M2	-0.429215926544684
A0A163VTS9	-0.323462640947779
Q19020	-0.323462640947779
O01768	-0.365983024356598
Q22656	1.09023712797375
Q1ZXU6	1.09023712797375
G1K0X0	1.09023712797375
G5EG03	0.712941921931334
Q2PJ95	-0.248060095344346
H2KYN9	-0.248060095344346
A0A1X7RC97	0.124484752002013
P34689	0.653057299586815
Q22873	0.653057299586815
Q7KQH5	0.653057299586815
Q9TXH4	0.653057299586815
G5EFF1	-0.539366880684915
G5EFG9	-0.539366880684915
O02065	-0.539366880684915
D4YW53	-0.539366880684915
G4S8D2	-0.539366880684915
A4V4W1	-2.53038106266311
H2KZV5	-0.776731773620287
Q4W525	-0.776731773620287
A0A0K3AV55	-0.1453060396194
A0A0K3ASC2	-0.1453060396194
A0A0K3AVX0	-0.816334861287003
O16305	-0.816334861287003
A0A0K3AY59	1.24331254436732
A0A0K3ASW7	1.24331254436732
O16304	1.24331254436732
A7LPI2	-0.453035343227139
A0A131MDI4	-0.453035343227139
A0A131MBV4	-0.453035343227139
A0A131MC19	-0.453035343227139
A0A131MD42	-0.453035343227139
A0A131MD98	-0.453035343227139
A0A131MBC5	-0.453035343227139
A0A131MBE2	-0.453035343227139
A0A131MBW2	-0.453035343227139
A0A131MBW4	-0.453035343227139
A0A131MBY3	-0.453035343227139
A0A131MBZ3	-0.453035343227139
A0A131MC32	-0.453035343227139
A0A131MCT0	-0.453035343227139
A0A131MD54	-0.453035343227139
A0A131MDA8	-0.453035343227139
A0A131MDJ4	-0.453035343227139
Q94071	-0.453035343227139
Q94075	-0.453035343227139
Q94072	-0.32407152009216
O01263	0.343682203047077
G5EE65	0.343682203047077
P91820	-1.03271942287223
Q564V2	-1.03271942287223
Q86RT0	-1.03271942287223
P91821	-0.176679261320066
Q8I4F7	-0.176679261320066
U4PRH5	1.16384454256346
U4PEM4	1.16384454256346
G5ECE3	0.48368162064124
O44563	0.397708940841825
O44561	-0.252388353944318
H2KZW6	-0.252388353944318
A0A1I6CMA1	-0.252388353944318
U4PC51	-0.32593517414471
O61199	-0.32593517414471
H2L051	-1.21556106131434
O45189	-1.21556106131434
H2L0M3	-0.81926310588425
Q23045	-0.81926310588425
Q4PIT4	-0.81926310588425
Q86G49	-0.81926310588425
Q9TZN5	-0.81926310588425
A0A1C3NSN8	-0.81926310588425
A0A1C3NSN7	-0.81926310588425
Q23042	0.516958050996653
Q23043	0.516958050996653
Q23039	0.945064465768317
Q23041	-2.53752258574018
Q4PIT5	-0.127365605291699
Q22662	-1.24841000383201
Q22670	-0.099989715783931
Q7JLF2	-0.099989715783931
Q22671	0.628914392385048
Q22663	-0.563242901703535
Q22672	-0.939360180604014
Q22664	-0.0957271752766677
Q22665	-0.720223492495384
Q22666	0.331841245068955
Q22667	-0.852739456523801
Q966S4	-0.852739456523801
G5ECE8	-1.24036223117193
Q22676	0.974843854080267
Q22677	2.08475873890964
Q22679	-1.48686431031169
A0A131MBI8	0.374925976826252
A0A131MB05	0.374925976826252
A0A131MAW0	0.374925976826252
G5ED30	0.36418788234174
Q9GZH2	-0.231207344651234
Q9GZG9	0.171201830660094
V6CLI1	-0.942570348379425
Q9GZG8	-0.942570348379425
D4YW54	1.66328043130631
V6CK39	1.66328043130631
Q9GZH3	-0.187159979389811
V6CLC6	-0.187159979389811
V6CIZ1	-0.187159979389811
Q9GZH4	-0.0489740903379652
Q9GZH6	1.33167115867897
Q9GZH5	-0.229113275566005
G5EDN8	0.119054493463837
G4SN91	-1.28907974179556
Q22683	-1.28907974179556
A0A7R9SUN6	-0.978913283610976
Q22682	-0.978913283610976
Q27371	-1.51268970728434
Q22684	-1.32667267857015
Q9N5D7	-0.452364840574392
Q86S81	-0.452364840574392
Q9N5D8	1.01166142069215
Q94306	-0.570516867439905
Q8MPT0	0.0839709555627083
H2L010	0.0839709555627083
A0A131MDC6	-0.449632232036171
A0A131MCL1	-0.449632232036171
Q86NC1	-0.449632232036171
Q9N5U1	-0.449632232036171
Q94300	0.836603155414613
Q94303	1.75952224277377
Q94304	0.236876627494001
Q94305	-2.15984066489827
Q22686	-0.704055907936823
Q8MP14	-0.29114220706373
O02323	-4.712255988112
Q9XVI8	0.101262288757852
Q9XVI7	0.950812518461709
Q9XVI6	-0.429270921665014
H9G307	-0.429270921665014
O18110	-0.910932769004083
A5HBK2	-0.311229298270107
G3MU68	-0.311229298270107
Q7JKP1	-0.311229298270107
O45798	-0.311229298270107
O45799	-0.311229298270107
A0A9J5DXX3	0.311826126022342
Q9U362	0.311826126022342
A0A9J5HVD3	0.311826126022342
Q7JKP2	0.311826126022342
P54889	0.832090308689547
Q9BI69	0.832090308689547
G5EFQ2	-0.660876085095032
G5EBG6	-1.28514780515716
Q0G833	-1.28514780515716
Q0G834	-1.28514780515716
G5EBS3	-0.0768507721469458
Q8MNX1	-0.671352255328629
A0A0K3AV58	-0.671352255328629
H2L0M4	-0.533251529350675
Q3T903	-0.533251529350675
Q9TXN6	-0.533251529350675
O17006	0.781964136433636
Q4R139	-0.334291748379365
O17005	0.0808294478040242
O17004	0.814792051551681
O17003	-0.738535635424437
O17001	0.630540816406567
O17002	-0.485564646700238
A7DT38	-0.625553882857124
G5EEJ3	-0.625553882857124
H2KYU3	-1.36609044635599
P91492	-1.36609044635599
P91491	-0.735820376932585
P91487	-3.99264109520396
P91489	0.769820027360497
O02325	0.607237054112152
Q2EEM4	0.607237054112152
G5EET7	-0.450393851458653
A0A061ACW5	-0.450393851458653
Q3S1J1	-0.450393851458653
G5EC07	-0.450393851458653
E5QCJ3	-0.111293309953632
Q7YWT5	-0.111293309953632
G4SD56	-2.0218492981756
Q27GT5	-2.0218492981756
H2KZ63	-2.0218492981756
O02042	0.0216309090126075
O02039	-0.514465595624443
O02040	-0.0754042303701614
O02043	-1.35173563968013
G5EBN8	-1.77630945080639
A0A0K3AWM6	-0.148610155623704
G5EEF7	-0.148610155623704
Q9XVI4	0.48477406425253
O02327	-0.614886636375994
O02328	-0.0997853940059138
Q9XVI3	0.804408061308547
O02326	-0.582815065628075
Q8T628	-0.582815065628075
A0A0K3ARA0	-0.301205764962408
Q95ZN3	-0.301205764962408
Q9XVI2	-0.301205764962408
Q8MXJ1	-0.82799585421845
H2KZS3	-0.82799585421845
L8E6J9	-0.82799585421845
A0A5E4M2N5	-0.82799585421845
A0A5E4LZC5	-0.82799585421845
A0A5E4LX00	-0.82799585421845
A0A5E4LWN1	-0.82799585421845
A0A5E4M3L3	-0.82799585421845
A0A5E4LZT0	-0.82799585421845
H2KZS5	-0.82799585421845
H2KZS2	-0.82799585421845
H2KZS4	-0.82799585421845
E8MDV0	0.380908331766075
H2KZS6	0.380908331766075
Q2A955	-0.057448897365055
Q2A954	1.05500410994896
O18118	-0.205470037084463
D6R8X0	-0.489916100920294
O18119	-0.489916100920294
Q7JKY3	-0.489916100920294
P49596	-0.569715323693075
Q0G843	-0.577733506987787
Q22695	-0.577733506987787
Q22696	-1.04723253658729
Q7YWS5	-0.162756666056157
G5ECB6	-1.1944322959299
A0A5E4LZM9	-0.155893218253213
Q22700	0.00017270114584649
Q22701	0.0750045002915146
Q22702	-0.95007603989819
A0A0S4XRI4	-1.23412068603986
A0A0S4XR74	-1.23412068603986
A0A0S4XR68	-1.23412068603986
O17261	-1.23412068603986
O17263	-2.09087720274908
A0A061AJ27	0.413751922513823
Q9XU67	0.413751922513823
B2MZC4	-1.91113602290608
G5EC27	0.0612753625224009
O02540	-0.750403558073684
Q17339	-0.750403558073684
Q9XVH9	-0.516301554993614
E2JL05	-0.152614305065198
Q9XVI0	-0.152614305065198
Q58A95	0.590604994634592
O02329	0.590604994634592
A5JYW0	0.590604994634592
P90969	0.245232377208785
O45812	0.245232377208785
G5EGF8	-0.868524899495526
O18126	2.43412685011322
O18125	0.666079840585495
O18127	-0.240212337738384
Q03604	1.45629424550982
Q03606	-0.463962615813837
Q03608	-0.463962615813837
Q2EEP6	-0.463962615813837
Q2EEP7	-0.463962615813837
Q03607	0.671849026662728
Q03614	0.33368645930075
Q9XTK0	0.33368645930075
Q03615	0.408073964438612
Q22703	0.484758388440669
Q22704	0.0411541493273527
Q22705	-0.102101444120315
Q22706	0.570468017468884
Q22707	0.100871002318857
P91495	0.192312255353694
P91493	-0.462942227772325
P91494	0.786970206572115
P91496	-1.8737960465572
I7FXD6	0.220142603955435
Q94148	0.220142603955435
P91827	0.491011335349298
G5EGL4	0.491011335349298
E5QCJ1	0.491011335349298
P91829	0.160504553747635
P91828	-0.883100547326606
A8NBE6	-1.09733944644697
Q22712	-1.09733944644697
Q9U360	-1.09733944644697
Q9XTK4	-1.09733944644697
Q22709	-0.118216648220941
Q22710	-0.446008905974369
Q965J1	0.0756596654306386
O61946	-0.915836781900897
O61936	-0.4661539994055
A0A131MB63	-0.770132630171523
O61939	-0.770132630171523
P90970	-0.326478211025311
P91831	-0.326478211025311
Q22716	-0.332903069110226
B7WN95	-0.332903069110226
Q22718	0.859191553659177
Q22719	-0.334474669325761
Q7JLZ9	-0.334474669325761
E3W731	-0.334474669325761
Q22715	-0.742542972392733
E3W732	-0.742542972392733
E3W733	-0.742542972392733
E3W734	-0.742542972392733
A0A8S4SQR2	-0.742542972392733
A0A8S4SK82	-0.742542972392733
A0A8S4SL56	-0.742542972392733
A0A8S4SL80	-0.742542972392733
A0A8S4SRX3	-0.742542972392733
A0A8S4SQL1	-0.742542972392733
Q22714	2.22504171337737
P90977	0.127114091548753
Q22717	0.127114091548753
N1NTH7	0.241861470774146
N1NVC2	0.241861470774146
N1NVC1	0.241861470774146
N1NTM2	0.241861470774146
N1NSH8	0.241861470774146
N1NV23	0.241861470774146
G5EG81	0.241861470774146
G5EGM9	0.241861470774146
Q22722	1.42587865827966
Q20558	-0.344992650870535
Q22720	-0.344992650870535
Q22721	-3.08798594572037
Q22728	-2.90384696496045
Q9TZ33	0.555641198129147
A0A679L8W6	-1.00107512168246
Q9TZ37	0.382636522801537
Q9TZ36	-1.63457697975943
Q9TZ35	-0.553001940852457
Q9TZ34	-0.480640922535278
Q2WF58	-0.413952279668686
Q2WF59	-0.413952279668686
B9ZSG9	-1.20288466216559
Q2WF57	-0.010661292421502
Q7KXH9	0.00430642592875447
A0A0K3ATP9	0.00430642592875447
G5EGA1	0.00430642592875447
O02330	0.00430642592875447
Q7YTF6	0.00430642592875447
Q7Z1Z1	0.00430642592875447
O02331	-0.494630553387898
O02332	1.57972070221204
Q8WQC5	1.94607585367421
S6EZL6	-0.589604051966982
S6FMY8	-0.589604051966982
S6FWN8	-0.589604051966982
Q19101	-0.589604051966982
S6F527	-0.589604051966982
U4PBB2	-0.589604051966982
Q22736	-2.98509137471288
A0A8S4SRX7	-0.0190898560762276
A0A8S4SQM5	-0.0190898560762276
A0A8S4SS69	-0.0190898560762276
Q22741	-0.0190898560762276
Q22739	0.0952349664848282
O44881	-0.297800343064776
O44877	-0.674321709146353
Q965K6	0.784254382937755
Q22743	0.701134088978705
Q22747	-0.326904087264002
Q22744	-0.518637944150815
Q58AA9	-0.518637944150815
A0A8S4SRQ3	-1.78332052973966
Q22745	-1.78332052973966
Q22746	-0.124851500322045
G5EGL3	-1.05798168157057
G5EG74	-1.05798168157057
Q22749	-0.66700398910642
P52652	1.0384026982897
Q22751	0.206438733329696
Q22750	-0.822003797912902
Q22752	0.215887068790092
B2CXX6	-1.23160623135401
B2CXX7	-1.23160623135401
B2CXX9	-1.23160623135401
B5U8L4	-1.23160623135401
G5EC66	-1.23160623135401
G5ECU7	-1.23160623135401
G5EF64	-1.23160623135401
Q5FC74	-1.23160623135401
A0A2C9C3K0	-1.23160623135401
A0A2C9C3E7	-1.23160623135401
A0A2C9C2T0	-1.23160623135401
A0A2C9C2Y8	-1.23160623135401
P50093	0.35474658022084
Q22758	-0.495678231289304
Q22757	-2.23378088587084
Q22756	-0.846750574278504
Q7JPE3	-0.266902290602472
Q7JPE4	0.0762836209429341
H2KZ74	-0.633250130119047
B1GRL0	-0.633250130119047
H2KZ75	-0.633250130119047
Q22763	0.185575705754813
Q22761	1.34854700836517
O45813	-1.19057040144382
Q22768	-0.216440418931506
G5EBY9	-1.30043804556822
G5EGN9	-1.30043804556822
N1NTE2	-1.30043804556822
D3KFU5	-0.395223827552929
Q09EF1	-0.395223827552929
Q09EF0	1.08002905118199
G5EF20	0.125669587020072
Q6BET9	0.125669587020072
Q22770	-1.84587826494697
Q22771	-2.09580919370323
Q17761	-0.818314799428135
Q22772	-0.818314799428135
Q21446	-0.811046116037108
Q21447	-0.811046116037108
Q22775	-0.811046116037108
Q27292	-0.811046116037108
G5ECR0	0.358498881612014
O45815	0.497720821788573
Q22777	-0.137095849089501
Q10017	1.64491377447738
A8WFH3	-0.248265328303063
Q10019	0.326989861549201
O76606	1.31761581789356
A0A0K3AX26	0.0739368997653193
A0A0K3ARQ9	0.0739368997653193
Q965I9	0.0739368997653193
Q86D03	2.02889354547578
Q86D02	0.616915994398661
O45818	-0.476100023946269
B1V8I6	-0.476100023946269
G5EEQ6	-0.476100023946269
H9G324	-0.476100023946269
H9G325	-0.476100023946269
O62166	-0.476100023946269
O62167	-0.476100023946269
O45819	1.53731831346214
O45820	1.18262159112308
Q10014	-0.380559869098887
G5EEL5	-0.991845677054105
O76514	-0.991845677054105
Q23046	-0.659081392811659
Q23048	-0.075399474735282
Q23049	-0.119085742666054
Q23050	-0.907270449698479
H2L0M6	-0.907270449698479
Q22784	0.257544644676121
I7FW36	-0.179695696249931
Q22782	-0.179695696249931
Q22781	0.430900021246278
Q65ZI3	-0.447807158153105
Q22790	0.590317177817223
Q22792	-0.0518199443073031
P90795	-0.751993031963959
Q22793	-0.751993031963959
A0A8D9MJX2	-0.606870546571926
A0A8D9MHV2	-0.606870546571926
A0A8D9MJ91	-0.606870546571926
A0A8D9I648	-0.606870546571926
A0A8D9I7K9	-0.606870546571926
A0A8D9I620	-0.606870546571926
Q8IFY8	-0.606870546571926
H2KYG8	-0.606870546571926
Q22800	-0.00459349932045132
Q22797	0.281337258503862
A0A0K3AUW2	-0.0926934573614857
Q95Q98	-0.0926934573614857
Q95Q99	-0.0926934573614857
A0A8S4SRX5	-0.220248625036841
Q22794	-0.220248625036841
Q22795	-1.35742589951477
G8JY06	-1.35742589951477
Q22798	0.817839896536595
Q22799	0.260477302653649
Q22806	0.37671045666512
Q22804	0.54726265771754
Q22805	-0.0712543590920848
H2KYR9	0.569086871362333
G1K0V4	0.569086871362333
Q22810	-0.00776071247314508
Q22811	0.292381140579191
Q8WQE1	0.292381140579191
Q22812	0.944725983327942
C6KRG3	-0.930609593082889
O61856	-0.034510419195274
U4PQV1	-0.219758272823673
U4PDZ2	-0.219758272823673
G5EEE9	0.43303651510546
Q4R111	-1.77193143221822
Q22814	-0.690787817700823
Q22815	-1.89633964217036
Q6BEU8	-0.807124900167185
A5Z2S7	-0.807124900167185
A0A2C9C359	-0.807124900167185
Q22816	-0.807124900167185
Q9XVX0	-0.807124900167185
Q22817	-3.1549692619993
Q7YWS4	-2.36960027534736
Q7YTJ9	-0.0986985337032844
O45830	-0.10758291102818
Q1ZXS2	-1.2099757411013
Q9NAN2	-1.2099757411013
Q9XY93	-1.2099757411013
O18131	-0.0682236387158767
O18130	0.645724711260067
O45837	-2.42261019874167
A5JYX9	0.455223710434072
P34580	0.450578204543802
P34584	-0.204459094124437
O76554	0.586409072369458
H9G2Y4	0.586409072369458
A0A131MBR3	-0.887954144644398
O18135	-0.887954144644398
O18139	4.17787734597946
O18140	-1.6884047168784
J7SF88	1.58437756891144
O18141	1.58437756891144
Q9BJK8	1.58437756891144
Q1ZXS1	0.990253405829827
N1NVB3	-2.12894572599842
O62385	-1.30617228859127
E3W751	-1.30617228859127
G5EG98	-1.17754246892457
Q564T4	-1.01504100368744
N1NV05	-1.01504100368744
A0A0M7RFF2	1.51141706732098
O17273	1.51141706732098
O17274	0.641020880007364
G4SQY7	0.035335433543416
O17275	0.035335433543416
O17276	-0.664219662467395
P90971	-0.664219662467395
Q22821	-0.367700462364048
Q22820	-1.91637473727104
Q86MJ6	-1.91637473727104
A0A8D9MHF0	-1.38813071146728
Q22822	-1.38813071146728
Q22824	-0.598691319669484
P91503	-1.38539876743065
Q86NB7	-1.38539876743065
Q86NB6	-1.38539876743065
A0A8D9I6U5	0.0682221343936857
P91502	0.0682221343936857
P91500	-0.689768898352297
P91501	0.619642804880841
Q0MQ65	1.69346098635292
A0A8D9I9K3	1.69346098635292
Q22825	-0.432683642380847
Q1KYP6	0.00783816795647508
Q22830	0.00783816795647508
A0A8D9I7Y6	0.157250664840948
A0A8D9MJX7	0.157250664840948
A0A8D9MHV7	0.157250664840948
Q22829	0.157250664840948
A0A0M9JJE1	-0.819694247901504
Q9GTF2	-0.819694247901504
Q9TXJ1	-0.819694247901504
O16663	-0.334563011590874
O16661	0.10531982013933
O16662	-0.000774277495304877
Q86PI5	-0.000774277495304877
B7E2K2	-0.000774277495304877
G4SR04	1.6830497473243
H2L0M9	-0.142532988702947
B7E2K1	-0.142532988702947
O16666	-2.211132973099
Q9TZM2	0.350277045236473
A3KFB1	0.582284486088164
Q9TZM3	0.582284486088164
O61906	-0.521858282380249
A0A168H9W7	-1.70920819199549
Q86S28	-1.70920819199549
O61907	-1.70920819199549
Q76NP4	-1.70920819199549
A2NTF2	0.502966256780601
Q09339	0.502966256780601
Q09637	0.502966256780601
O01344	-0.160319487465889
Q09638	-0.160319487465889
D1MN75	0.156637180028436
Q22832	0.156637180028436
Q22833	-0.623129859763714
Q9U6W8	-0.623129859763714
A0A8D9MJW7	-0.623129859763714
A0A8D9MHU6	-0.623129859763714
A0A8D9I7J7	-0.623129859763714
A0A8D9MJ86	-0.623129859763714
A0A8D9I637	-0.623129859763714
G5EDQ0	-0.623129859763714
G5EGM7	-0.910035673665683
F9UKU6	-0.910035673665683
G5EEB7	-0.910035673665683
Q23056	0.481100507153731
P34696	-0.146187195387334
Q21062	-0.146187195387334
P02513	0.409859467388752
Q27922	0.409859467388752
Q23052	0.680366015596536
Q23054	0.280048349393729
Q23055	-0.151772497220532
P02513	-0.559756976279774
Q27922	-0.559756976279774
O45865	-0.538488459519093
Q17407	-0.538488459519093
O45864	-1.48512123903365
G5ECH7	-0.794539323907025
Q8WQC4	0.593942271041706
O18147	0.593942271041706
O18143	-0.566621020281955
G5EFG4	-0.0779077647723192
Q9U358	-0.135045713555786
A0A8D9I621	-0.135045713555786
Q22836	0.865173768518714
G5EBQ9	-0.363025950560628
G5EBY5	-0.363025950560628
H2L2C3	-0.363025950560628
H2L2C1	-0.363025950560628
H2L2C2	-0.363025950560628
L8E7Y6	-0.363025950560628
A0A486WWS2	-0.363025950560628
A0A486WXR6	-0.363025950560628
A0A486WTR7	-0.363025950560628
A0A486WX54	-0.363025950560628
A0A486WWL8	-0.363025950560628
A0A486WXF2	-0.363025950560628
A0A486WYD5	-0.363025950560628
G5EFA2	-0.773610537691215
Q22835	-1.23376250864582
A9UJP6	-2.72763612162741
O45867	-2.06641965865453
O45868	-1.58931936216816
O45869	-1.65851682210672
Q1ZXS0	-1.65851682210672
Q1ZXR9	-1.65851682210672
A5JYY0	-1.65851682210672
O45870	0.726284665362267
O45871	0.477703804223759
O45872	-0.729801088867958
Q9GYK4	-0.777922555754474
H2L091	-1.80279110580834
Q967F3	-1.80279110580834
H2L092	-1.80279110580834
Q967F1	-0.424581327267889
G5EDN2	0.428873794627065
P91505	-0.501786900423766
P91512	0.689644220962106
P91517	-1.15286034431083
A5HU97	2.43690411195
P91522	-2.51590691780637
Q4PIS6	-0.334905985166918
A0A0S4XR99	1.46823414780723
H2L2J9	-0.845203587151894
H2L2J8	-0.845203587151894
Q9XU07	-0.845203587151894
Q9XU06	0.821195427167942
Q9XU05	-0.115083112583852
A0A8D9I8M7	1.08722003739799
Q9XU08	1.08722003739799
Q9XU04	0.48243300274287
Q9XU10	0.851562219938321
E2JL07	2.18932619106522
K8F7S4	-0.940272779810835
O02553	-0.940272779810835
Q22842	-0.940272779810835
Q6A590	-0.521811130270569
H2KZV3	-0.521811130270569
H2KZV2	-0.521811130270569
O17345	-0.372806238608762
O17346	-0.0798526761125791
P91833	-0.736455062630787
G5ECC6	0.114408224209298
Q1ZXS9	-0.500589794970294
P91834	-0.500589794970294
P91835	-1.45019526915722
O16697	-0.714800145525948
Q4LDP0	-1.88805581841266
O16695	-1.88805581841266
O16699	-4.9969043334959
H2FLG9	-0.285458892940734
C6KRI7	-0.285458892940734
Q22843	-0.285458892940734
H2L275	-0.285458892940734
C6KRI8	-0.285458892940734
H2L276	-0.285458892940734
X5LX98	-0.285458892940734
A0A486WTM4	-0.285458892940734
A0A486WX17	-0.285458892940734
A1EHR1	0.481837161154279
Q22845	1.22034047941561
G5EDG6	0.108231322819824
G5EDG6	0.632069370510946
Q22847	-0.104697779135927
C6KRI9	-0.104697779135927
X5M5W2	-0.104697779135927
X5M900	-0.104697779135927
Q9XVW9	-2.12429096023599
O18154	0.127070556984685
O18152	-0.198596989580466
I2HAE8	-0.510905685914211
I2HAF1	-0.510905685914211
I2HAE7	-0.510905685914211
I2HAE9	-0.510905685914211
I2HAF0	-0.510905685914211
G5EFU5	-0.510905685914211
G5ECY9	-0.510905685914211
G2HK05	0.388284722563049
G5EGL2	0.388284722563049
O18155	-0.270394829240573
Q9U357	-0.343141752317294
Q10020	1.66939434489133
M1ZJ32	-0.304944750740647
Q10013	-0.304944750740647
Q10021	-1.68813758703399
Q95ZN0	-1.68813758703399
Q95ZN1	-1.68813758703399
Q95ZN2	-1.68813758703399
Q10022	-0.611242945270058
H2L0E9	-0.611242945270058
A8WFI4	-0.611242945270058
A8WFI3	-0.0092599947684344
Q10023	-0.0092599947684344
Q10025	0.0722346768224006
Q5TKQ8	0.474934227840012
Q8MXU6	0.474934227840012
Q8MXU7	0.474934227840012
Q8WRQ5	0.474934227840012
Q8WRQ6	0.474934227840012
Q9N5D5	0.474934227840012
Q9N5D6	0.474934227840012
A0A0K3ASC5	0.474934227840012
A0A486WXD9	-1.04315971687334
Q9N5D3	-1.04315971687334
Q9NBD3	-1.04315971687334
O01659	0.0151268179875206
A0A0K3AQR5	0.0151268179875206
O02637	-0.624059693412982
G8XYY5	0.291087702099235
O01658	0.291087702099235
O01661	-0.465628557277554
O01664	1.17365067220921
Q8I4F4	0.508221166078963
Q9XUB9	0.508221166078963
Q9XUC4	0.443737792495121
Q8I4F5	0.559209358006488
Q8I4F6	0.559209358006488
Q9XUC3	0.819047583150062
C1P655	0.819047583150062
Q9XUC2	1.85598286197007
Q9XUC0	-0.550981530073364
G5EBQ5	-0.72561338046582
Q22849	-1.18750544153927
Q22851	-2.42492922021329
A0A1T5HUH9	-0.713897726232198
Q22853	-0.713897726232198
Q22850	-0.016877584905332
A0A486WWX1	-0.281564799443111
Q22856	-0.281564799443111
Q22857	-0.0247886257921812
G5EBF4	-0.146116578927381
Q7YTJ1	-1.74911034411748
Q23060	-0.101395107269763
G5EGC9	1.46923039278832
Q7JMT8	1.46923039278832
Q23063	-1.12932977228751
G5ED48	1.08634429355626
Q9TYU4	-0.171870821032313
Q6R020	0.304877614676941
Q86S16	0.304877614676941
G5EF32	0.304877614676941
Q9TYU5	-0.34299878359091
Q2V069	-1.65068671595828
Q2V068	-0.922939084180612
A0A8D9I628	0.7133567531167
G5ED98	0.7133567531167
G5ED01	-0.106061722925847
G5EDW8	0.963362247741366
O45876	-0.809764961127145
O62387	-0.819885083188645
G5EF10	-1.18240923712608
Q7YWT4	-0.623325333594122
A0PD34	-1.36187648743197
G5EGP4	-0.249503243764895
Q9XXA1	-0.0190101027337874
Q9XXA2	0.0270665042260477
G5EDW1	1.65359410865958
G5ED31	-0.47771902738249
G5EDD1	-0.47771902738249
A0A8D9MJ97	-2.01356958627207
O01706	-2.01356958627207
D3YT93	-1.10696100454397
D3YT94	-1.10696100454397
G5EGN2	-1.10696100454397
Q8I108	1.74146120464931
A0A0K3AVX4	-4.03544457491628
Q23068	-4.03544457491628
Q23067	0.0764868104501411
Q23064	-0.205483043785442
Q95WB6	-0.205483043785442
Q0PDL1	-0.205483043785442
G8JYF1	-0.205483043785442
G5EBV4	-0.910758593204253
Q23066	-2.41427818870977
Q23069	0.983090364100829
Q23070	-0.11463161418569
A8WHP8	0.198658574940627
Q23095	0.198658574940627
Q65ZB1	0.198658574940627
Q09EE9	0.856451184173593
Q23098	0.26377020389762
Q23096	1.15618874965905
G5EC13	0.183036850881694
Q09EE8	-0.0163780356324188
A0A0K3AUA4	-0.0163780356324188
O45012	-0.934077451968137
Q2Z1N9	-0.740001106437573
A0A0K3AWM9	-0.740001106437573
A0A0K3ARA6	-0.740001106437573
G4SR37	-0.740001106437573
O45017	-0.726911731944813
P34889	-1.31098171678138
Q23104	-0.106544957822513
Q17635	-0.967356276858981
Q23107	-0.967356276858981
Q9GYG8	0.76889545822185
A0A5E4LYP2	-0.0112556209502315
H2KZL4	0.764353744205624
G5EBU2	0.764353744205624
Q9GNP0	-2.11898146798792
A0A8S4QCE3	-0.557707443460059
B6VQ50	-0.557707443460059
A0A8S4QGH6	-0.557707443460059
B6VQ51	-0.557707443460059
A0A8S4Q9C8	-0.557707443460059
A0A8S4QAW9	-0.557707443460059
A0A0K3ATU3	-1.10214264480007
A0A0K3AU27	-1.10214264480007
Q23117	-1.10214264480007
O62388	-0.558181011954372
O62389	0.175873028247178
Q5VKU2	0.175873028247178
Q9GTF0	0.175873028247178
Q9U355	0.175873028247178
U4PC05	0.175873028247178
U4PMG4	0.175873028247178
U4PEW3	-0.36255541156719
Q9XU63	-0.36255541156719
O45879	0.686169693298031
O45880	0.686169693298031
Q9BI60	0.686169693298031
O62390	-0.592217102162713
B9WRT9	0.448577364645713
C1P660	0.448577364645713
O45881	0.448577364645713
C1P659	0.448577364645713
C1P658	0.448577364645713
H9G336	0.448577364645713
H9G335	0.448577364645713
H9G334	0.448577364645713
G5EDM7	-0.112241256196009
Q9XVH6	1.34507718367174
Q9XVH5	1.29068032789152
Q9XTB5	-0.959678023456375
G5EFA6	-0.957804759366788
I7F4A3	-0.957804759366788
A0A0K3ASU7	-0.957804759366788
G4SEK4	-0.957804759366788
G5EGR8	-1.11739342818149
Q9U354	0.0938142005386416
Q9XUM8	-0.925524868277536
Q9NAN1	0.290810022659783
Q9XUM9	-0.387549704746215
A0A061AJ35	0.231443367275093
G5EGA5	0.231443367275093
Q9XUB7	0.286864800034654
A0A061AKS9	0.196150037619853
Q9XUB6	0.196150037619853
E5QCH7	0.0157444029564638
E5QCH8	0.0157444029564638
Q9XUB3	0.0157444029564638
Q9XUB2	0.68660430245065
Q52GX7	-0.191875305528115
Q23119	-1.16191245695499
Q23126	-1.54782506403318
G5EGS9	0.973634325105377
A7LPG5	-1.30028481259352
Q5FC71	-1.30028481259352
Q23120	0.385708645000412
Q23121	-1.6362509844984
Q8I106	-1.6362509844984
Q8I107	-1.6362509844984
Q23122	1.20916769742127
Q9U6B7	1.20916769742127
Q23130	-0.0501234953267389
Q58AA5	-0.0501234953267389
A0A8D9I8L7	-0.135093276998991
A0A8D9I609	-0.135093276998991
A0A8D9I610	-0.135093276998991
Q23125	-0.135093276998991
Q09639	-0.813840277021922
Q09341	-0.612407820054328
K8FE07	0.0713250075644404
Q9XVH4	-0.872530276619253
Q8T3B0	-0.391471492852405
B2MZC5	-0.164373489333347
H2FLJ9	-0.164373489333347
H2FLK0	-0.164373489333347
O44327	-0.164373489333347
Q967F4	-0.164373489333347
A8WFN1	0.409095477551933
H2KZY9	0.409095477551933
A0A2X0RWL7	-0.782959601593453
A0A2X0T4B7	-0.782959601593453
H2KZZ0	-0.782959601593453
H2KZZ1	-0.782959601593453
H2KZZ2	-0.782959601593453
H2KZZ3	-0.782959601593453
H2KZZ4	-0.782959601593453
Q5TYL0	-0.782959601593453
Q86MJ3	-0.782959601593453
Q86MJ4	-0.782959601593453
O01816	-1.02054943386728
Q7Z151	0.422249706277872
H2KZN0	-0.162402706582826
Q9BIB7	-0.162402706582826
Q8MQG6	0.46865978163287
O01815	0.361743325340325
O01811	0.33514314361161
Q8T7S8	0.33514314361161
O01810	0.589261520630498
O01812	1.20008435302339
O01814	-0.895358347378253
G5ECF1	0.076709111354934
O02482	-0.710645376743302
P91912	-0.710645376743302
Q8MQH0	0.092227131098421
Q4W528	2.15406022889995
O17524	-0.595295922353654
O17526	-0.465001396678111
O17527	0.351847556585544
O17528	-0.294995771645769
O17529	-0.920681294487484
O02334	1.3113636896346
D7SFP4	1.3113636896346
Q9XVG7	0.12416451671589
O02335	-0.0538144593858461
C6KRN3	-0.0538144593858461
D7SFP5	-0.0538144593858461
Q9XVG8	0.411292413358941
O02336	-1.36685314403937
O45145	-0.5202924465881
O45146	0.730041373536365
H2L0F9	-0.737990016021235
H2L0G0	-0.737990016021235
B7E2K4	-0.737990016021235
H1ZUX4	-0.737990016021235
O45148	-0.420514389682927
O45149	0.526099570617577
G4SNI5	-0.81335478788213
A0A0K3AY66	0.481457665209853
A0A0K3ASX2	0.481457665209853
G5ED84	0.481457665209853
O61900	0.0202574627570558
A0A0M7RE06	-0.903342515999924
O61901	-0.903342515999924
A0A0M9JJ86	0.176065100996388
A0A0M7RDV8	0.176065100996388
A0A0M7RFG6	0.176065100996388
A0A1I6CMA5	-0.652457813323319
A0A1I6CMB1	0.672897635954018
Q9N5D1	1.47020193340564
P41935	0.0232353040439613
A0FLQ6	-0.49261589372224
G4SPM6	-0.49261589372224
Q23135	-0.14966245493534
A0A1T5HUK8	-1.24934458768842
A0A1T5HV05	-1.24934458768842
Q23138	-1.24934458768842
Q9TY07	-0.405589243368587
Q23141	-0.314718453066165
U4PQY8	-0.0942404803949735
G5EF77	-0.0942404803949735
U4PE29	1.00779733640342
U4PAU4	1.00779733640342
B6EU57	1.00779733640342
I7FN66	-0.0498663945408519
Q23146	-0.0498663945408519
E6N0V9	-0.419494947251283
G5EGB2	-0.419494947251283
G5EGU6	-0.419494947251283
A0A8S4QGF3	-0.419494947251283
A0A8S4Q999	-0.419494947251283
A0A8S4QAV3	-0.419494947251283
A0A8S4QF14	-0.419494947251283
A0A8S4QD13	-0.419494947251283
A0A8S4QBR1	-0.419494947251283
A0A8S4QB12	-0.419494947251283
A0A8S4QF65	-0.419494947251283
A0A8S4QD26	-0.419494947251283
A0A8S4QBS8	-0.419494947251283
Q23145	-1.40031665645158
Q23149	-0.439734960463814
G5ECB9	0.782516691452723
G2HJZ1	0.782516691452723
A0A8S4QD38	0.782516691452723
A0A8S4QB40	0.782516691452723
O02115	-0.167772237741492
O02116	0.372163724144087
Q1RS88	0.372163724144087
Q9U7D3	0.372163724144087
U4PM52	0.372163724144087
O45000	-0.250198352110832
H1ZUX6	-0.250198352110832
A0A078BS63	-0.250198352110832
A0A078BPL3	-0.250198352110832
A0A078BPJ4	-0.250198352110832
O45003	-0.299896863513837
Q9BIC0	-0.803325652308795
Q86NJ4	-0.803325652308795
Q9XY66	-0.803325652308795
Q86NJ3	-0.803325652308795
X5LPT9	-0.803325652308795
X5LX70	-0.803325652308795
X5M5P8	-0.803325652308795
X5M8U5	-0.803325652308795
X5LV54	-0.803325652308795
X5LPU4	-0.803325652308795
X5LX73	-0.803325652308795
X5M5Q5	-0.803325652308795
X5M8V1	-0.803325652308795
M1ZJY5	-0.803325652308795
A0A2C9C357	-0.803325652308795
Q9BIC1	-0.803325652308795
Q9N400	-0.803325652308795
O44572	0.230233179665193
Q5FBV3	0.230233179665193
O44568	-0.0448656100809154
V6CLB4	-0.0448656100809154
O44566	0.432853752935522
V6CIX7	0.374614899418695
O44565	0.374614899418695
A7DT39	-0.556317334214535
V6CK23	-0.556317334214535
V6CLG7	-0.556317334214535
H2KZ04	-0.556317334214535
V6CLF3	-0.173179501419685
V6CLB7	-0.173179501419685
A0A0K3AV63	-0.307394534852492
O16999	-0.307394534852492
O16997	0.203163954541548
Q4R140	-2.39755956950493
H2L0N7	0.202402889105945
A0A0K3ASC9	-0.484787816875656
O16992	-0.484787816875656
O16991	-1.91053946187228
Q9UAY8	-0.698035712800771
Q9UAY0	1.39312566243397
U4PR86	0.690817389933236
A7WK47	0.690817389933236
A7WK48	0.690817389933236
U4PB44	0.690817389933236
U4PBH9	0.690817389933236
U4PED2	0.690817389933236
U4PLZ7	0.690817389933236
U4PR90	0.690817389933236
Q9UAY4	-2.40213160829822
G8JY85	-2.40213160829822
P49713	0.868529215457091
G5EFR7	-0.684265353804238
O44752	-0.082857669334686
O44749	-0.461823432767546
O44750	1.04780684845604
O44754	0.575200126344209
Q4W503	0.407446054834867
F5GUG5	0.504078632701823
G5EG14	0.215000141704688
E5QCI6	0.215000141704688
E5QCI7	0.215000141704688
O18167	1.27603697543681
Q7YWR9	0.721110989418353
A0A8S4Q990	0.499329089006944
Q9XUM4	0.499329089006944
A0A8S4QF03	0.499329089006944
A0A8S4QAU8	0.499329089006944
B3WFY2	0.499329089006944
Q9XUM2	-0.319481377467531
Q9XUL8	-1.82575801209758
Q9XUM1	0.735520594399289
D7SFQ2	0.917784016785269
D7SFQ3	0.917784016785269
A0A8S4Q965	-0.747981421330311
G5EGM3	-0.747981421330311
H2KZL1	-0.0179481748171808
H2KZL0	-0.0179481748171808
Q9UA61	-0.0179481748171808
Q9UA63	-0.059688636162169
Q9UA62	0.414908444997399
A0A679L8I0	-0.68017065997831
A0A8S4QAX6	-2.76608582437791
Q9TZD9	-0.30466486339384
V6CLE7	-0.30466486339384
Q9TZE0	0.28727601505538
Q9TZE4	-0.100813499233804
Q9TZE3	-2.26838429424506
H2L2C9	-0.060542960275382
H2L2C8	-0.060542960275382
Q23158	-0.060542960275382
Q9XVU8	-0.060542960275382
Q23157	-0.177684320279798
T2DL39	-0.177684320279798
C9IY29	-0.177684320279798
T2DLM4	-0.177684320279798
Q23159	-0.237950759395442
Q23155	0.477843188695832
H2L2D0	-0.729761840772305
G5EE97	-0.729761840772305
Q8I4F3	-0.729761840772305
Q9XUL6	-1.73354598407743
G5EE34	-0.52642812112358
Q9XUL7	1.01253336348701
J7SA51	0.453840960892037
Q23162	1.1095960790775
B6VQ73	1.1095960790775
A0A8S4QB49	0.538265606478376
Q23163	0.538265606478376
Q23164	0.393354563554745
Q23165	-1.74546072307187
Q23166	-0.0171333522111374
G5EGG6	-0.884785134375812
G5EE27	-0.884785134375812
G5EFX9	-0.884785134375812
G5EC30	-0.884785134375812
G5EEA2	0.587250106882867
Q95ZK1	-0.797826159315932
Q1ZXR4	-1.94007364363042
O18169	0.763470722572457
F8Y421	2.42456190202728
H2L0K3	-0.535747813804432
F8Y420	-0.535747813804432
A0A0M7RE93	-0.535747813804432
A0A0M7RF55	-0.535747813804432
F8Y422	-0.812256539295518
F8Y423	1.08461721110407
A0A0M7REM4	1.08461721110407
Q27532	-0.0315825321445682
Q23170	-1.76118152509174
P91575	0.653654579883217
D9N136	-2.78654055035385
Q9U349	-0.367098304500805
F5GUH2	0.0250295850012001
F5GUG6	0.0250295850012001
F5GUH1	0.0250295850012001
F5GUG8	0.0250295850012001
F5GUG9	0.0250295850012001
F5GUG7	0.0250295850012001
F5GUH0	0.0250295850012001
Q9XUK8	-1.20757699903931
Q6BER3	-1.93118193810087
Q9XUK7	-1.93118193810087
Q23173	-0.327946944366823
Q23174	0.000421576239205828
Q23175	-0.859269654102572
Q9BMH2	-0.859269654102572
F5GUD3	-0.0260652617957099
G5EG27	-0.0260652617957099
F5GUD4	-0.0260652617957099
Q7YWS3	-1.57998622049105
F5GUD5	-1.57998622049105
I2HAC3	-1.57998622049105
Q7Z2A9	-1.13630390863795
G4SF97	-0.105830465475181
G4SFA4	-0.105830465475181
G4SFA5	-0.105830465475181
G4SFA6	-0.105830465475181
G4SFA7	-0.105830465475181
Q1XFX9	-0.105830465475181
A0A8S4QAT5	-0.105830465475181
A0A8S4QEY9	-0.105830465475181
A0A8S4QD04	-0.105830465475181
A0A8S4QBN7	-0.105830465475181
A0A8S4QAV6	-0.105830465475181
A0A8S4QD20	-0.105830465475181
A0A8S4QBM9	-0.105830465475181
A0A8S4QD09	-0.105830465475181
A0A8S4QBP9	-0.105830465475181
A0A0K3ATQ5	1.50449742266434
Q9TYT7	1.50449742266434
F0IWT5	0.460275117577559
O44906	0.761219106042019
G5EG41	-0.522280013609545
G3MU70	0.716931300840303
O02176	-0.122078985802716
O02173	0.699007382837818
H2KZI6	0.109821561989305
H2KZI5	0.109821561989305
H2KZI4	0.109821561989305
H2KZI3	0.109821561989305
O02174	0.109821561989305
L8E833	0.923146991390193
Q23179	0.923146991390193
Q23178	0.528916471066848
Q86MI9	-0.72116725478119
Q23181	0.135062501231471
Q23186	-0.552595383153748
Q7JLB0	-0.505844120972348
G5EDI2	-0.505844120972348
B5U8N2	-0.505844120972348
Q23187	-0.505844120972348
Q7JLB1	-0.505844120972348
G5ECZ2	-0.505844120972348
Q23188	-0.505844120972348
Q23192	-0.0449638914160209
Q23191	-1.16003235653038
A0A9J5E051	-0.0104565483502397
Q23190	-0.0104565483502397
H2KZR5	-0.169825296314657
Q23193	-0.169825296314657
Q9XXM2	0.00558913314513078
G5EBE9	-0.50976506146589
G5EBM8	-0.50976506146589
G5EBT1	-0.50976506146589
G5EDH5	-0.50976506146589
A0A8S4QBG0	-0.50976506146589
A0A8S4QDG2	-0.50976506146589
Q23195	-0.168152875587478
G4SQH0	0.3397736855943
Q23194	0.3397736855943
G5EGF5	1.46050147274348
O45891	0.546366928710848
G5ED44	-1.21298193139175
O45894	0.155529975357983
O62087	-0.570053624267236
Q9NJP3	-0.570053624267236
Q9Y041	-0.570053624267236
Q9XW42	-1.36861431735423
Q9XW41	-0.363381710380453
G5EEN6	-0.0484440953125949
Q23206	-0.062689019932851
Q23205	0.701307032121133
Q23202	0.608500560089615
Q8I7F9	-0.555928936501122
Q23203	-0.555928936501122
Q9NGL6	-0.555928936501122
O62395	-1.13628308014941
Q69YW9	-1.13628308014941
Q8WQB7	-1.13628308014941
Q9U343	-1.13628308014941
Q9U9Y8	-1.13628308014941
Q9UA07	-1.13628308014941
Q9Y198	-1.13628308014941
D2YW11	-0.109193197800184
D2YW10	-0.109193197800184
Q9U344	-0.109193197800184
Q9U345	-0.109193197800184
O45897	-1.02588512247746
G5EC77	-0.688658392189005
Q9XXN2	-0.754912895941446
B1V8I7	0.169552795163954
Q9XXN0	0.169552795163954
G5EC98	-0.198015233017564
A0A8S4QD99	-0.198015233017564
G5EEU7	-0.414030646161908
G5EFP1	-0.414030646161908
Q8WSP1	-0.414030646161908
A0A2C9C3Z4	-0.414030646161908
A0A2C9C3S7	-0.414030646161908
A0A2C9C352	-0.414030646161908
G5ECC3	-0.414030646161908
Q7KFZ3	-0.414030646161908
Q9N5B7	-0.414030646161908
Q86S80	-0.414030646161908
Q9N5C0	0.0948920634971051
Q9N5B5	0.306376486899564
G4SLH0	-0.606912363018157
A7DT28	-0.606912363018157
G4SLD6	-0.606912363018157
G5EDP1	-0.606912363018157
G5EDT5	-0.606912363018157
G5EF69	-0.606912363018157
G5EFF0	-0.606912363018157
Q65XY2	-0.606912363018157
Q8ISF3	-0.606912363018157
Q8ISF4	-0.606912363018157
A0A2I2LDV7	-0.606912363018157
A0A2I2LG13	-0.606912363018157
A0A2I2LDV4	-0.606912363018157
A0A2I2LDW1	-0.606912363018157
A0A2I2LDV8	-0.606912363018157
A0A2I2LG61	-0.606912363018157
A0A2I2LDX0	-0.606912363018157
A0A2C9C3D9	0.0851401423655448
A0A2C9C2J8	0.0851401423655448
A0A2C9C389	0.0851401423655448
G5EEX6	0.0851401423655448
Q9XVW1	0.573403391949247
G5EDC9	-0.200940847016582
F3Y5P2	0.00352589766482367
G5EBV1	0.00352589766482367
G5EC56	0.00352589766482367
G5EGD6	0.00352589766482367
A0A486WUW0	0.00352589766482367
G5EDJ6	-0.653103767799935
D7SFQ5	-0.653103767799935
D7SFQ6	-0.653103767799935
A0A486WXP9	-0.653103767799935
Q65CL5	-1.24278784291103
H2L0F5	-1.24278784291103
H2L0F7	-1.24278784291103
H2L0F8	-1.24278784291103
Q8ITW3	-1.24278784291103
H2L0F6	-1.24278784291103
O16289	-0.28115882316277
P43509	-0.079617799627149
K8F7V7	-0.58991686594851
G5EF05	-0.58991686594851
Q23212	-0.147868739670564
G5EDZ1	0.228801946197464
G5EFN6	0.228801946197464
Q7YWT6	0.0105937250844612
A0A0M7RDQ9	0.179535329972992
Q9TYV5	0.179535329972992
A0A0M9JJ65	-1.4470878954924
Q9TYV3	-1.4470878954924
Q9TYV2	-0.571506581496805
U4PB50	-0.571506581496805
U4PED8	-0.571506581496805
G5ECL3	0.880343743562963
Q9TYV4	1.140484032778
Q9XUK2	-0.334853518874911
Q69Z08	-0.954928841163466
Q9XUK0	-0.954928841163466
Q23216	-0.00571801541293325
Q23215	-0.6687282278733
Q27245	0.554675606353111
Q1HB02	-0.719428209650423
A0A0K3AXG8	1.35830550959905
G5EG25	1.35830550959905
B3WFW2	NA
A0A0K3AUF6	-0.31139985780363
A0A0K3ARJ9	-0.31139985780363
G4SN66	-0.31139985780363
H2L0N1	-1.21799392204073
A0A168H9Z7	-1.21799392204073
Q95ZK4	-1.21799392204073
O01619	-1.21799392204073
H2L0N0	-1.21799392204073
A0A163VU83	-0.492686493432667
O01620	-0.492686493432667
A0A168HA43	-0.504564860003248
O01621	-0.504564860003248
O01622	0.49834896361489
G5EG05	-0.999306061122285
Q23220	-1.30068679152167
C6KRK5	-1.30068679152167
E9P867	-1.02256405970249
E9P868	-1.02256405970249
O61388	-1.02256405970249
Q23221	-1.02256405970249
N1NTM6	-1.02256405970249
Q27533	0.954842908088572
F5GUA7	0.954842908088572
D3YT44	0.954842908088572
Q23223	0.0220441263133462
Q9N5B3	-0.683688781692709
A5A8N8	-2.69966204578923
H2L0M8	-2.69966204578923
P91918	-1.24877463460788
G5EDE4	-0.484900617527168
E2JL06	0.262611258723113
P91917	0.262611258723113
O02109	0.180975727474839
O02106	0.177713988487109
Q336L8	0.187707171565931
O02108	0.187707171565931
Q2XMY4	-0.817016023896496
Q2XMY3	-0.817016023896496
A0A486WYQ4	-0.817016023896496
O18178	-0.557285930710843
P38433	-0.773655289607468
Q7KQ29	-0.872747721544487
H2L0M0	-0.872747721544487
Q9GZI3	-0.872747721544487
A0A0S4XRY0	-0.430443130089729
A0A0S4XR63	-0.430443130089729
A0A0S4XRA5	-0.430443130089729
A0A0S4XR87	-0.430443130089729
Q9GZI6	-0.430443130089729
A0A0S4XRR5	-0.00732909344507714
A0A0S4XRW6	-0.00732909344507714
Q9GZI7	-0.00732909344507714
H2L0M1	0.685346092037759
B9DF69	0.685346092037759
A0A131MBG4	0.685346092037759
A0A486WV58	0.685346092037759
Q3S1J8	-0.766479856379429
P28515	-0.766479856379429
Q3S1J7	-0.766479856379429
H9G2S7	-0.766479856379429
H9G2S5	-0.766479856379429
H9G2S6	-0.766479856379429
A0A061ACV8	-0.766479856379429
G5EC39	0.156321330782748
G5EC04	0.156321330782748
F5GU98	0.156321330782748
G5EFR6	0.156321330782748
P91530	0.612171728816837
P91529	0.765222863609887
P91532	-0.352296837628359
G5EFH0	0.257081321284105
Q9U334	0.0890835213374237
Q9XUJ7	-0.5740360677659
Q9U331	-0.748029413705096
Q9U332	-0.748029413705096
Q9U330	-1.11657447939724
E3W753	-1.11657447939724
E3W752	-1.11657447939724
Q9U329	0.138355904447576
O18181	0.243113536542873
O18182	-0.751238592944553
O18180	-0.00942460765788608
O18183	0.232093035361232
A0A1X7RBP7	-1.72045090639526
O18184	-1.72045090639526
A0A3B1E3U1	0.205433863112
Q23227	0.205433863112
Q9XUJ2	-0.475233994062655
G5EFD4	0.431762972889753
Q71JP7	0.431762972889753
O16638	-0.745239302821433
O16637	-0.714090892845088
Q95X88	-0.714090892845088
A0A2I2LDV9	0.69244557558318
O45203	0.52406429716592
Q4R121	0.0401897459412057
O45201	0.627600563726936
O45198	-0.420950887292641
O45200	-0.0202579713526263
Q1ZXR8	0.19486136479743
Q9U327	0.19486136479743
O18188	-0.329161871722726
Q7YTU9	-0.324791947193107
B3WFY3	0.220992214878173
Q95Q36	0.220992214878173
G5EEZ1	-0.699761358989159
Q7YTU8	-0.699761358989159
A0A2K5ATP0	-0.306029000513018
Q7YTG6	-0.306029000513018
Q9XUJ0	-0.175718851266631
Q7JKN1	-0.175718851266631
A0A8D9I618	-0.175718851266631
A0A8D9IA56	-0.175718851266631
O45903	-0.390504742149112
O45904	-0.558094211220676
P36573	-0.558094211220676
A0A8S4SMQ7	0.166156685410108
O18191	0.166156685410108
O45007	0.441318641164741
Q10666	0.441318641164741
A0A0K3AUA9	-0.957058504513978
A0A0K3AWN2	-0.957058504513978
O45010	-0.957058504513978
O45011	-0.148499148980617
Q4W4Z6	0.93501775690814
G5EGT3	-0.695087373366097
Q9U325	-0.695087373366097
Q94360	-0.868943094020357
Q94361	-0.532280072648821
Q564X2	-0.532280072648821
Q7Z0X3	-0.532280072648821
Q7Z0X4	-0.532280072648821
Q94363	-0.532280072648821
Q9U326	-0.532280072648821
A0A0M7RDW8	0.223820731625793
C0Z1Y1	0.223820731625793
A0A8D9I6V4	0.223820731625793
A0A0M7RFF4	0.39063275772521
O17286	0.39063275772521
A0A0M7RDR0	-0.142125112744771
O17287	-0.142125112744771
C0Z1Y2	0.0146430952809605
A0A0M7REA1	0.0146430952809605
O44922	-1.37741136976618
A0A1N7SZF8	-0.458293676896841
A0A1N7SYW0	-0.458293676896841
A0A1N7SYR3	-0.458293676896841
O44923	0.0351215454207634
O44921	1.27986080016467
Q965K5	0.223649065115873
Q2PJ68	0.084106941624971
Q2PJ69	0.084106941624971
O02365	-1.90293236186234
Q95XJ6	1.07009955727975
Q95XK1	0.262863338357764
H2L062	0.262863338357764
Q95XK2	-0.487871182361632
Q95XK0	1.29724860714219
Q95XJ9	-0.702177609183693
Q95XJ8	-0.727048167075272
Q95XJ7	-0.380984228477098
A0A0K3AWH0	0.330058613560655
A0A0K3AYM9	0.330058613560655
G5ED41	-0.473503385812297
Q9XXJ6	1.9134498620103
G5EDK0	-0.50947495381172
G5EF11	-0.336173944621993
Q9XX86	-1.90167051314996
Q9XX92	0.311364054430944
Q8I7F8	-2.66991991097344
O61648	-2.66991991097344
Q23233	-2.66991991097344
Q8I7F7	-2.66991991097344
G8XYY6	-0.574438797232821
Q23232	-0.574438797232821
A0A679L8J2	1.14559701633156
A0A679L8T0	1.14559701633156
U4PRQ4	-0.353722996125659
U4PEU7	-0.353722996125659
U4PMI0	-0.353722996125659
U4PRT9	-0.353722996125659
G4RWX6	-0.353722996125659
Q3V5L2	-0.353722996125659
Q6V7L1	-0.353722996125659
Q6V7L2	-0.353722996125659
Q6V7L3	-0.353722996125659
Q9N4B8	-0.353722996125659
U4PBU8	-0.627548596854731
U4PMA7	-0.627548596854731
Q9N5A1	1.36440110457993
U4PEP3	1.36440110457993
Q9N5A2	0.0688433259145582
A0A2X0T211	-0.0623796869909299
U4PBG7	-0.0623796869909299
Q966E7	-0.0623796869909299
Q8MXU4	-1.85094876805275
Q9NF71	0.361721168717663
G5EFM6	-1.19124683897113
C0Z3L9	2.20041490905136
Q9N678	-0.232806053584241
G5EFM6	-0.232806053584241
Q9U323	-0.607009058557722
D3NQA6	-0.607009058557722
A0A078BS51	-0.607009058557722
A0A078BPJ6	-0.607009058557722
Q9U320	-0.516906964074029
Q9NF64	-0.842969944438031
Q2HQL2	-0.632190089414889
G5EG39	0.49408691787112
A0A078BQP7	0.482279959327813
Q9U309	0.482279959327813
Q9NAM2	0.377992921526174
A0A078BQP2	0.202140904917654
A0A078BTN7	0.202140904917654
Q2HQL5	-0.850857233168687
Q9U308	-0.850857233168687
D3DEL7	-0.850857233168687
D3DEL8	-0.850857233168687
A0A078BS85	-0.850857233168687
A0A078BPN7	-0.850857233168687
A0A078BPM1	-0.850857233168687
A0A078BQQ1	-0.850857233168687
A0A078BTR2	0.287525889086031
Q9NAL8	0.287525889086031
Q9U307	-0.444430391513892
Q2HQL4	-0.444430391513892
H8ESF5	-0.444430391513892
Q7YWS9	0.108165947330857
Q9U315	-1.22411088114719
Q9NAM7	-1.17935807081394
K8ES47	-0.774130634473731
Q9NF23	-0.774130634473731
Q6EUT4	-1.27395092187404
Q6EUT3	-1.27395092187404
Q8WQB2	-1.27395092187404
Q9NEY7	0.821410246246788
G5EBE7	-0.996677739130745
G5EC38	-0.996677739130745
Q8WQB0	-1.40743242967682
Q8WQA8	-0.31121802918767
A8XQE0	-0.540337748164561
Q8WQA7	-0.540337748164561
G5ED95	0.189214121146872
Q9NF22	-0.171924644703673
Q9NEX6	1.20464642659128
E8MDW3	1.20464642659128
Q8WQA4	-0.442082049950306
Q8WQA3	0.14275519640291
A5PEY3	0.14275519640291
A0A0K3ATL6	-0.32224166329128
A0A0K3AQN0	-0.32224166329128
A0A0K3ARB1	-0.32224166329128
A0A0K3ATR0	-0.32224166329128
A0A0K3AQS4	-0.32224166329128
A0A0K3AUB5	-0.32224166329128
A0A0K3AWN6	-0.32224166329128
Q8I103	0.316041044365102
H1UBK9	0.316041044365102
H1UBL0	0.316041044365102
Q56VX4	0.316041044365102
Q8WQB6	0.426291436250782
Q9NEZ8	-1.64434126126507
Q9NEZ7	-0.515187319146577
Q9NEZ5	0.328289404399116
Q8WQB4	0.280531326568699
Q8WQB3	0.048741517489858
Q22865	-1.26839320658675
Q22866	-1.26839320658675
Q27284	-1.26839320658675
Q7K6W7	-1.26839320658675
Q95Q31	-1.26839320658675
Q27249	-1.26839320658675
A0A0K3ARB5	-1.26839320658675
A0A0K3ATR6	-1.26839320658675
A0A0K3AQS9	-1.26839320658675
A0A0K3AUC0	-1.26839320658675
A0A0K3AWP0	-1.26839320658675
A0A0K3ARC0	-1.26839320658675
A0A0K3ATS1	-1.26839320658675
A0A0K3AQT4	-1.26839320658675
A0A0K3AUC2	-1.26839320658675
K8ERM4	-1.26839320658675
K8FDX2	-1.26839320658675
K8ESC3	-1.26839320658675
A0A1Q2U2F4	-1.26839320658675
Q9GSR4	-1.26839320658675
Q95Q35	0.292300509076261
Q7YTV2	0.292300509076261
Q95Q34	0.128501384523873
Q9NF14	-1.1359158876617
Q9NF11	0.58030502426575
Q9NF10	0.105283177781786
Q9NF15	0.731966602784053
V6CLA8	-0.40982458146957
Q7YTU4	-0.40982458146957
Q95Q33	-0.40982458146957
B7FAS8	-0.40982458146957
Q95Q32	0.526377328209472
Q9XWQ5	0.665230988306154
H1UBJ1	-0.707549652795123
H1UBJ2	-0.707549652795123
Q9XWQ4	-0.707549652795123
A5HW99	0.741522269016162
Q9XWQ1	0.741522269016162
Q9XX63	0.156546158057894
Q9XX62	-1.26449206133673
Q9XX60	0.302473598691708
A0A0K2WNK1	1.10926452698928
A0A0K2WN06	1.10926452698928
Q9XX58	0.946921977157494
Q9U304	-0.0866208816738151
Q7K7C1	0.0785924299465285
Q9XWE6	0.28958828821008
V5Z1T2	-0.628248558835395
Q8STE5	-0.628248558835395
Q8WQ99	-0.628523823284251
O18093	-0.651625465881941
Q9XWA9	0.156641210890464
Q9U301	-0.421233458556601
U4PBM0	1.03175921115132
U4PBZ5	1.03175921115132
U4PMF4	1.03175921115132
Q9U2Z5	0.358532246299051
Q9XWS0	-1.4230416663764
Q9XWR9	0.496259834998243
Q17350	0.124612647895434
Q9U302	0.124612647895434
I2HAJ2	0.108647477048502
Q9XWS4	0.108647477048502
Q9XWS3	-2.3453153336207
Q9U300	0.213729397101399
I2HAJ5	0.44438819939153
I2HAJ4	0.44438819939153
I2HAI8	0.44438819939153
I2HAJ0	0.44438819939153
I2HAI9	0.44438819939153
I2HAJ3	0.44438819939153
I2HAJ1	0.44438819939153
Q9U2Z4	0.44438819939153
Q9XWS2	0.395260822615485
Q9U2Z9	0.435478225457651
Q9U2Z8	-0.317734117822697
A0A0K3AY70	-1.26545499775007
A0A0K3ASX8	-1.26545499775007
A0A0K3AV81	-1.26545499775007
Q17391	-1.26545499775007
Q95Y32	-1.26545499775007
Q95Y35	-0.554728066026766
Q95Y36	1.95335522517207
A0A0K3ASD3	1.95335522517207
G4SB35	-1.51310391826422
A0A0K3ARP6	-1.51310391826422
A0A0K3AS59	-1.51310391826422
A0A0K3AS65	-1.51310391826422
A0A0K3AUK2	-1.51310391826422
A0A0K3AV74	-1.51310391826422
A0A0K3AVY5	-1.51310391826422
A0A0K3AXH1	-1.51310391826422
A0A0K3AXH5	-1.51310391826422
Q95Y31	-1.51310391826422
Q95ZJ9	0.134672548345529
E4MYG2	0.134672548345529
Q8MPS5	-0.163430479453879
A0AAC1	-0.163430479453879
D6RYD7	0.0371292054280911
D6RYD6	0.0371292054280911
Q9N492	-2.82383448530462
Q9N491	1.32398455758733
H2L0G3	0.302519694656684
Q86DM0	0.302519694656684
H2L0G4	-0.360077471505497
H2L0G5	-0.360077471505497
Q6AW16	-0.360077471505497
A0A2K5ATR7	-1.29172408360505
A0A2K5ATS3	-1.29172408360505
A0A1T5HUL4	-0.0940818880805211
A0A1T5HUK0	-0.0940818880805211
A0A1T5HUK4	-0.0940818880805211
A0A1T5HUK3	-0.0940818880805211
A0A1T5HUL7	-0.0940818880805211
A0A1T5HUI8	-0.0940818880805211
A0A1T5HUK6	-0.0940818880805211
A0A1T5HUL3	-0.0940818880805211
Q9N490	-0.0940818880805211
H2L0S9	-1.17995509051827
Q9N489	-1.17995509051827
Q95Y84	-0.170460269942004
Q9N583	-0.170460269942004
G5EDP9	-0.173257701104753
Q9N598	1.26504487434093
Q9N5A0	-1.49956685199418
G5EEI8	-0.277241908755086
Q9N599	-0.370763215662293
Q8IAB5	0.48547156914335
H2KZ41	0.48547156914335
Q9N595	-0.992731012313246
Q6AW18	-0.0348203326447366
Q8T4K4	-0.0348203326447366
Q9N593	-0.0348203326447366
Q9N585	-0.204396489762175
Q9N584	0.302094592823378
Q9N586	-0.881909766296309
Q8TA52	0.621397731434162
A1IMB7	0.160697800443061
Q964N6	0.46579575432526
Q9N587	0.46579575432526
Q9N588	1.28029240970869
Q9Y052	1.28029240970869
Q9N589	-1.94187794924932
Q9N590	-0.575336028573488
Q95Y85	-0.575336028573488
Q9N591	0.15579594979839
Q9N592	-0.446188712019057
H2KZ40	0.448153171421515
Q6AW19	0.448153171421515
Q9BHL3	-0.733416760517173
Q9BHL4	-0.733416760517173
G5EC14	-1.68102962380417
E0R7L2	-1.02360676615118
E0R7L3	-1.02360676615118
Q9NEX2	-0.346754467190172
C7IVS6	-1.02735562355607
C7IVS5	-1.02735562355607
A0A0K3AX73	-1.02735562355607
A0A0K3ARW1	-1.02735562355607
A0A0K3AU63	-1.02735562355607
A0A0K3ARB4	-1.02735562355607
A0A0K3AUW7	-1.02735562355607
A0A0K3AX79	-1.02735562355607
A0A0K3ARW5	-1.02735562355607
A0A0K3AU69	-1.02735562355607
A0A0K3ARB9	-1.02735562355607
A0A0K3AUX0	-1.02735562355607
A0A0K3AX82	-1.02735562355607
A0A0K3ARX0	-1.02735562355607
A0A0K3AU76	-1.02735562355607
A0A565CXH6	-1.02735562355607
A0A0K3ARC4	-1.02735562355607
A0A0K3AUX4	-1.02735562355607
A0A7R9XND6	-1.02735562355607
O77081	-0.0280287970048814
Q9NEW9	-0.0280287970048814
Q9NEW8	0.974666723861986
Q9NEW7	0.580411798343261
Q9GQI7	-1.71762249740562
Q9NEW6	-1.71762249740562
A0A3B1DQ22	-0.188222108832801
A0A3B1DV80	-0.188222108832801
Q9BHL9	-4.47503964700354
V6CLL6	-0.498485623247205
Q9BHL2	-0.498485623247205
E0R7L4	0.0545977923178287
E0R7L5	0.0545977923178287
E0R7L6	0.0545977923178287
Q6Q9H2	0.0545977923178287
Q9NEL2	0.0545977923178287
Q9BHL0	0.605069685227732
Q9NEM5	0.872206987008669
D0Z5P0	-0.819976371093411
A0A1I6CM85	0.149133795386859
A0A1I6CM91	0.149133795386859
A0A1I6CM90	0.149133795386859
A0A1I6CMB9	0.149133795386859
A0A1T5HUK9	0.149133795386859
A0A1T5HUL8	0.149133795386859
Q9BHL6	0.149133795386859
Q9U2Z2	-0.798214138254933
G5EF16	1.02647963425048
Q9U2Y4	-0.405671667360514
I2HAG0	0.357541435953734
Q95ZJ6	0.357541435953734
Q9U2Z1	-1.56651787657292
G5EF08	0.266482399942735
Q1RPT9	0.266482399942735
G5EEC1	0.346574744778334
A0A168HA93	-0.0566437300015192
B5QSI6	-0.0566437300015192
Q95W16	-0.0566437300015192
Q95W17	-0.0566437300015192
Q95W18	-0.0566437300015192
Q9U2Y9	-0.0566437300015192
Q9U2Z0	-0.0566437300015192
M1ZMI3	-0.524136950954849
G5EGH9	-0.524136950954849
G5EFS4	-0.692005555981887
D8FRQ0	-0.692005555981887
Q9U2X3	-2.37188062512875
Q9NAL5	-0.328107688754781
Q9U2Y2	-0.16942883529186
Q9U2X0	-0.142264559273143
G2HJZ8	0.441533316504459
G2HJZ9	0.441533316504459
Q9NAL4	0.441533316504459
G5EF87	0.0316468396793255
H8ESF3	0.0316468396793255
H8ESF4	0.0316468396793255
A0A3P6NPD2	0.0316468396793255
A0A3P6N6K6	0.0316468396793255
A0A3P6NNV9	0.0316468396793255
A0A3P6P9B9	0.0316468396793255
A0A3P6MYA1	0.0316468396793255
Q9U2W9	1.43110076922366
D9PTP3	1.43110076922366
D9PTP4	1.43110076922366
Q9U2W8	-1.63828241827059
D5L4M4	0.348316745093237
G5EC06	0.348316745093237
G5EBU7	-0.162453127933042
G5EEX5	-0.162453127933042
G5EEZ2	-0.162453127933042
Q2YS43	-0.162453127933042
Q9U2X6	-0.260998974680056
Q9U2W2	-2.25969462944385
Q9U2W5	2.32864541042843
Q9U2V9	0.367010412544542
H1UBK1	0.367010412544542
H1UBK2	0.367010412544542
O62402	0.000957460741276155
O62403	-1.62490685522891
D0FK02	-0.680118998602653
Q9U2S4	0.25843667000479
Q9U2S8	-0.321610356995242
D3NQA7	-0.321610356995242
Q9U2V5	-0.920547167848637
Q2YS42	-0.920547167848637
H2KML1	-0.920547167848637
I2HAL3	-0.920547167848637
A0A0K3AXE4	-0.920547167848637
A0A0K3AS30	-0.920547167848637
A0A0K3AUF9	-1.19452562639194
A0A0K3AV43	-1.19452562639194
A0A0K3AXF0	-1.19452562639194
A0A0K3ARK4	-1.19452562639194
A0A0K3AS33	-1.19452562639194
Q9U2U7	-1.19452562639194
H1UBK0	-0.577308764123729
A0A0K3AUG5	-0.577308764123729
A5HWB0	-0.577308764123729
Q9U2U6	-0.577308764123729
Q9U2U3	0.374809913123962
D3NQA8	0.374809913123962
D3NQA9	0.311164091840835
D3NQB0	0.311164091840835
A0A0K3ARK9	0.311164091840835
Q2YS41	0.311164091840835
Q8I102	0.311164091840835
Q9U2U2	-1.02270755894817
Q9NAL1	-1.00013705564247
Q9U2S7	1.38385643061268
E8MDW0	1.38385643061268
G5EF97	0.853174714002544
Q9U2S6	1.03198840499885
D3NQB1	1.03198840499885
A0A0K3AXF6	0.0257701885752731
Q9U2U0	0.0257701885752731
Q9U2T9	0.189724117881487
E6N0W0	0.189724117881487
E6N0W1	0.189724117881487
A0A0K3AS36	0.189724117881487
A0A0K3AUH0	0.189724117881487
A0A0K3ARL5	0.189724117881487
A0A0K3AV52	-1.69115256941749
Q9U2T7	-1.69115256941749
Q17348	0.138400265798486
Q9U2U5	0.138400265798486
A0A0K3AUH4	-0.620457111345989
Q9U2T2	-0.620457111345989
Q9U3T5	0.816922454055584
Q9NEK7	1.75035600067632
O61390	-0.0212539406312498
Q8I136	-0.0212539406312498
C6S3M5	-0.0212539406312498
Q9GRV9	-0.964362766211289
G4RQM4	0.452453763998018
Q9N582	0.452453763998018
B3CJ33	-0.37766634359621
H2KZI8	-0.37766634359621
Q2AAC4	2.42939720831751
Q65XY1	-0.517141739272568
Q95Y83	0.667570547595734
Q95Y82	-1.05102061636527
Q95Y81	-1.89700659488462
A0A5S9MQE5	0.149036412378665
A0A5S9MM65	0.149036412378665
A0A5S9MN31	0.149036412378665
A0A5S9MMP9	0.149036412378665
A0A5S9MPT0	0.149036412378665
H2KZI7	0.149036412378665
Q95Y80	0.149036412378665
A0A5S9MMD4	0.149036412378665
Q95Y79	-2.01698569062514
Q966E2	8.54615703801358
Q966E4	0.258391403845576
Q966E6	-1.04896772767964
H2L0S8	1.17387930340132
Q8IAB4	1.17387930340132
Q95Y74	0.0949751329128317
D4AFK0	0.0399001234722879
Q95Y73	0.0399001234722879
Q95Y72	-0.17089353626448
Q95Y71	-0.263698751311042
Q95Y67	0.0962556172002282
Q95Y68	1.6444954883834
Q2WF62	1.46333950475769
Q95Y61	-1.06237772283356
Q95Y63	0.700915082402577
Q95Y64	0.405889105808648
Q8IAB2	0.565678633756831
Q9U2R7	0.0630822201958793
H8ESF0	0.0630822201958793
H8ESE9	0.0630822201958793
A7DTF1	0.218814910612548
D3NQA3	0.218814910612548
Q9XWR1	0.218814910612548
Q9XWQ6	-0.581844360449506
Q9XWR0	-1.2188580695058
B3CJ52	-0.11313632059147
Q9XWR7	1.8316477288212
Q2A7S9	1.8316477288212
X5LXA3	1.8316477288212
I7EVL1	0.648420239160911
Q9XWR6	0.648420239160911
Q9XWQ8	-1.07600811096601
Q9XWR5	-0.224349879344973
Q9XWR4	0.0956191554657267
Q9XWR3	-2.21497911574608
Q9XXJ4	-0.338134565502875
Q9XXJ3	-1.41622734766992
Q966E1	-2.85892464978412
Q4W5T1	-4.08907825817102
G4SJZ3	-0.756202172666124
H2L064	-0.756202172666124
Q8ITV5	-0.756202172666124
Q9TYP8	-0.62879142531732
G5EG56	-0.638098732411968
Q6V7K9	-0.638098732411968
Q9U2R6	-0.638098732411968
Q9U2R3	-0.145065317904639
Q8MPS4	-0.139530665140495
K8FE05	-1.2120979672939
O61576	-1.2120979672939
Q93705	-1.2120979672939
K8ESM2	0.819310678947447
O45905	0.668325808219542
O45907	-0.344121344200029
Q7YTK0	-0.344121344200029
Q9GTE3	-0.344121344200029
A0A486WV44	-1.04371642043927
O45910	-1.04371642043927
D3NQ93	2.62839694435922
O45909	-0.156343393720513
O45911	1.18226695779273
O62404	0.699846531860984
O62408	0.678782462723177
K7ZUN4	-0.386011190591591
G5EDQ2	0.155075215894551
Q9XXI6	0.181281502388999
Q9XXI5	0.181281502388999
Q9XXI4	0.16983800683819
Q9XXI3	0.46743559810141
Q9XXI1	-0.150997743104384
Q9XXI0	0.858133145966014
Q9XXH8	-0.583229388880915
A0A1N7SYR6	-0.583229388880915
A0A1N7SYT2	-0.583229388880915
Q9XXH9	-0.583229388880915
Q9XZQ1	-0.583229388880915
Q9XZQ2	-0.583229388880915
Q9XXH7	-0.0426874176201348
Q9U2R0	0.29725254105301
Q9XXH6	0.29725254105301
A0A168H2F9	-1.03061558755383
Q9XXH4	-1.03061558755383
A0A168H287	-1.03061558755383
G5EFZ3	-1.03061558755383
A8XJ46	0.193603359780375
Q8I4E8	0.193603359780375
A8XJ47	0.193603359780375
M1Z844	-0.41093474443012
Q8I4E7	-0.41093474443012
Q8I4E6	0.400832440893594
Q9XXJ1	0.574970158235242
Q9XXJ0	0.160515867807156
Q9XXI9	-0.0103153239336743
E1NZ07	-0.284042825884229
E1NZ08	-0.284042825884229
E1NZ09	-0.284042825884229
Q9XXI2	-0.284042825884229
Q10657	-0.905165935440725
Q9U2R2	-0.905165935440725
Q9XXI8	-0.00520652130205698
Q9XXI7	0.737435797034159
Q9N573	-0.559839842457578
Q9N574	0.443251425970074
Q9N579	-2.24835810340259
Q9N580	-0.45736779434885
U4PBN3	-0.081186442529359
D0G909	-0.081186442529359
Q9N576	-0.403261345900926
Q9XW25	0.499474063144437
Q9U5Z2	-0.103707872133329
Q9XW10	-0.103707872133329
Q9XW18	0.669239871058191
Q9XW17	0.0989649669218941
Q27462	0.660402576306917
Q9U2Q8	0.660402576306917
Q5GHR2	0.345753130760134
Q9XW16	0.345753130760134
Q8I4E5	0.0602450518531697
Q9XW15	-1.13842595613955
Q9U2Q9	-1.63196729270785
Q9Y0C2	-1.63196729270785
G5EBN7	0.558266004432065
G5EFN1	0.558266004432065
A0A5S9MNL4	-1.86446571335288
Q9XW13	0.157875367049882
Q9XW12	-0.639803708866661
V6CIU7	-0.758692078541949
V6CJZ8	-0.758692078541949
V6CL91	-0.758692078541949
Q8IU09	-0.758692078541949
A0A3P6N6A5	0.737617831727661
A0A3P6MY32	0.737617831727661
Q9BL93	0.737617831727661
V6CIT8	-0.601230026925623
V6CJZ0	-0.601230026925623
V6CLD4	-0.601230026925623
Q9BL92	-0.601230026925623
V6CLC2	-0.601230026925623
Q9BL94	0.284501306387731
V6CL86	0.64655041933292
V6CIU3	0.64655041933292
V6CJZ4	0.64655041933292
G5EFV7	0.64655041933292
V6CLD8	-0.423710215915448
Q9BL91	-0.423710215915448
A0A8S4QAX9	0.115713459962506
Q9BL88	0.115713459962506
G5ECR6	-2.97325928097808
A0A0M7RFG7	-1.26706472560468
A0A0M7RDW4	-1.26706472560468
G5EDZ6	-1.26706472560468
A0A0M7RDX3	0.0650724782305489
G5EDB5	0.0650724782305489
Q9N570	0.281359730840555
G5EET8	-0.195552852856723
Q86S58	-0.540159078430906
Q8T7Z3	-2.96711062534976
G5EDI6	-0.241159515491353
G5EFW4	-0.241159515491353
Q9XXS3	-3.10975379123565
Q95XA8	-0.187236219898691
X5LX81	-1.02742421396973
G4SRM7	-1.02742421396973
Q95XA9	-1.02742421396973
X5LPW2	0.0137336068378214
Q95XA6	0.0137336068378214
Q95XA7	0.0137336068378214
Q965Q1	0.0115815197262134
Q965P1	-0.27810529255364
Q965P0	-0.620248287125543
Q965P9	-0.518108170512467
G8JYF5	-0.405806721643655
V6CLG8	-0.405806721643655
P50140	-0.405806721643655
Q965Q0	-0.405806721643655
Q965Q3	1.50449314857262
G4SRP3	1.50449314857262
Q965Q5	-1.06108088002407
A0A1C3NSL0	-0.157265518639419
A0A1C3NSK5	-0.157265518639419
A0A1C3NSJ8	-0.157265518639419
A0A1C3NSJ9	-0.157265518639419
Q965Q4	-0.157265518639419
Q965Q2	-3.22461720194717
Q9BKX3	-0.522885121987492
G5EGH0	-0.34771551965169
Q9BKX2	0.839290948683438
Q9BKX8	0.141308159141992
Q9BKX6	-0.158664016029921
A0A486WVR6	-0.279664466076973
O62412	-0.279664466076973
A5PEW5	-0.898013844842083
O62414	-0.898013844842083
O62415	0.994558955958569
O62416	-0.102615869071845
Q9XXS1	0.152194457558486
Q9N564	-0.407707225192642
Q9N563	-0.451651578786751
O76616	0.149314609106377
D0F189	-1.15107417746182
H2L011	-1.15107417746182
Q8MPQ6	-1.15107417746182
G8JYB2	-1.15107417746182
Q8T3U1	-1.15107417746182
A0A061ACL3	-0.651707597567531
O76618	-0.651707597567531
A0A8S4QD27	-0.651707597567531
Q965I6	-0.651707597567531
Q9N471	1.07510698121009
Q9N475	0.23402813946356
Q9N476	-0.431735352336554
Q9N477	-0.869722394160731
A0A061ACL9	-0.178050197230507
A0A061ADT4	-0.178050197230507
Q9N478	-0.178050197230507
Q9N474	-0.811251119277473
A0A0K3ARM3	-1.49489226543785
Q9N554	-1.49489226543785
Q8T875	-1.0998290117053
Q966C6	-1.0998290117053
Q8T876	-0.681223156442439
Q966C7	-0.681223156442439
N1NTK1	-0.835966232429781
Q9U2Q7	-0.835966232429781
A0A061ACG4	-0.371397002617515
G5EGB3	-0.371397002617515
Q9TYL2	-1.61339588705804
Q9TYL9	0.0332705066776873
H2KY99	0.207892677611367
Q2Z1N7	0.207892677611367
H2KY98	0.207892677611367
H2KYA0	1.00411675931441
Q8ITV3	1.00411675931441
A0A8S4QFJ4	-0.423623873505694
O62418	-0.423623873505694
O62419	-2.06361428314111
Q7YWR7	-0.0917966988403335
Q9NH52	-0.889780405635466
Q9XXS4	-0.889780405635466
H8ESD3	0.21030631987712
G5EFR4	0.21030631987712
H8ESD2	0.21030631987712
A0A0K3AS51	0.21030631987712
A0A0K3AUJ3	0.21030631987712
B4E3X3	8.27995984492069
L8EC29	8.27995984492069
Q9XX35	0.468043695408319
D6VPA7	0.468043695408319
Q9XX31	-0.0817871142474377
E8MDV4	-0.0817871142474377
E8MDV5	-0.0817871142474377
Q9XX08	-0.894133724604136
Q9XXS2	1.25875986410092
Q9U2P3	0.948022002867708
Q8I4E4	0.229415850002528
G5EDP0	-1.0211854131058
O62421	-2.14382761346949
G5EC02	-0.551476796656899
O62422	-1.05834791553192
Q9BPM4	-4.95557534495255
A0A0K3AY80	-0.636003337924822
A0A0K3ASY8	-0.636003337924822
A0A0K3AV89	-0.636003337924822
A0A0K3ASE1	-0.636003337924822
A0A0K3AVZ6	-0.636003337924822
Q9BPN3	-0.636003337924822
A0A0K3AY85	0.599673194907047
Q9BPN5	0.599673194907047
A0A8S4QD36	0.243910999715517
A0A8S4QF91	0.243910999715517
Q9N539	0.243910999715517
H2L0N5	0.0167594132019988
C2BR94	0.0167594132019988
Q9N538	0.198384777828245
Q9N537	-0.238147477040011
Q9N536	-0.00680821609402796
Q9N535	-1.65587765812958
A0A8S4QBT6	0.0827151785414662
Q9N534	0.0827151785414662
A0A486WWW2	-0.390771983178383
A0A486WVA9	-0.390771983178383
A0A486WWC7	-0.390771983178383
A0A486WV77	-0.390771983178383
Q9N533	-0.390771983178383
Q8WSP0	-0.138338197765503
A7DT33	-0.0492336925668515
G5EFN7	0.72194253956942
H2KZX7	-0.309332931945073
Q86MI5	-0.309332931945073
Q95Y27	-0.572278524966182
Q95Y29	-0.535956573414075
Q9N470	0.258919858925815
C5NU64	0.284772396553876
H2KZX8	0.284772396553876
A0A2K5AU23	0.284772396553876
A0A2K5AU25	0.284772396553876
A0A2K5AU29	0.284772396553876
A0A2K5AU28	0.284772396553876
A0A2K5AU32	0.284772396553876
Q95Y28	0.487646743051779
Q9BL86	-1.09158186173116
Q9BL83	0.1010652119251
Q9N452	0.183266584325994
V6CKN0	-0.628513922964103
V6CLU7	-0.628513922964103
V6CJH0	-0.628513922964103
V6CKN5	-0.628513922964103
V6CLZ6	-0.628513922964103
V6CLZ2	-0.628513922964103
Q9N456	-0.486166316191562
V6CM00	-0.239086949422299
V6CLZ7	-0.239086949422299
Q9N457	-0.239086949422299
Q9N455	0.467169116691662
A4UVM2	0.467169116691662
V6CLV4	0.467169116691662
Q9N532	1.00664075616044
G5EF44	1.00664075616044
A8W7W0	-1.32781876703423
Q95XC3	0.55868128485709
Q95XC2	-0.980066494211565
Q9XWZ4	0.977227834566199
C7IVS2	-0.784490645269624
O45920	-1.94081849627042
O45268	-1.30761200623895
B3GWD4	-1.30761200623895
G5EDU9	-1.30761200623895
G5EE35	-1.30761200623895
C6KRP1	-1.30761200623895
A0A061ADZ4	-1.30761200623895
D1MN86	-1.30761200623895
H2KMJ3	0.143329383035777
A0A0S4XR43	0.143329383035777
A0A0S4XRD3	0.143329383035777
G5EBS4	0.143329383035777
C0Z3L1	-0.486722987840815
Q9XXF6	-0.486722987840815
A0A061AL62	-0.486722987840815
O45271	-0.105269224221321
Q7K7J0	-1.23927087069884
G5ECK4	-0.412146228259071
G5EE73	-0.412146228259071
G5EEQ7	-0.412146228259071
Q8I4E2	-0.761330060005784
A0A061AD14	-0.761330060005784
N1NVC3	-0.761330060005784
D3NQ98	-0.761330060005784
J7SA60	-0.761330060005784
Q8I4E1	-0.761330060005784
Q9XXG2	-0.761330060005784
Q9XXG3	-0.761330060005784
Q9XXF9	-0.36740932930809
D3NQ99	-0.36740932930809
Q9XXG7	-1.51721590266923
G5EEQ4	-0.851371657265412
E9P897	-0.851371657265412
E9P898	-0.851371657265412
H8ESD5	-0.851371657265412
H8ESD4	-0.851371657265412
L8E912	-0.851371657265412
G5EFE5	-0.851371657265412
G5EFN5	-0.851371657265412
A0A164D3B2	-0.00171030518307177
A0A168H2V5	-0.00171030518307177
A0A0K3AUS7	-1.09245615317871
A0A0K3AX87	-1.09245615317871
Q9BKQ2	-2.40972153504715
Q9XWV3	0.0790183953721389
Q9XWW1	-0.186084218119938
Q9XWW0	-0.0216154947124053
Q69Z09	-0.0216154947124053
G5EFD5	-0.320746077147403
P55954	-0.523197507167263
Q9XWV8	-0.523197507167263
Q9XWV7	-1.38408893999017
Q9XWV6	-0.516444236179726
A0A1N7SYQ5	0.325000336788172
A0A1N7SYR4	0.325000336788172
A0A1N7SYS5	0.325000336788172
Q9XWV0	0.325000336788172
Q9XWV5	0.651339030823811
Q9XWV2	-0.0121380984722512
Q9XWV4	0.58369652600775
A0A486WWI5	-0.452136070790419
A0A486WXI6	-0.452136070790419
A0A486WTI5	-0.452136070790419
Q9XWU8	-0.452136070790419
Q8I4E0	-0.524755838560777
Q8I4D9	-0.524755838560777
G5EDB7	-0.524755838560777
Q7YTJ3	-0.797703486687006
Q9XWV1	-1.69157733679646
Q9XWW5	-0.779493237053345
Q9XWW3	0.0880226619099832
A7DTF0	-1.01318043296267
Q9XWW2	-1.01318043296267
Q9N441	-0.412170762682705
H2KZH7	1.16801185072944
U4PBW3	-0.701197368451844
U4PMB9	-0.701197368451844
U4PRL9	-0.701197368451844
U4PBI7	1.22372000312614
U4PER3	1.22372000312614
Q965Y1	1.22372000312614
Q965Y0	0.341680936480476
U4PRA5	0.611607115990636
U4PEF8	0.611607115990636
U4PB79	0.846609635658504
Q9N439	0.846609635658504
U4PBL3	1.34237352464781
U4PM16	1.34237352464781
A0A1E1JKH1	1.02431611174956
O46223	-0.693396687880238
Q965X6	-0.693396687880238
Q8MXT4	-2.42869777302409
Q965X8	-2.42869777302409
Q965X9	-2.42869777302409
Q965X7	-3.75914822551996
U4PLL6	0.173811673485697
Q965X5	0.173811673485697
U4PQX3	-0.485129196781643
G5EEE7	-0.485129196781643
H2KY65	0.433746366662821
Q9TYN5	0.433746366662821
Q9TYN6	0.453987072538385
U4PN06	-0.440965916709586
Q9TYN4	-0.440965916709586
Q9TYN3	0.763238151252701
Q9TYN2	-0.326948827084227
Q9TYN1	-0.633659169173411
Q01630	-0.388514950760348
U4PE21	-0.388514950760348
U4PLJ8	-0.388514950760348
Q9BKU9	0.255041526133668
Q9BKU3	-0.0727320794406384
A9D2X7	0.261729471610412
X5LV72	0.261729471610412
X5LPW7	0.261729471610412
X5LX84	0.261729471610412
X5M5S8	0.261729471610412
X5M8X2	0.261729471610412
X5LV76	0.261729471610412
X5LPX5	0.261729471610412
Q9BKU2	0.261729471610412
X5LX93	0.652851470380802
X5M5V2	0.652851470380802
X5M8Y9	0.850478990151853
Q9BKT9	0.850478990151853
Q8IA95	-0.702297438873945
H2L0N9	-0.0107519208660263
Q6AW03	-0.0107519208660263
A0A486WV52	-0.0107519208660263
A0A486WWC6	-0.0107519208660263
Q9GR61	0.137887339434972
S6EZP9	1.00134350860561
Q9BKU8	0.574202033693651
H2L0N8	1.04904649964803
Q2V075	1.04904649964803
X5M8W6	1.04904649964803
X5M5S1	1.04904649964803
P91913	-0.475075953489542
Q9GR59	-0.475075953489542
Q9BKU6	-0.284396620200399
Q9BKU5	-0.284396620200399
Q9BKU4	0.305547181673391
Q95XA0	0.497722928092026
A4GZJ4	0.020028527146487
G4SJL8	0.020028527146487
Q75KS1	-0.286983658278061
Q95X98	0.28656217540033
Q9U2N7	0.0477610712108445
F3Y5R9	0.0477610712108445
A5PEY0	1.73143659196424
G2HK10	-0.0993966941060176
Q9U2P1	-0.0175741374488376
E0R7K6	0.307653820790305
Q9U2P0	0.307653820790305
Q9U2N5	-1.39476001357068
Q9U2M9	-0.527318269043646
Q5ZEQ4	-0.527318269043646
Q9U2M8	0.146582253954537
A5HW97	0.164192367074106
Q9U2M7	-0.465586594033823
Q9UAX6	0.334327716632235
P27798	0.314565657942396
Q95X11	-0.327788072452097
Q23236	-0.32507088779427
Q23237	-0.285909285555859
A0A0S4XR45	0.309595103096637
A0A0S4XRS7	0.309595103096637
Q23238	0.309595103096637
Q8MXT2	-0.393210113972556
H2KZW8	-0.393210113972556
H2KZX0	-0.393210113972556
H2KZW7	-0.393210113972556
Q8MXT1	0.104077011072197
U4PQZ4	-1.37487249685409
U4PLN7	-1.37487249685409
D6RYD9	-0.139022690451598
U4PE35	0.243558954877444
D6RYE0	0.243558954877444
Q9N425	-0.743199976397267
A7WK39	-0.280366923121406
Q9N426	-0.280366923121406
U4PB86	-0.536989967462362
Q9N428	-0.536989967462362
H2KZW9	-0.60214570431974
Q688Z8	-0.60214570431974
Q9N430	-0.273278134133482
Q9N432	0.384187645649268
G5ECT3	-0.822039873972812
G5EE29	0.903893989783127
A0A4V0IJV5	0.764125434660168
A0A4V0IJR4	0.764125434660168
A0A4V0IK98	0.764125434660168
A0A4V0IMZ6	0.764125434660168
G5ECT3	1.7650608107992
G5EE29	-0.789882151517853
Q9N529	0.430546429085909
G5EGI2	1.02818370079567
Q8MXU3	1.02818370079567
Q9N527	0.862527878765871
A0A0K3ASE6	-0.0730123692856101
A0A0K3AW00	-0.0730123692856101
Q18905	-0.0730123692856101
Q9UAZ4	-0.0730123692856101
Q9N525	-3.29179049327888
Q9NAK0	-1.48051915641747
Q9NAJ7	0.709609040789212
Q9NAJ6	-1.17752079920772
Q9NAJ5	-2.70260684992109
H2KMK7	-0.49655452325313
A0A486WXG8	-0.49655452325313
A0A5S9MNH1	-0.49655452325313
H2KMK5	-0.49655452325313
H2KMK6	-0.700067723043856
Q9NAI9	-0.700067723043856
E8MDV8	-0.700067723043856
Q9NAI7	-0.143736240644876
Q7YWR1	0.38920996618222
Q5GMH8	0.445341650278422
Q9NAK6	-0.0954664138397332
Q9NAK5	1.48359548229746
Q9U2M6	-0.3156945494232
Q7K714	-0.3156945494232
Q9NAK4	-0.524051874808357
G5EGQ3	-1.54621282876396
G5EGS0	-1.54621282876396
H2KMK1	-1.54621282876396
Q9XWL8	-1.54621282876396
A0A0K3AQV8	-1.54621282876396
A0A0K3AUE7	-1.54621282876396
Q9XWM0	1.67542735179635
Q9XWL9	-0.611390935848898
O77085	1.0978708395212
Q9U2M5	1.0978708395212
Q9U2M4	0.340016163902021
Q9XWM2	0.708184727263158
Q9XWM1	-2.63279155974668
Q9N419	0.407506373236971
Q9N423	-1.52433657967706
Q869J4	0.0549869685591611
Q9N421	0.0549869685591611
Q9XXU9	0.0549869685591611
C0HLB3	-0.500202317551742
C0HLB4	-0.500202317551742
P34546	-0.500202317551742
P83577	-0.500202317551742
A0A9S2	-0.149589691700416
U4PMK1	-0.149589691700416
Q86FM9	-0.149589691700416
Q95XS1	-0.163278692198029
I2HAE1	-0.147183330628732
Q95XS3	-0.147183330628732
U4PRW2	-0.147183330628732
U4PF08	-0.147183330628732
U4PBT1	-0.211609194077155
U4PC56	-0.211609194077155
G5EDB6	-0.0321112804866786
Q95XS2	-2.40332774532006
E3CTH6	0.908443261310021
E3CTH7	0.908443261310021
D4YWC3	1.8523982672504
Q9XX57	1.8523982672504
Q9XX49	-1.86278343706956
Q9XX47	-1.017852488602
Q9XX45	-0.0421360306066624
Q9XX44	-1.34352852029299
Q9XX42	-2.84581977114828
Q7YWQ9	-0.0921009692170078
C6S3M1	-3.95902170886353
Q9XX55	0.462594593092747
Q9XX56	1.12691263417421
C5VUJ5	-0.261289361274
E3CTH5	-0.894917521704219
Q9XX21	-0.894917521704219
Q5DTE8	-0.894917521704219
Q86MP3	-0.894917521704219
Q9XX17	0.515717214763044
A0A1X7RCW1	-0.318153157850271
Q9XX16	-0.318153157850271
Q9XX15	0.830630299702096
Q9U2M2	-0.279035754303364
Q9XX09	-0.279035754303364
Q9XX14	-0.279035754303364
Q9XZQ3	-0.279035754303364
Q9XZQ4	-0.279035754303364
A0A1X7RBL4	-0.279035754303364
A0A1X7RBL1	-0.279035754303364
A0A1X7RC73	-0.279035754303364
A0A1X7RC69	1.08013527158749
G5ECJ8	1.08013527158749
Q9XX30	0.171903609891145
A0A0K3ARX5	1.35060304978024
Q9XX11	1.35060304978024
Q9XX10	1.31641530938085
A0A1W7LFZ8	-0.386703450204684
Q95Q27	-0.386703450204684
Q9XX20	-0.239127441660757
C7IVS1	0.570908531521973
G5EEN7	-0.416146922684959
A0A486WY48	0.143117810803181
Q8I100	0.143117810803181
Q9XX18	0.321158500224095
Q9XX25	1.0257105395735
Q9XX26	0.536140848468295
A0A1X7RBT7	0.536140848468295
Q9XX27	2.43315996402092
Q965E3	-0.366072206188088
Q9U2M1	-0.366072206188088
Q9XXE7	2.05072605448141
Q9XXE6	0.379049728168645
G5EDV3	-0.598003178817077
A7DY67	0.155480518183634
G5EDG9	0.155480518183634
Q9N521	1.85533013263716
Q9N520	-1.03135545348147
B2L045	0.222487093235826
G5ECU0	0.222487093235826
G4SNR2	0.222487093235826
G4SNP8	0.222487093235826
B2L044	0.222487093235826
A0A8S4QBU0	0.145604865701981
Q9N412	0.145604865701981
A0A650C2J5	0.410568347957983
Q9N415	0.410568347957983
Q9N416	0.775277327507541
G4SRU7	-0.195291225980743
H2L0P9	-0.195291225980743
A0A8S4QCF9	-0.195291225980743
Q965X3	-0.195291225980743
Q8IAA8	-0.373239138290322
Q8IAA9	-0.373239138290322
Q9N413	0.299125744088095
Q65XX5	-0.0554806643120768
Q965X1	-0.0554806643120768
Q9N405	1.0531251317824
A0A8S4Q9E8	1.0531251317824
A0A8S4QAY3	1.0531251317824
A0A8S4QGJ8	1.0531251317824
H2KYB6	-0.494303118510603
F8WU09	-0.494303118510603
Q9N408	-0.0318577018788016
Q9Y0V8	-0.0318577018788016
Q9N410	0.291499532112826
Q8MYP3	0.176899589574818
Q56VX2	0.176899589574818
Q9NEU1	0.0840844722618324
A7UGI8	0.326878575580776
Q9NEU2	0.326878575580776
Q9NEV8	0.326878575580776
Q8MYP0	-0.0264662014719962
Q9GTC4	-0.0264662014719962
Q7YXC6	-0.0264662014719962
Q86PK0	-0.0264662014719962
B2FDA9	-0.804301822289548
Q9NEV3	-0.804301822289548
E0R7L7	-0.522468048042837
Q9NES8	-0.522468048042837
G5EEI4	-0.348720603104191
O76830	-0.348720603104191
Q8MYN6	1.74737901940869
Q8MYL9	1.96931033726456
Q9NEU8	0.717283607808371
F3Y5S6	0.717283607808371
A5HWB2	-1.02200492134656
Q9NES9	-1.02200492134656
Q9NEU5	-0.0744786900492247
J7SA57	-0.495009529754915
Q8MYM9	-0.495009529754915
Q9NEU3	1.06447321591345
Q8MYM8	1.27668553781346
Q8MYM7	0.265682962453361
Q8MYM6	-0.24319086634763
Q9NEI6	-0.978634539098812
D4YWC8	-0.978634539098812
A0A0K3AY91	0.187579546107667
A0A0K3AT01	0.187579546107667
A0A0K3AV98	0.187579546107667
Q8MYM5	0.187579546107667
D6VPB5	-1.09275312297352
Q8MYM3	-1.09275312297352
Q8I0Z8	-1.09275312297352
A0A8S4QC20	-0.172387576975827
Q8MYM0	-0.172387576975827
Q9NEV6	-0.36754441780624
F3Y5S7	-0.36754441780624
D5SH00	-0.670045303237942
D5SH01	-0.670045303237942
Q9BMH6	-0.670045303237942
Q9NET2	1.72603950424491
E0R7L8	1.72603950424491
Q9NET3	-0.533334674439675
Q9U2L2	-0.652717202204678
Q9U2L4	-0.977164836492421
G5ECC5	0.119903066346569
H2KYC3	-0.0619822817576173
H2KYC1	-0.0619822817576173
Q9TXV8	-1.30520147593648
A0A0K3AU82	-1.21027131180849
O45922	-1.21027131180849
O45923	-1.21027131180849
O45924	-2.16435610961133
Q4A1S8	-2.16435610961133
Q9U2K8	0.425543263268976
A0A679L8S1	0.132185812490192
A0A679L8N0	0.132185812490192
A0A8S4QFA8	0.132185812490192
A0A8S4QD48	0.132185812490192
Q95ZJ1	0.0728620525912302
O61391	0.0728620525912302
O61392	0.0728620525912302
O61393	0.0728620525912302
Q95ZJ2	0.0728620525912302
Q9U2J8	0.0728620525912302
Q9U2K7	-0.56960875977072
Q69YZ0	0.289866207536738
Q9U2K1	0.289866207536738
Q69YZ1	0.289866207536738
Q9U2K6	-0.764675175239946
I2HAG3	2.63103041802279
Q9U2K4	2.63103041802279
Q9U2K0	1.1903866651441
A0A8S4QBU4	1.1903866651441
G5ED00	0.13710244067832
D0Z5N7	0.363012597355127
C3JXF0	0.363012597355127
Q6QMT2	0.363012597355127
Q9U2K3	0.363012597355127
B2FD95	-0.162850337179473
B2FD96	-0.162850337179473
G5EFV5	-0.783888391135729
Q95XR4	0.297869115710486
Q95XR6	-0.308358084717196
G5EDE7	0.521252449661198
Q8WSN6	0.521252449661198
X5M920	0.025727698655716
G5EE37	0.025727698655716
A0A061AL94	0.247010455143082
Q95XQ8	0.247010455143082
Q95XQ1	0.80990612722796
A0A061AD87	-0.106234281229192
Q6AW05	-0.106234281229192
Q6AW06	-0.106234281229192
A0A061AD83	0.10667822048467
A0A061AEC9	0.10667822048467
H2KZV1	0.10667822048467
Q95XP9	0.10667822048467
Q95XR1	0.124346901124663
X5LVB3	0.269626387083892
X5LQ37	0.269626387083892
Q95XR2	0.269626387083892
A0A061AD48	-1.55906914908904
A0A061AJL2	-1.55906914908904
H2KZV0	1.61642603351006
A0A061AED1	1.61642603351006
Q95XQ4	0.795344096498819
Q86S61	-1.07453953454991
Q95XR0	0.14049049288583
Q95XR3	1.38491560998542
G4SF15	1.38491560998542
Q9NAI5	1.15600782392864
Q9U2J6	1.15600782392864
Q9U2J5	0.938317167688165
Q7YXD7	0.142888019059705
Q9BHK7	-1.32156949764897
D3NQA5	-1.40737703331561
G5EFW1	-1.40737703331561
Q6F3C7	0.337487570828937
Q965W9	0.337487570828937
A0A163UTK6	0.135433794292322
A0A168HAJ0	0.135433794292322
Q965W8	0.135433794292322
Q9N3Z3	0.994464135306063
Q17375	0.994464135306063
Q86FM7	0.994464135306063
H2L095	-0.15796636171778
A0A168HAP7	-0.15796636171778
E3CTH0	-0.15796636171778
Q965W1	-1.30728582793525
Q3LFN1	-1.30728582793525
A0A0K3AT05	0.345691374788935
Q965W3	0.345691374788935
A0A0K3ASF6	0.791600125849925
A0A0K3AW13	0.791600125849925
A0A0K3AYA0	0.791600125849925
A0A0K3AT08	0.791600125849925
A0A0K3AVA9	0.00854547469021857
Q9GTD3	0.00854547469021857
Q965W2	0.00854547469021857
Q9GTD1	0.00854547469021857
A0A0K3ASG0	0.2814560371002
Q965W0	0.2814560371002
Q9UAX2	-2.47370229903706
Q9XW29	0.269009022438835
D6VPA8	0.269009022438835
B5WWM0	0.397291960833167
A0A5S9MND1	0.397291960833167
A0A5S9MRL7	0.397291960833167
Q9XW27	0.397291960833167
E1NZ12	0.397291960833167
Q9XW26	0.265904257357024
Q9XWP5	-2.09551412899808
Q9XWP7	0.960312904461691
Q9XWP6	0.327763145748831
Q9XWP4	0.058094716244429
Q9U2J0	0.74624876128068
Q9N3Z0	0.538257002078455
Q9N3Y9	-0.443022791225873
W6RTL8	0.65437681722162
Q8WTM2	0.65437681722162
Q9N3Y7	0.65437681722162
O76726	0.253781573046122
O76725	-0.0925717131363206
Q965V9	0.678984702978264
Q8MNY0	0.364425033560295
Q9U7D5	-0.215351311375992
Q7JKV1	-0.215351311375992
Q9XW31	-0.215351311375992
Q9XWA4	0.373260770111171
Q9XWA5	6.18490037168709
Q08I41	6.18490037168709
A0A078BPK0	6.18490037168709
Q9XWA0	1.13315891346906
G5ECR7	0.371587522795083
Q9XWU3	-1.33197667490138
Q9U2I3	-1.55836245840341
Q8I4D6	-1.55836245840341
Q9XWU2	-0.972463274784209
G5EC44	-0.0849417867160222
Q9U2I8	0.0755557832132866
A0A1D3PDA8	-0.950523892297565
G5EBL5	-0.323035466942185
D0Z5N1	-0.323035466942185
D0Z5N2	-0.323035466942185
G5ECG1	-0.323035466942185
Q8I4D7	-0.323035466942185
Q8I4D8	-0.323035466942185
Q9U2I0	-0.323035466942185
Q9U2I6	1.11779027143332
Q9XWU5	-2.45689234501024
Q9U2I4	0.0788572249691613
Q95Y21	0.316484813957056
Q8WTM1	0.184906672841415
U4PBU4	0.36248815516072
U4PC73	0.36248815516072
U4PML6	0.36248815516072
U4PRX8	0.36248815516072
Q95Y24	0.36248815516072
Q95Y26	-0.97374227898013
U4PC78	0.565964257312002
U4PMM1	0.565964257312002
U4PF27	0.565964257312002
U4PBV0	0.565964257312002
U4PRY3	0.565964257312002
Q95Y25	0.565964257312002
U4PF33	0.401986463790242
U4PBV4	0.401986463790242
U4PC84	0.501379752854944
U4PMM5	0.501379752854944
Q95Y02	0.88292526226248
U4PBR7	0.614189183962509
Q95Y10	0.614189183962509
U4PC39	-0.46280580335181
Q95Y11	-0.46280580335181
Q8MXT0	0.208030087021784
Q95Y12	0.208030087021784
U4PMJ0	-0.0943320331217939
U4PRV3	-0.0943320331217939
Q9NHC3	-0.0943320331217939
Q95Y14	0.862702585437571
Q95Y17	0.743803645767885
Q95Y18	-0.664759038629963
M1Z882	0.0656948959153061
Q95Y15	0.0656948959153061
Q95Y13	0.0656948959153061
U4PC44	-0.128149398055037
U4PEZ8	-0.128149398055037
U4PBS1	-0.128149398055037
Q95Y05	-0.128149398055037
A2V8C4	0.319353235530325
Q8WSN8	0.117634575721961
A2V8C5	0.152745918348184
I2HAK2	-0.0607256089726533
Q8WSN7	-0.0607256089726533
Q95Y04	-0.441171903891059
Q8WSN9	-0.33674818509904
Q9GTD0	-0.33674818509904
Q95Y07	-0.0483041424814166
Q9GTC6	-0.0483041424814166
Q95Y09	0.240114807079474
O62436	-0.989856926752183
S6FN19	-0.989856926752183
S6FWQ1	-0.989856926752183
Q9U2H9	-0.56788823955867
A3RMU4	-0.56788823955867
H9G359	-0.56788823955867
H9G360	-0.56788823955867
B9WRU1	-0.400339147754855
Q9U2H8	-0.400339147754855
F5GUI4	-0.400339147754855
F5GUI5	-0.400339147754855
A0T4F9	0.369314444928909
A0A061ACP6	-1.21087928066793
A0A061AKV6	-1.21087928066793
A0A061AJ70	-1.21087928066793
O62433	-1.21087928066793
O62431	0.244878965468932
D3YT95	0.244878965468932
D3YT96	0.244878965468932
I2HAI0	0.244878965468932
Q2XMY1	0.0477548231198927
Q2EEM2	0.0477548231198927
D3YT98	0.0477548231198927
A0A078BQL1	0.0477548231198927
M1ZJ43	0.0477548231198927
N1NV17	0.0477548231198927
O62444	0.0477548231198927
A0A078BTL4	0.216559355577215
O62437	0.216559355577215
Q9U2H4	-1.02062391858074
D3YT99	-1.02062391858074
E5QCJ4	-1.02062391858074
G5ED37	-1.02854267819176
G4SRX9	-1.29032740284703
Q14T75	-1.29032740284703
Q9N501	-2.19765913350235
H2L0Q3	0.137851083985333
A0A0K3ATD8	0.137851083985333
A0A0K3AVQ1	0.137851083985333
B3VBI8	0.137851083985333
B7CED7	0.137851083985333
Q9N502	0.137851083985333
B7CED6	0.00300377626426296
H2L0Q2	0.00300377626426296
Q9U2H2	0.663155584733013
Q9XWZ6	-1.97570939652251
F3Y5Q8	-1.97570939652251
F3Y5Q9	-1.97570939652251
Q9XWZ5	0.0669894271485955
E1NZ10	0.169524429447688
E1NZ11	0.169524429447688
Q9U2H1	0.169524429447688
Q7YWR3	-0.447705746893507
Q9N4Z2	-1.3957535820488
Q9N4Z4	-0.14907395408115
Q9N4Z5	0.129982322964283
Q86DD0	0.129982322964283
Q9N4Z7	-0.422088297660999
Q65XX9	-0.422088297660999
Q65XY0	-0.422088297660999
Q65XX8	-0.422088297660999
A0A8S4QB65	-0.422088297660999
A0A8S4QD84	-0.422088297660999
A0A8S4QBV1	-0.422088297660999
A0A8S4QGK9	-0.422088297660999
A0A8S4QAY9	-0.422088297660999
A0A8S4QFB7	-0.422088297660999
A0A8S4QBV5	-0.422088297660999
A0A8S4QB79	-0.422088297660999
A0A8S4QCI1	-0.422088297660999
A0A8S4QBX2	-0.422088297660999
A0A8S4QCH2	-0.422088297660999
A0A8S4Q9F9	-0.422088297660999
A0A8S4QD60	-0.422088297660999
A0A8S4QD98	-0.422088297660999
H2L028	0.966259545547269
A0A9R9	0.966259545547269
A0A8S4QGL9	0.966259545547269
A0A8S4Q9J2	0.966259545547269
A0A8S4QAZ9	0.966259545547269
A0A8S4QFC8	0.966259545547269
A0A8S4QD72	0.966259545547269
A0A8S4QBW8	0.966259545547269
Q9N3Y1	0.481518844585836
W6SBE5	0.179979589854837
Q9N3Y4	0.179979589854837
Q9N3Y3	-1.87600955411819
Q95XZ8	0.810767196455124
Q9N3X9	-1.02099495518823
Q9N3X8	-0.952683552270768
Q9N3X7	-0.987160023487613
Q965V6	-0.203823100769545
Q9N3X4	-0.189102242069827
Q9N3X3	-0.522570363649015
Q9N3X2	-0.636005505989165
Q86B42	0.282832664998172
Q9XXE9	0.394107041848466
Q9XXF1	-0.0452336600286161
F3Y5P8	-0.640133454991791
G5EEZ5	-0.640133454991791
Q95Q25	-0.29700167372446
L8E822	-0.29700167372446
G5EGG8	-0.29700167372446
Q0KHC3	-3.17692310931194
O45926	0.384378116875827
O45925	-0.237122318702303
O45927	-0.483249452385612
S6FWQ9	-0.483249452385612
G5EE49	1.92345797631789
G5EE49	1.99333024791066
Q9U2G8	0.884864909489121
O62446	-1.19958454213328
Q7Z1J4	-1.19958454213328
Q8MPP5	0.355800311326344
G5EEU2	1.37665490891501
O45933	-0.597310148783142
O45934	-0.126384327004403
Q86DA0	-0.126384327004403
O45935	-0.340596997633146
O45936	0.994368714780262
G5EBG2	-0.874701473891118
A0A8D9IN58	-0.874701473891118
Q9XWL6	-1.14320141219056
Q9XWL5	-0.272246190411081
F0IWV1	-0.272246190411081
Q9XWL3	-0.611776596737751
Q2HQL8	-1.10664411706856
B7FAR9	-1.10664411706856
Q9XWX8	-1.10664411706856
D9PTN8	-1.10664411706856
Q8I4D3	-1.10664411706856
Q9XWY1	0.881745254026093
Q9XWX0	-4.57445530171257
A0A8S4QCK2	1.02387761681558
Q9XWY2	1.02387761681558
Q9XWW9	0.127035707084683
A5PEX3	-2.94048761966107
B1V8J2	-0.509818927863129
D9PTN9	-0.509818927863129
D9PTP0	-0.509818927863129
D9PTP1	-0.509818927863129
Q9XWX6	-0.509818927863129
Q9XWX7	-0.509818927863129
D0IN07	0.0976218193369634
D8FRP3	-0.521305359393394
Q9XWN8	-2.25569527310856
Q9U2G5	-1.29055512937901
Q9XWN7	-0.970631184682177
Q9XWN6	-0.0212721242776192
Q7YWQ8	0.807549544787122
Q9XWN3	-1.11446940170636
Q9XWN2	1.86567139029388
Q9XWN1	-3.04502401512538
H8ESF1	-3.04502401512538
Q9XWP1	0.341828955162219
H2L057	-0.519673185950366
A0A0K3AR60	-0.519673185950366
A0A0K3AUR6	-0.519673185950366
A0A0K3AX31	-0.519673185950366
Q8IAA7	-0.519673185950366
A0A0K3ARR4	0.427663100613118
Q95XZ6	0.427663100613118
A0A0K3AU30	0.184426221582841
Q95XZ5	0.184426221582841
O62452	0.0075344869259711
Q9XXE3	1.41181934109121
Q9XXE2	-0.495584690708004
Q9XXE0	-1.09255501896672
F3Y5Q0	-1.09255501896672
B1GRN5	-4.41974825168275
M1ZJ56	-4.41974825168275
G5ECT0	-1.43745012287232
G5ECR4	-1.43745012287232
A0A0K3AWP2	-0.105560518931371
A0A0K3ARC6	-0.105560518931371
Q9TXZ1	-0.105560518931371
G5EDV9	-0.924088328670069
Q9TXY8	1.83375954693886
Q6A573	-1.6643104413536
A0A8S4QBN9	-0.718996537137356
A0A8S4QCB9	-0.718996537137356
Q8ITV7	-0.718996537137356
Q8ITV6	-0.718996537137356
G4SR45	-0.876822784745746
H2L0N3	-0.876822784745746
Q965I4	-0.876822784745746
G4SR48	0.671320654858953
O76708	0.671320654858953
G5EEZ4	0.130084838910291
A0A061AJ76	-3.17476741817673
A0A061AKW2	-3.17476741817673
O62460	-3.17476741817673
O62461	1.23511848035855
O62455	-1.29540655645412
G5EE94	0.322049501344153
K8F7X2	0.322049501344153
K8ESB8	0.322049501344153
K8ESI6	0.322049501344153
A0A061ACS9	0.322049501344153
G5EBE2	0.322049501344153
G5EBY2	0.322049501344153
O62456	-0.0919063760245552
Q08I44	-0.0919063760245552
D3NQ95	-0.0919063760245552
D3NQ96	-0.0919063760245552
I2HAI7	-0.102826934323367
N1NTL8	-0.102826934323367
O62471	-0.102826934323367
G5EDA8	-0.586666181269368
G5EGA2	-0.586666181269368
G5EF70	-0.586666181269368
A0A8S4Q9N7	0.108108631152584
O62474	0.108108631152584
O62480	-0.107917910436534
D3NQ97	-0.107917910436534
O62481	0.916331894722627
Q2HQM1	0.916331894722627
O45946	-1.37927907780545
G5EC32	0.74978733810377
O62482	0.74978733810377
A0A4V0IL10	0.74978733810377
A0A4V0IMT6	0.74978733810377
G5EEB9	0.85990121079441
O45945	-2.01835599293062
O45947	-0.613831027635348
Q2HQM0	-0.613831027635348
S6FN25	-0.613831027635348
O45948	0.474502763454858
O62476	-1.12454746184298
O62477	-0.187627452582337
O62478	-0.187627452582337
O62479	0.361556526726827
G5EEK4	0.568259098705193
I7FW43	-0.371289583167383
Q9XWZ3	-0.371289583167383
Q3T978	-0.208175938306791
Q9XWZ2	-0.208175938306791
Q9XWZ1	0.557230163585807
Q9XWY8	0.150253903603793
Q9N4Y8	-0.0235357192737601
A0A0M9JJ80	1.81802082350752
Q966C0	1.81802082350752
Q9N4Y9	1.81802082350752
A0A0M7RE22	-0.314659053379998
Q9N4Z0	-0.314659053379998
Q9N4X7	-2.09464606320631
Q5CCJ0	-0.316209219427667
Q95X12	-0.316209219427667
A0A0M7RDX7	-0.479376968792713
Q9N4X8	-0.479376968792713
Q8WTM0	-1.62440913186988
H2L0K4	-1.62440913186988
A0A168HAV7	0.718835306621345
G5EEM0	0.718835306621345
Q86PI7	0.718835306621345
A0A163VU95	-1.11302835933985
A0A168HAZ2	-1.11302835933985
Q9GUI6	-1.11302835933985
Q9GUI8	1.10097684203026
Q9GUJ1	-0.953861831090411
A0A168HB31	0.719504924821379
Q9GUJ2	0.719504924821379
A0A164D3L1	0.585697592168932
Q95XJ5	0.585697592168932
A0A168HB71	1.6733280914642
A0A163UTM2	1.6733280914642
Q95XJ4	1.6733280914642
G4SRZ6	-1.97525384932738
A0A168HBA5	-1.97525384932738
H2L0Q4	-1.97525384932738
Q9GUI5	-1.97525384932738
Q9N4X2	-0.347062306654632
Q9N3W9	0.729482695124088
Q9N3W5	-1.46537068776976
Q9N3W1	0.146417292991376
A0A2C9C3D7	-0.851239675000372
U4PS59	-0.841552071529762
Q9N3V9	-2.49086369071781
Q9N4X0	2.74742314572666
Q9N4X1	-1.13965942566271
Q9N3V6	1.27991188123595
Q965N8	0.594626754533059
Q965N7	1.8163155785402
U4PM56	-1.50392164244439
A0A5S9MNQ7	-1.50392164244439
U4PBQ2	-1.50392164244439
U4PEK0	-1.50392164244439
U4PBC8	-1.50392164244439
U4PBQ5	-1.50392164244439
U4PBC3	-1.50392164244439
U4PRE9	-1.50392164244439
G4RQA5	-1.50392164244439
Q965N6	-1.50392164244439
Q9U2D8	-1.46547926565106
Q7K711	-1.46547926565106
H1UBJ3	-1.46547926565106
B7FAS5	-1.46547926565106
Q9U2F6	0.460364091108914
Q9U2F5	0.148326348503097
Q9U2F3	0.0218506523861398
Q9U2F2	-0.59545364923504
A5HWA5	0.478279947455372
Q9U2F1	0.478279947455372
G5EFG3	0.615085383095999
B4E3X6	0.615085383095999
K8ES01	0.16041922403315
Q9U2E9	1.32739820910478
G5EFP8	-0.210603588851652
Q9U2E2	1.87693228228983
Q8MPP4	1.87693228228983
P41991	0.434723068207298
Q9U2D9	-1.13525963010849
Q7YWP5	1.2879607547784
Q9U2G0	-0.0200967356592792
Q9U2G1	1.27146116088204
Q9U2F9	-0.605528694351161
Q9U2F8	1.67718275667828
Q9N4W8	-0.974556669699055
H2KZZ8	-0.974556669699055
P02514	0.522016321431232
P06581	0.522016321431232
Q21062	0.317532746835407
V6CLQ2	0.317532746835407
P06582	0.317532746835407
A0A0K3AVB2	0.43966932581978
E0DBK9	0.43966932581978
A0A0K3ASG4	-0.749174185551509
A0A0K3AW23	-0.749174185551509
O61397	-0.749174185551509
Q4W5T0	0.268269176709159
Q9N4W2	1.06043832172904
Q7KX43	-0.313827430743195
H2KZT0	-1.18595635868959
Q86PJ0	-1.18595635868959
Q966B9	-1.18595635868959
A0A0K3AW28	-4.01843675128479
Q966B8	-4.01843675128479
Q966B7	-2.92827745893893
Q9BKR2	0.425667187891917
Q9BKR3	-1.00508236300232
Q9U2D4	0.709140882400344
Q9NAH8	0.657545308839821
Q9NAH7	-0.46477643448154
Q9NAH6	-0.288002045035059
A7DTF3	-0.267442059270097
A7DTF2	-0.267442059270097
G2HK04	-0.267442059270097
Q95Q23	-0.267442059270097
Q9U2C7	-0.267442059270097
Q9U2D3	0.346600437434104
Q7YXC5	0.593442397537736
Q9NAH4	0.215569563461567
O61398	-0.61541970955161
Q5GMH7	-0.61541970955161
Q9U2C4	-0.61541970955161
Q9U2C3	0.358436638372037
B2FDA8	0.526285050104944
I2HAB3	0.526285050104944
Q9U2C1	0.526285050104944
Q9NAH3	-0.918395956893674
Q9U2C2	0.436111976447009
C7IVS4	0.554390813318469
Q9NAH1	0.554390813318469
H1UBJ5	-0.786303125108597
D0Z5N8	-0.786303125108597
Q7YWP7	-0.786303125108597
D0Z5N9	-0.786303125108597
F3Y5R5	-1.95622352388038
Q9U2D2	0.454698589353563
P34708	-0.87715631720498
Q95Q22	-0.87715631720498
Q9U2C0	-0.87715631720498
Q9XX03	1.67327461925194
O18153	-0.0685080712740384
Q10576	-0.0685080712740384
Q9U2B7	-0.426221661092299
Q9U2B9	-0.418389819140793
Q9XX02	-0.418389819140793
Q9XX04	-1.17432716509173
Q9XX05	-0.129972108268773
Q6EUT8	-0.0136424495526036
Q9XX01	-0.0136424495526036
Q9U2B8	-1.22485585817118
Q9XX00	0.0338704801366031
A0A5K1IBA7	-0.443795325402235
A0A5K1IAD3	-0.443795325402235
G5EDY3	0.383813369772876
G4SDH4	0.604574039616214
A0A168H3J9	0.604574039616214
G4SM24	0.604574039616214
Q95XZ2	0.604574039616214
A0A168HBC9	0.604574039616214
A0A168HBE9	0.604574039616214
Q3LFN0	-0.156953248670948
Q9N3V3	1.37645878947365
Q8WSZ7	1.02505908370231
Q9N3U9	1.02505908370231
Q9N4V3	0.0421620265751883
Q9N4V2	0.0421620265751883
A0A1N7SYS7	0.0675990059352645
Q86S75	0.0675990059352645
Q9N4V4	0.0675990059352645
Q9N3R4	0.773942005200353
Q9N3T5	-0.251779230081788
Q9N3T8	0.0954359197375987
G5ED39	-0.552719353515107
Q9N3T7	-1.09453211069956
Q9N3T6	1.05254468448371
A2A266	-1.22582858068472
Q9N3S8	-0.46361840305998
H2L0D7	0.275742043489183
H2L0D8	0.275742043489183
Q6AW09	0.275742043489183
A0A7R9SW65	0.275742043489183
Q8MXS9	0.0810203123971024
Q9N3S3	0.0810203123971024
Q9N3S4	0.0810203123971024
Q9BL81	0.393852109360409
Q8MXS8	1.39490202611934
A0A0K3ATS5	0.7487441496867
A0A0K3AQT9	0.7487441496867
A0A0K3AUC6	0.7487441496867
A0A0K3AWP8	0.7487441496867
H2L0D9	0.0700598518198744
Q9N3R7	0.0700598518198744
Q9N3R6	1.08003429021563
Q95XZ1	0.363406968457416
A0A8D9MZS8	0.595258941161761
Q4W5S1	0.595258941161761
Q4W5S0	0.725753117338018
Q9N3S2	0.333721204208653
Q9N3S5	-1.42023608205432
Q8IAA6	-1.42023608205432
Q9N3S7	-0.254363605071186
Q9N3S9	-0.111255988108475
Q6AW10	-0.111255988108475
Q9N3T2	0.489542447347054
Q9N3T3	0.325910055751898
Q9TZD6	1.07131366559668
Q9U2B6	0.756550032574627
Q9U2B5	-0.695343572350241
Q9U2B4	-1.08185736961282
G5EFH6	-0.190942620735512
Q9XWE2	-1.15885331564359
Q9XWD4	0.335556663107883
Q9XWD7	0.515906430058807
Q9XWD6	-0.389801194552164
Q0E7J9	-0.389801194552164
Q8T3A6	-0.389801194552164
Q8T3A7	-0.389801194552164
Q9XWE1	-0.323083836762754
Q25AR9	-0.323083836762754
Q9XWD5	-0.589003034710956
Q9U2B1	-0.593260843942831
Q9TYM6	-0.0774499833934608
Q86FN3	-1.21683067985751
Q8WR47	-0.0463122623705371
Q9XXD7	-0.0463122623705371
Q9XXD5	-0.889611270908846
G5EDA1	0.175990553225193
G5EFV3	0.175990553225193
A0A7R9SUN5	0.175990553225193
F3Y5Q7	-1.3417732848235
F3Y5Q5	-1.3417732848235
A0A1I6CM87	-1.3417732848235
Q9XXC7	-1.3417732848235
F3Y5Q3	-1.3417732848235
F3Y5Q4	-1.3417732848235
A0A1I6CM95	-1.3417732848235
A0A1I6CM84	-1.3417732848235
A0A1I6CM86	-1.3417732848235
A0A8S4QDB3	-1.3417732848235
A0A8S4QBZ3	-1.3417732848235
A0A8S4Q9K5	-1.3417732848235
A0A8S4QFE0	-1.3417732848235
A0A8S4QD83	-1.3417732848235
A0A8S4QBY0	-1.3417732848235
A0A8S4QBD3	-1.3417732848235
A0A8S4QCI7	-1.3417732848235
A0A8S4QGN0	-1.3417732848235
A0A8S4QB06	-1.3417732848235
Q9XXD4	-0.0218428817538559
Q9XXD2	0.287261030831373
Q6EUU0	-0.239317349653786
Q9XXD1	-0.239317349653786
A0A7R9SUL9	-0.239317349653786
Q9XXD0	-1.32126182818523
Q9XXC9	0.0299489765524855
Q9XXC8	-2.17487693419317
F3Y5Q6	-2.17487693419317
Q9XWK6	0.835213301176283
Q9XWK5	-0.0640921951242236
G5EGL5	-0.142055420731074
Q7YXC4	-0.142055420731074
Q9U2A9	-0.92364365475813
Q9U297	0.600204392058238
Q9U296	-0.968038217428885
Q9U294	0.514122732807304
G5EFV4	-0.622202293144252
Q9U2A8	-1.99508459121199
Q9U299	-0.283899731104703
Q9U298	-0.708050253757811
A8XMZ5	-0.399976109727854
Q9U2A6	-0.399976109727854
Q8I0Z7	-0.399976109727854
G5EDN1	0.931260177042718
O61459	-0.356501625173085
Q9U295	-0.356501625173085
G5EBH9	0.238815101908551
Q9NAG2	0.577539802001424
Q9NAG1	-0.213819864570111
A0A7R9XN21	-0.375163750761975
A0A7R9SV91	-0.375163750761975
A0A7R9SUI8	-0.375163750761975
Q9U290	-0.375163750761975
H1UBJ9	0.591188372451026
H1UBJ6	0.591188372451026
H1UBJ8	0.591188372451026
Q9NAF9	-0.0856621922160473
A5HWA6	0.120953087188272
A5HWA8	0.120953087188272
Q9BIE8	0.120953087188272
A5HWA9	-0.780332404487916
G2HK06	-0.780332404487916
Q9NAF8	-0.780332404487916
Q9U287	0.0767261092035802
Q9NAG5	0.0219377744928027
A0A7R9SUY9	-0.315389744078479
Q9NAG7	-0.315389744078479
A0A5S9MN21	-0.800142792099927
Q599F7	-0.800142792099927
Q8I0Z6	-0.800142792099927
Q8I0Z5	-0.800142792099927
Q9NAG4	-0.188139749125088
Q9U8K0	-0.188139749125088
B7FAS6	-0.842434684651091
B7FAS7	-0.842434684651091
Q86MI4	-0.345892667097226
Q9N4V0	-0.345892667097226
G5ED21	0.225838516141658
G5EDG7	0.225838516141658
O18195	0.6650300962941
G5EC71	-0.613621251806904
O18201	0.50428690717481
G5EF63	0.478930364837487
O18196	-0.15621845001615
Q9U285	-0.15621845001615
O18197	0.182449139031876
B7WNB1	0.182449139031876
B7WNB0	0.182449139031876
B7WNB2	0.182449139031876
O18199	-0.0576131386507778
O45950	-1.23085840096933
O18202	0.327318174515122
B7WNB3	0.327318174515122
G5EBV2	0.720144788001041
G5EC81	0.720144788001041
G5EBR6	0.720144788001041
A0A7R9SUM5	-0.45938683823505
O62483	-0.45938683823505
Q8I0Z3	0.170473562252491
Q8I0Z2	0.170473562252491
G5EF86	0.269703736737242
Q9U284	0.698915393378725
H2KML5	0.698915393378725
Q9U283	-1.20287789804689
H2KML7	0.851932856870128
H2KML6	0.851932856870128
Q7YWQ6	-0.431576851578494
Q9N3Q5	-1.06442543312968
Q9N3Q8	0.839930436628932
Q9N3Q9	-1.79567411972403
V6CKP0	0.821624145979423
Q965V4	0.821624145979423
A0SQM0	0.386157957332733
A9D1A1	0.386157957332733
Q9N3Q4	-1.06462909122806
V6CJ63	-1.06462909122806
V6CKB4	-1.06462909122806
Q688Z7	1.27997108839296
Q9N3P6	-0.322603161547102
Q9N3P1	-0.399616597287118
V6CJW9	0.355360928741616
V6CLB2	0.355360928741616
Q8IU06	0.355360928741616
G4SK50	0.804178849845489
Q2WF61	0.804178849845489
G5ECJ6	-0.577740274923358
V6CL68	-0.577740274923358
V6CL92	-0.577740274923358
V6CIR3	-0.322336727871607
Q9BL79	-0.322336727871607
Q9N3P2	-0.830190795451986
V6CL97	-1.79406041952518
V6CL71	-1.79406041952518
Q9BL76	-0.280554855771397
A0A8D7ZEM6	-0.280554855771397
W6RY72	-1.22905069261055
W6RS03	-1.22905069261055
W6RTM2	-1.22905069261055
W6SBJ0	-1.22905069261055
Q9BL11	-1.22905069261055
V6CKC3	-0.0495655734812681
V6CLQ3	-0.0495655734812681
V6CLP6	-0.0495655734812681
V6CLK2	-0.0495655734812681
V6CJ81	-0.0495655734812681
V6CKC7	0.28894858779916
V6CLQ7	0.28894858779916
Q9BL17	0.28894858779916
W6RR25	-1.20781200100986
Q9BL09	-1.20781200100986
Q8T874	0.139143138036145
Q7KX00	0.0818752113402737
V6CLP2	0.240704186128188
V6CLJ9	0.240704186128188
V6CJ77	0.240704186128188
Q9BL15	0.240704186128188
O76512	-0.305664771033452
Q9BL16	-0.305664771033452
Q9BL18	0.537466686446511
Q8WTK4	-0.826715950991486
Q9BL19	-0.826715950991486
W6RT88	-1.46195069464359
W6SB79	-1.46195069464359
G5EDF0	-1.46195069464359
Q9N3N6	-0.593468964927169
Q9N3M8	1.41589024610461
B3CJ34	0.344876169082056
Q9BL72	-1.47261204248388
A0A7R9SVK3	-1.47261204248388
Q9BL73	-0.622064189014191
H2KZ95	-0.737959194700234
Q7YZG5	-0.737959194700234
Q0KHC1	-0.679005619003149
G5EC25	0.430855151697389
Q9XW92	0.162684484279162
Q9XW93	0.856017168456705
Q9XW91	1.43094336744298
P52009	0.554302546803789
H2L0C9	-0.439266589583432
Q9XTT9	0.0223910502341553
C0P289	0.344042954884629
Q7JK70	0.344042954884629
Q9U280	0.344042954884629
Q9XTU6	0.0332591425780299
Q9XTU5	-0.948223903051836
E9P8A5	-0.948223903051836
Q9XTU3	0.151575958320847
Q9XTT4	0.459916962440429
Q9XTU9	0.901122563324428
Q9XTT3	-0.326242636503278
Q9XTU2	0.129191608504006
E1B6W2	0.129191608504006
Q9XTU1	0.0565755540611693
Q9XTT2	-1.18611724830849
Q8I0Z1	-1.18611724830849
Q9XTU0	0.313179852618418
Q966Q3	-1.57880084474306
Q9XTT8	-1.57880084474306
Q9XTU8	-1.68783464146676
H2L2K8	-0.988997726245393
P08898	-0.988997726245393
Q9TW44	-0.988997726245393
Q9U281	-0.988997726245393
A0A7R9SUL6	0.253649202180852
A0A7R9SUI7	0.253649202180852
A0A7R9SW78	0.253649202180852
A0A7R9SUM0	0.253649202180852
A0A7R9XND1	0.253649202180852
Q9N4U0	0.253649202180852
Q9N4U1	0.515366238267185
Q9N4U5	-0.0240053529659634
Q9N4U7	1.12798512763662
A0A8D9MUD6	1.08977964320856
Q9N4U6	1.08977964320856
Q9TYJ0	-0.337895138521611
Q9TYJ1	0.638097751267617
A0A7R9SUM3	-0.913545840997894
Q9UAZ1	-0.913545840997894
A1IMB8	-1.74323529567531
A0A0K3AV56	-1.74323529567531
A0A0K3AXG3	-1.74323529567531
A0A0K3AS42	-1.74323529567531
A0A0K3AUI1	-1.74323529567531
Q8MXU2	-1.74323529567531
Q9N4T7	0.955528724665632
Q9UB01	0.428219116953925
Q7YZG4	0.239161909398981
Q9UAZ9	0.239161909398981
V6CLQ0	-1.53734931271225
V6CLK7	-1.53734931271225
V6CJ84	-1.53734931271225
H2L027	-3.13177874088155
Q8ITV2	-3.13177874088155
Q9UAZ6	-0.493027470405069
Q9UB00	-1.6364795239644
Q7YZG3	-0.534865286257996
V6CKD2	-0.534865286257996
V6CM05	0.236578307373398
Q9N4T5	0.236578307373398
Q9N4T4	0.335185014056755
G4S703	0.440146689750348
Q95Y57	0.440146689750348
A0A0K3AT22	0.440146689750348
A0A0K3AVC2	0.440146689750348
U4PET7	-1.10108906606659
Q8WTM8	-0.13098359716833
G4S708	-0.13098359716833
A0A0K3ASH4	0.11314335154422
A0A0K3AW32	0.11314335154422
Q95Y58	0.11314335154422
Q7KX42	0.28824099146289
A0A0K3ARN9	-1.03092919054522
A0A0K3AV71	-1.03092919054522
A0A0K3AT27	-1.03092919054522
O16286	-1.03092919054522
A0A0K3AVC7	-2.5675046534213
Q9N4S9	-2.5675046534213
Q9N4T2	-0.709132084675159
H2L0C7	0.411937320947432
A0A0K3AW41	0.411937320947432
A0A0K3AYC9	0.411937320947432
A0A0K3AT36	0.411937320947432
A0A0K3AVD7	0.411937320947432
A0A0K3ASI4	0.411937320947432
G5EG53	0.411937320947432
A0A0K3AW48	-0.159490946782011
Q965Q9	-0.159490946782011
A0A0K3AYD4	0.377889077808745
A0A0K3AT40	0.377889077808745
Q867S3	0.377889077808745
Q965Q8	0.377889077808745
A0A0K3AVE2	0.973768889099213
Q965Q6	0.973768889099213
Q8IAA1	0.276858237680331
A0A6V7QYH4	0.62050110051863
A0A6V7QZG4	0.62050110051863
Q8IAA5	0.25266705775178
Q9N3L2	0.83897422126123
H2L0P0	-0.0339143507088569
Q9N3L4	-0.0339143507088569
Q8WTL6	-1.53008182479454
Q965T6	0.0234230616680665
Q9GV90	0.0234230616680665
O45218	-0.694150451169453
Q9N3K5	-0.100674289135362
A0A6V7QZF0	-0.100674289135362
Q965T4	-0.518643875807634
Q9NAF6	0.518249945748125
Q9U275	-1.18488634304377
Q9NAF4	-0.831966878024979
Q25AR8	0.165217015004831
Q9U277	0.165217015004831
Q8I4C9	0.165217015004831
Q9NAF3	-0.249421523277579
Q9XXQ6	-0.522843740125675
F3Y5P3	-0.522843740125675
Q9XXR5	-0.560964844947496
Q9XXQ5	0.0527191326732941
Q9XXR6	0.473938609223244
Q8I4C7	0.473938609223244
Q9XXR2	-0.417078888961098
F3Y5P4	0.0615811492827968
F3Y5P5	0.0615811492827968
Q9XXR1	0.0615811492827968
G5EEL3	0.00659878553361159
Q9GTD6	0.00659878553361159
Q9XXQ4	0.838344027241444
H7BRM6	-0.500581030656571
Q95V25	-0.500581030656571
Q95V26	-0.500581030656571
Q95V27	-0.500581030656571
Q9U268	-0.500581030656571
H8ESD6	-0.500581030656571
H7BRC9	-0.500581030656571
H7BRM3	-0.500581030656571
H8ESE4	-0.500581030656571
H7BRM4	-0.500581030656571
H8ESE5	-0.500581030656571
H7BRM5	-0.500581030656571
H8ESE2	-0.500581030656571
H8ESD8	-0.500581030656571
H8ESE3	-0.500581030656571
H7BRM7	-0.500581030656571
Q56VZ7	-1.70845033870304
Q9XXR4	-0.191782008838751
H2KMI9	-0.191782008838751
Q9XXC4	-0.82444545823716
Q9XXC0	0.937319955081467
X5MBH3	0.716617162401803
X5M5Q2	0.716617162401803
X5MD76	0.716617162401803
X5MK34	0.716617162401803
Q8WTK0	0.716617162401803
Q4W5H0	-0.548662308570609
X5ML89	0.19988884107816
X5MBH0	0.19988884107816
Q8WTJ8	0.19988884107816
X5M5P7	0.482551253301025
Q8WTJ9	0.482551253301025
Q8WTK1	-0.776403704938544
B5D5N6	-0.776403704938544
X5MK26	-0.776403704938544
X5ML92	-0.776403704938544
X5MD71	-0.776403704938544
A7DY68	0.503048972077486
Q8WTK2	0.503048972077486
Q8TA47	-0.327629355442216
K8ESM7	-0.291326297004533
K8F804	-0.291326297004533
K8ESG4	-0.291326297004533
K8ERZ0	-0.291326297004533
K8FE08	-0.291326297004533
Q9XWJ5	-1.28985378196913
Q9XWJ6	-1.28985378196913
Q9XWJ8	1.13645138529198
Q9U266	1.72303768028101
B7FAS0	-0.865763875351556
B7FAS1	-0.865763875351556
Q9NAE5	0.548852218224072
Q9U263	0.0744072045805195
Q2HQJ8	0.0440418963039332
Q9NAD6	0.342199357620787
A5HWB4	0.342199357620787
Q29TW4	0.342199357620787
A0A077LSK8	-0.219083132046819
Q7K6V2	0.846463245176694
A0A078BPF3	0.846463245176694
G5EF41	0.846463245176694
A0A078BS31	0.846463245176694
Q22038	-0.714861008254554
Q9NAE4	1.54963931393701
Q9NAE3	0.242253363889024
Q9NAE2	-0.167015937034185
Q9NAE1	0.759704063588196
Q9N3J6	0.530522659678724
Q9N3J7	-0.00221492262136675
H2L0E8	-2.08035498659642
F8WU11	-2.08035498659642
Q95XY4	0.85212253142453
Q9N3I5	-2.74442215763577
E0DBL0	0.823115190201947
Q95XZ0	0.528090348780649
Q3V5K1	0.528090348780649
Q95XY9	0.528090348780649
Q9N3J4	1.20134886432745
Q9U255	-0.437731677411318
G8JLX0	1.3304594207989
G2HJZ4	0.536402452431247
Q7K779	0.0977945969604579
Q9XWF4	0.0977945969604579
I2HAH3	0.568388065808945
Q7Z1J7	-1.44455923233783
Q9XWF1	-1.44455923233783
A0A7R9SUJ3	-1.44455923233783
Q9U254	-0.0585838269214439
Q9XWF2	0.0542940873189383
D4YWC2	0.114729689490171
G5ECN5	-1.7571134856004
Q9N3H6	-0.0878556662952154
Q9N3H9	-0.570671890102184
G5EFT5	0.131817930967857
Q6Q4G5	0.131817930967857
Q9XW53	0.593937385921286
Q9XW52	-0.477370482392077
Q9XW51	0.5409029126746
A5HWA4	0.5409029126746
O18209	-0.519806033369028
B7WNB4	-0.0827918459530408
O18210	-1.25834857097637
O18212	-1.08740480768708
O18211	0.397292741995623
O18215	0.653479714085467
O18216	0.209917564654498
A0A7R9XMZ3	-0.456690719891296
A0A7R9XLP7	-0.456690719891296
A0A7R9XN27	-0.456690719891296
O62486	-0.456690719891296
O18217	-0.456690719891296
O18218	-0.456690719891296
O18213	0.209364615672603
Q7YWN6	-0.111938561741073
O01996	1.02663378023984
Q9NAC7	-3.19076887164893
U4PLX3	-1.01851194415117
Q9NAB9	-1.01851194415117
H8ESH8	0.00196634259373391
H8ESH9	0.00196634259373391
H8ESI0	0.00196634259373391
H8ESI1	0.00196634259373391
Q9NAA5	0.00196634259373391
Q9NAA4	0.407557900870763
H8ESH7	0.407557900870763
G5EDK1	0.451262310278802
Q9NAB7	0.0456767171965493
Q9NAC6	-0.575004340742872
Q9NA99	0.462130989136779
U4PR70	0.0315722307591469
Q9NA98	0.0315722307591469
Q9NA93	-2.247864966133
Q599F6	-2.247864966133
Q9NAB5	0.123785157351209
Q9NAB4	-0.416323726856034
Q9NAC5	0.0389594219298816
Q9NAB3	-0.615527501978326
Q9NAB2	-0.52987134088274
Q9NAB1	0.234226352102654
Q9NAB0	-1.90682215026826
Q9NAA9	-4.99164152552417
Q9NA95	-2.93030731152418
Q95Q18	-0.940917876944062
A5PEY5	-0.940917876944062
U4PB26	-2.31940590749329
Q9NAA7	-2.31940590749329
Q9NAA8	-2.31940590749329
Q2MDF2	-0.503934695480084
D2N114	0.138335627399852
G4SLQ7	0.825825294112526
Q9N3H4	0.825825294112526
Q9N3H3	-0.0883545297078743
Q9N3H1	0.502167079292163
A0A8D9J776	-0.261364554608503
Q9N3G8	-0.261364554608503
A0A7R9XLQ2	-0.0113240978187762
A0A8D9N0J4	-0.0113240978187762
Q9BL70	-0.0113240978187762
Q9N3F6	0.608727891642037
Q8IAA4	0.608727891642037
H2L0Q6	-1.10393025685128
Q9N3F8	-1.10393025685128
Q9N3F9	-0.655424948297491
Q9N3G0	0.629516551346545
Q9N3G2	0.0565801482030687
Q7YZM9	0.0565801482030687
A0A7R9XN32	-1.01717108655252
Q9N3G1	-1.01717108655252
Q9N3F7	-0.291735561477591
Q9N4S0	-0.554962612886142
Q9N4S3	0.314070755082251
A3KFD2	-0.208633736739291
G4S7C7	-0.208633736739291
A8XQ35	0.376813788594623
Q9U252	0.376813788594623
B1V8K3	0.274357392124546
B1V8K4	0.274357392124546
F3Y5S2	-3.16542246703587
F3Y5S3	-3.16542246703587
Q5ZEP9	-3.16542246703587
G5EDV7	0.351060992761276
Q9NA91	0.494834083501881
Q56VY0	0.494834083501881
G5EBN5	-0.672173900674248
H8ESG1	-0.672173900674248
Q9N3F0	0.352253259758549
Q65XX2	-0.000442807053848406
A0A6V7QYG0	1.28706290481131
Q9N3E8	1.28706290481131
A0A6V7QZA6	0.485547125328889
Q9N3E5	0.485547125328889
Q86S68	-2.35150862276147
Q9N3E2	-0.208605282332802
A0A2C9C360	-0.364010169309251
Q8WTL3	-0.364010169309251
G5EE66	0.722458288994125
G5EES9	-1.51025672572579
A0A0K3ATT1	2.06540817498351
A0A0K3AQU4	2.06540817498351
Q95XX9	2.06540817498351
G5EBS6	2.06540817498351
Q9N3F1	-0.230797060101519
Q9N3F2	0.170540372142603
Q9N3F3	1.42261329715152
Q65XX1	-0.000573424575502475
Q95XY1	-0.000573424575502475
Q9N3F4	-0.000573424575502475
Q9N3D8	-1.12953172704888
Q9N3E0	-1.18119654002138
Q9N3D9	0.576820425758774
Q10664	-1.46951375110287
G4SNP0	-0.706989496422745
Q9N3C5	-0.706989496422745
Q9N3C8	1.75517769933173
Q9N3D1	0.176610162773236
Q9N3D3	-0.247621731881505
Q9N3D0	-0.267326007392356
Q9N3C9	0.797366284835741
Q963F3	-0.9220931933043
Q9N3C7	-0.9220931933043
Q9N3C6	-1.78701720278374
G5EDR6	1.34105578303695
Q9XWI3	-0.35380013557704
Q7K785	-0.2110412124877
Q9XWI6	-0.2110412124877
U4PB10	0.832081632367845
Q9XWI2	0.832081632367845
Q9XWJ1	1.67014462980656
G5ECG0	0.930105750391429
U4PQS1	0.463886531127295
U4PDW0	0.463886531127295
Q9XWI1	0.463886531127295
U4PAM0	-0.0196685021897793
Q9XWI7	-0.0196685021897793
G5EC63	-0.862215006044333
Q9XWK0	0.599209207837369
Q9XWK3	0.535241378018331
Q9XWK2	-0.302517741020383
Q9XWJ9	-0.150014546832831
Q9XWK4	0.636302484955782
F3Y5R0	0.636302484955782
F3Y5R1	0.636302484955782
F3Y5R2	0.636302484955782
A0A8D9MH54	0.636302484955782
G5EDT3	-0.530342301389147
F5GUF9	-0.530342301389147
F5GUG0	-0.530342301389147
G5EG37	-0.530342301389147
Q95Q16	0.3929628393008
A0A7R9SVH9	0.3929628393008
Q17330	0.3929628393008
Q9XWF8	0.3929628393008
Q9XWF9	-0.193291371872952
Q95Q17	0.813289385175042
Q9XWF7	0.813289385175042
Q9XWF6	0.961769777206727
H2KZK9	-1.5759917513085
Q9BL66	-1.5759917513085
Q1T6W7	-0.303218500222218
Q9BL69	-0.303218500222218
Q9BL68	-0.303218500222218
Q9BL05	1.07779555139138
Q8IA98	-0.163686457520812
Q9BL01	-0.163686457520812
Q9BKZ9	-0.546181880295344
A0A0K3ARY0	-0.546181880295344
H2L0Q7	-0.546181880295344
H2L0Q8	-0.546181880295344
Q8WQE2	-0.546181880295344
Q9BL02	-0.130238454131323
Q9BL03	0.313036387434684
Q9BL06	-0.789603185230835
Q9BL07	-0.0685267142046656
Q965T2	-0.492917598569366
Q9N3C2	0.0231089635309515
Q95XK4	0.691693886598115
Q95XK9	-1.02414509263442
Q95XK6	0.900683980412277
Q95XK5	1.13347844515899
G5EBY6	-0.735559776471235
Q4W5Q7	0.738075931776818
G5EGT7	0.174303226462795
A0A679L8Y5	0.900818667413957
A0A679L8J5	-1.25579342666877
Q95XL3	0.922875670276848
Q95XL0	0.821799353159619
Q9XVZ7	0.666584411729551
A5PEX5	0.309286489225586
Q9U245	0.309286489225586
Q9XVZ8	0.769152106290035
U4PE16	0.687248698884404
Q8MYL7	0.687248698884404
C0Z3L6	-0.169562611095994
Q9XW03	-0.327439085897088
Q9XVZ6	-1.02170233465598
Q9XW02	0.71586972671177
O18192	-0.35720243712618
Q27487	-0.35720243712618
Q9XVZ5	-0.35720243712618
O18193	0.263842493661676
O61235	0.263842493661676
Q9XVZ4	0.263842493661676
Q9XW01	-0.501038704553428
Q9XW00	0.1381719763085
Q7K742	0.1381719763085
Q9XVZ9	-0.00356230180895496
G5EGR5	-0.0751405251418191
G5EF76	-1.39944058635582
Q95XX7	-1.62772353239732
Q86FN9	-1.62772353239732
Q95XX8	-0.940781063921584
Q86FN8	-0.940781063921584
A5A8P6	1.95586992409596
Q9N3B9	-0.594680158860365
Q8WTL1	-1.24159353542436
Q95XX1	-1.24159353542436
G5EBI0	-1.50556621181737
Q9BMU4	-0.259471055136507
Q688Z6	-0.259471055136507
U4PLG5	-0.259471055136507
U4PQS6	-0.259471055136507
Q9N3B1	-2.86552037497826
Q9N3B0	0.33210360684821
G5ECX2	-0.855456447988061
A5JVN7	-0.855456447988061
H2L0R2	-0.855456447988061
Q9N3A3	-0.447601779542967
Q86FN6	-0.447601779542967
U4PDX1	-0.447601779542967
Q9N397	-1.10303357709118
H2L0R3	1.67695952304095
Q95XW9	1.67695952304095
Q95XX0	-0.875819329751293
Q95XX6	-0.108856833636319
Q8WTL2	-0.851481999986123
U4PLH7	-0.640611166885967
Q8MXS7	-0.640611166885967
Q7Z073	-1.45960983553982
Q60F71	0.334281966596294
Q95XX5	0.334281966596294
Q9N3A9	0.973100295793919
Q4R169	-0.096102754507733
Q4R165	-0.379096151632705
U4PQT8	-0.379096151632705
U4PDX5	-0.379096151632705
U4PAN8	-1.1567222443371
Q4R160	-1.1567222443371
Q4R159	0.649408053851706
A5A8P7	-0.64949502867725
U4PAM5	-0.493104322136803
Q95XX2	-0.493104322136803
U4PB15	-0.326016686996655
L8E6I4	-0.0168050664197455
U4PQU2	0.30189723732856
Q9XWG9	-0.984143897946807
B7FAS2	-0.984143897946807
G5EE44	-0.984143897946807
Q9XWH0	-2.76203541347008
G5EC67	0.335851388200494
Q8I4C6	-0.573392742459624
Q9N393	-0.286732989071905
Q9BL64	-0.16933908476686
Q9N394	0.864443648600803
Q9N392	0.881863137666062
Q9N390	-0.16338974704016
H2KY86	-1.34366584553868
Q65XX0	-1.34366584553868
Q21057	-0.914516480062941
Q9N384	-0.914516480062941
Q7YZG7	0.218405348559087
A0A679L8V4	0.218405348559087
A0A679L8R8	0.218405348559087
H2L0M2	0.218405348559087
A0A0K3AU90	-0.717108293081371
Q9N381	-0.717108293081371
G5EF60	-0.758516861103099
H2L0R4	-0.758516861103099
H2L0R5	-0.758516861103099
Q95XW7	-3.0173138848453
Q95XW8	0.478112493505625
Q95XW5	0.084019233576101
A0A0K3ARD8	-0.354237187625541
A0A0K3AUX9	-0.354237187625541
A0A0K3AX96	-0.354237187625541
A0A0K3ARY5	-0.354237187625541
A0A0K3AU96	-0.354237187625541
A0A0K3ARE2	-0.354237187625541
Q4W5R8	-0.354237187625541
Q968Z0	0.105432030862693
Q7Z2B3	0.105432030862693
Q9GUH8	-1.58661636266184
A0A0K3AUY1	-0.244728632878258
A0A0K3AXA0	-0.244728632878258
A0A0K3ARZ1	-0.244728632878258
A0A0K3AUA1	-0.244728632878258
A0A0K3ARE8	-0.244728632878258
B5QS63	-0.244728632878258
O16131	-0.244728632878258
Q968Y9	-0.244728632878258
Q7KWZ4	1.45679169595486
G5EET6	-0.646279454561088
D4YWC5	-0.646279454561088
G5EBY7	-0.646279454561088
Q9XWG7	-0.646279454561088
Q9U244	0.393136863514142
Q9XWG6	0.393136863514142
Q95Q15	0.393136863514142
Q8TA58	-0.162212717143869
U4PRY7	-0.162212717143869
U4PF39	-0.162212717143869
U4PBW0	-0.162212717143869
U4PC90	-0.162212717143869
U4PMN2	-0.162212717143869
G4SL42	-0.162212717143869
Q3V5K0	-0.162212717143869
Q9N361	-0.365041674432383
Q9N366	-3.68622822374079
Q9N365	-1.24774123302646
Q9N363	0.427629923077986
Q9N362	-0.527022327704188
Q9N359	0.644305049859407
Q8MXS6	-0.335069327825614
Q9N368	-0.335069327825614
U4PRD2	0.789954518189104
Q9N369	0.789954518189104
Q9N372	0.187017600536877
H2L0R6	0.639832119510696
Q9N373	0.639832119510696
U4PEI2	1.26903158637034
U4PBA8	1.26903158637034
U4PBN9	1.26903158637034
U4PM44	1.26903158637034
A0A7R9SV07	1.26903158637034
A0A7R9SUP3	1.26903158637034
U4PRD7	-0.661598642860694
Q9N371	-0.661598642860694
U4PEI7	-0.635687423159438
Q9N370	-0.635687423159438
Q9N356	0.381680025793717
Q9N357	-0.200234361504107
U4PBK9	-0.273696030260325
Q9N358	-0.273696030260325
C0VXV6	-1.92400140183376
U4PCA8	1.21137464374479
U4PS08	1.21137464374479
C0VXV7	1.12321200605716
Q9N341	-2.28322720353657
A0A9S0	1.30522576853501
A0A9S1	0.302649101334842
U4PMC3	-1.46768481377642
U4PRM5	-1.46768481377642
U4PER8	-1.46768481377642
U4PBX0	0.76604433097005
Q9N352	0.76604433097005
U4PMC7	0.76604433097005
Q9N350	-0.664061299744062
A0A1I6CMC9	-0.664061299744062
H2KZB2	0.384603041634496
Q5W7E5	0.384603041634496
U4PLR3	-0.738394587133481
U4PR20	-0.738394587133481
U4PE60	-0.738394587133481
U4PAX5	-0.738394587133481
U4PBB7	-0.738394587133481
Q95XV8	-0.738394587133481
Q95XW3	-0.696735975506325
H2L015	-0.696735975506325
Q4R156	-2.94835619437375
U4PLS1	-2.94835619437375
Q9TYW1	-0.513618796631492
G5EFX8	0.0430957876669489
Q0PDJ7	0.0430957876669489
Q9U219	0.0372195015491567
Q9U218	1.98322634367984
Q8I4C5	0.595204654842403
Q9U216	0.595204654842403
Q9U217	0.595204654842403
O76463	-1.14440903779563
Q9U232	-0.0715097110738537
Q9U231	0.137700310609166
G2HK08	0.341009719095184
G2HK09	0.341009719095184
Q7K6X4	0.651084112927833
Q9U239	-0.684512983868195
Q9U241	-0.354452750238019
Q9U227	-0.0786370933646922
Q17345	-0.333378204320592
Q9U238	-0.763168807431643
Q9U236	-0.309067725684298
Q9U237	-0.309067725684298
O61660	0.171744699641408
Q9U223	0.171744699641408
Q9U235	0.32942460526267
Q9U221	-0.540319909847842
H8ESG8	-0.540319909847842
H8ESG9	-0.540319909847842
Q95Q13	-0.540319909847842
Q9U228	0.684837499714606
Q9U234	0.00994794417351014
A0A1C3NSJ2	0.290782765756058
Q9U230	0.290782765756058
A0A1C3NSQ4	0.290782765756058
K8ESD4	-1.09369811859083
Q8HJ11	-1.09369811859083
Q9U229	-1.09369811859083
Q9N5W0	-1.72829306729594
Q9U220	-1.72829306729594
Q56VX7	0.0730566571558031
C0Z3M2	0.216984975103183
Q9U226	0.216984975103183
Q9U225	0.0810771772360151
A7DTF5	-0.89279850769374
Q9U222	-0.89279850769374
Q9NA75	-1.65840941813885
Q9NA69	0.220581842250155
A0A6J5KK84	0.548282618572066
A0A6J5KJM3	0.548282618572066
Q9U208	0.947730856359956
Q9NA81	0.0137592450240992
G2HK03	-0.549212745721727
G2HK02	-0.549212745721727
A5PEX6	-0.549212745721727
K8ESL3	-0.549212745721727
Q9U207	-0.549212745721727
Q9U213	-0.372357494975591
Q9U214	0.369642128543413
Q9NA80	-1.63984207550483
Q9NA78	0.489519102960819
Q9NA76	0.351684009514139
Q9NA74	-0.0165828861414872
Q9U210	-0.472990535579245
Q9NA73	-3.53209790880754
Q9NA72	0.0180802878538158
P56570	0.383599526815186
Q9NIF2	0.383599526815186
Q9NA71	-1.53126224510184
Q7YWQ1	2.19955806203136
Q9NA88	2.70766071621828
Q9NA87	1.9704665012875
Q9NA84	-0.787501407679449
Q9XWI0	-0.293520054543479
Q9XWH8	-0.0750499760404414
G5EFU1	1.64650844826487
G5EDP2	-0.171568085666717
H2KZT9	0.114382345093215
Q95XV3	0.114382345093215
O18534	-0.0962691556461156
Q9N337	-0.0962691556461156
Q9N336	0.528868302855867
Q965T1	0.622633037422352
G4SSJ0	-3.28036276378373
Q3V5K6	-3.28036276378373
E2S7J2	-0.257827259918136
O18221	-0.502870259462732
Q86CZ7	-0.502870259462732
H2L2L0	-0.502870259462732
H2L2L1	-0.502870259462732
A0A061AD47	-0.502870259462732
A0A061AE99	-0.502870259462732
O18222	0.348085892101687
O18219	1.92277414174853
O18225	1.20234234538301
F5GUJ0	1.20234234538301
Q7YWP1	0.436936690413931
B3GWE1	0.639345057562755
K8ESJ6	0.639345057562755
G5EBR1	-0.169472875499093
Q2V4S2	-0.169472875499093
E9P8A8	-0.169472875499093
O18235	-0.34817723818088
A5Z2X2	0.383852747914095
O18236	1.14417350122684
G5EDC6	-0.786227958213044
O18239	-0.446913868838524
G3MU88	-0.446913868838524
O18240	-0.282875105317863
O18241	0.334998082957481
O18246	-0.300320783415541
Q7YTG1	-1.10320384545495
Q7YTG2	-1.10320384545495
G5ED33	-1.10320384545495
G5EFE0	-1.10320384545495
A0A061ACP8	-1.10320384545495
A0A061ADW6	-1.10320384545495
A0A061ACM2	-1.10320384545495
A0A061AJ42	-1.10320384545495
A0A061AKT4	-1.10320384545495
A0A4V6M3U0	-1.10320384545495
A0A4V0IJW4	-1.10320384545495
O18250	-1.10320384545495
O18229	0.128859052536231
Q2EEL9	0.128859052536231
O18253	-1.68032529933539
Q9U205	0.357973495993655
Q9U204	0.955414795146587
H2L2L2	0.955414795146587
Q95Q11	0.931790333449763
Q8I4C4	0.302346976999251
H2L2L3	-0.956443535485382
Q8I4C3	-0.956443535485382
A0A061ACQ2	-0.246626034541781
Q8I4C2	-0.246626034541781
Q7YTI8	-0.493032367191078
O18230	0.0680085430894603
Q7YTI5	-1.17374092577972
H9G363	-1.17374092577972
A0A061ADX1	-1.17374092577972
H9G364	-1.17374092577972
Q7YTI4	0.266443185979339
Q7YTI3	-2.04571031522468
F5GUJ1	-2.04571031522468
F5GUJ2	-2.04571031522468
C6KRQ3	-0.131931338633521
Q7YTI2	-0.131931338633521
H2FLM4	-0.131931338633521
Q7YTI1	-0.0939569675564761
Q7YTI0	0.93040269501218
O18231	0.566652630702361
D3YTA3	0.566652630702361
G3MU87	0.566652630702361
Q5WRK9	0.141789088948571
O18232	1.30086174813441
K8FDY2	-0.0875522197799742
Q95Q12	-0.0875522197799742
Q9U202	-0.0875522197799742
Q9U203	-0.0875522197799742
O76628	-1.65647957649654
O76630	0.407502188552119
Q95X26	-0.435313263782938
D6RYD3	-0.452264185496924
Q966A8	-0.452264185496924
Q966A7	-0.343968015419259
Q966A6	-1.12111460893278
Q966A5	-0.769386981131525
Q966A4	0.983319852594728
Q966A3	-3.54801407099882
Q9N4R6	-0.475470122956169
H2KZY4	-0.144507002851401
Q6F3C9	-0.144507002851401
Q4R173	0.552079132995767
Q9GS00	-1.34613414738499
Q9GRZ5	0.0859458025556689
Q9GRZ9	-0.00880453772767166
Q9GRZ3	-0.788929608727116
Q9GRY9	-0.0407067080981597
E0R7K7	-0.0407067080981597
E0R7K8	-0.0407067080981597
A0A4V0ILI5	-0.0407067080981597
L8E967	0.55572346012179
A0A4V0IJX0	0.55572346012179
Q9NEQ6	0.55572346012179
Q9NEQ5	0.0882995222893101
G5EES7	1.30142625550867
G5EGA8	1.30142625550867
Q9GN62	1.30142625550867
Q9Y0C1	1.30142625550867
G5EGH7	0.504639737030388
A0A4V0IJT1	0.000866937636624279
Q9GRY3	0.000866937636624279
D9PTP5	-0.764397267569229
D9PTP6	-0.764397267569229
D9PTP7	-0.764397267569229
D9PTP8	-0.764397267569229
G5EEN4	-0.0849813783214043
B5QSI7	-0.0849813783214043
F9UKV1	-0.0849813783214043
Q1RPT8	0.191588364642511
Q9GRZ2	0.30427353798443
Q9GRZ1	-1.37392731284834
Q9NEQ8	0.212109002112695
Q9TZC6	-0.012184745777104
A0A7R9XMY7	-1.30123706984975
G4S574	-1.30123706984975
Q9TZC7	-1.30123706984975
O16583	-1.30123706984975
G4SK62	-0.633208331668001
Q3V5H3	-0.633208331668001
Q968Z2	0.776186143569401
Q9TXM9	0.776186143569401
D6RYE4	0.274485372672543
G5EEU1	0.430580545006804
Q59E83	-0.3823888677277
Q9N324	-0.3823888677277
Q86FP2	-0.900399948303128
Q9N323	-0.900399948303128
Q9N321	-1.1293182041049
P55955	-0.048791424540845
Q9XWL2	-0.048791424540845
Q9XWL1	-2.47741871045009
Q9XWL0	0.0524181536437405
A0A0M7RER3	-0.695863528854218
Q966A0	-0.695863528854218
Q9XYB8	0.216798800873996
Q6F3C8	0.216798800873996
Q9N4Q7	0.216798800873996
Q9N4Q5	-1.02702264585589
Q23023	-0.746363254233713
Q9U1Y6	-2.34712010643957
B1V8K6	-0.00740310093547817
G5EEN1	-0.00740310093547817
G5ECI8	-0.00740310093547817
Q9U1Z2	-1.75516202863748
Q9U1Y9	1.82585402354918
A5PEX8	-0.993455142017323
B1GRN9	-0.993455142017323
Q9U1Y7	-0.993455142017323
Q9U1Y8	-0.993455142017323
D3NQB2	-1.05908472329341
Q8I4C1	-1.05908472329341
Q5ZEQ0	0.00940400800493364
Q56VX9	-2.49613152294107
Q9U1Z9	-0.127152314892408
Q9U1Z6	0.928342605954756
Q9U1Z5	-0.802999975345029
Q9U1Z4	-0.525358210776406
Q9UAZ5	0.409263477417586
E3CTH1	3.05509769148632
A0A2I2LG59	1.99854066486056
A0A1X7RBP0	0.775497073495895
Q9N309	0.775497073495895
Q9N306	-0.194573894321484
H2L073	-1.94603338791904
B1GRJ8	-1.94603338791904
Q7KX06	0.448696147456229
Q8MXS5	0.320642246619151
A0A1X7RBU1	0.320642246619151
A0A1X7RBQ5	0.320642246619151
A0A1X7RCX1	0.320642246619151
H2L071	0.320642246619151
A0A4V0IN13	-0.00359508137931932
Q95XU6	-0.00359508137931932
G5EEL4	-0.781574224692388
O45967	2.03432091786747
Q9U1X9	-1.3282941904187
Q9U1X6	0.378466803572676
Q0KHC0	0.391309132089199
A0A061AIX6	0.254559947021354
Q9U1W8	0.254559947021354
D3NQB6	-1.22862606781071
A0A061AKN1	-1.22862606781071
A0A061ACK7	-1.22862606781071
A0A061ADS3	-1.22862606781071
A0A061ACH4	-1.22862606781071
Q95Q10	-1.22862606781071
Q9U1W6	-1.22862606781071
Q9U1W7	-1.22862606781071
Q9U1W5	-0.379162596590318
G2HK15	-0.825830706572863
Q9U1W4	-0.825830706572863
Q7YTH6	-0.711595732630297
A0A2K5ATW7	1.31243004709422
Q2HQK3	-0.402247834949642
D5SGZ9	-0.486769832725649
Q9U1X8	0.490399533274916
Q9U1Y0	-0.620828516317672
Q2HQK2	-0.620828516317672
Q9U1X0	0.130970462200813
Q9U1X7	-0.727037551634468
E6N0W2	-0.727037551634468
I7FN72	0.394119357581725
Q9U1W9	0.394119357581725
Q9U1W2	0.240641058806887
Q9U1W3	0.240641058806887
A9IHM9	-0.333657525278828
Q8T3A5	-0.00457139731200449
Q9XWS5	-1.00204446632085
Q9XWS7	-0.132068473380824
A0A4V0IL95	3.66018735020471
G5ED19	3.66018735020471
E3CTH8	-0.77770605163006
A2VA01	-0.77770605163006
A0A4V0IKQ5	0.644800776306043
Q9NA67	-3.17789264536729
Q9XWG3	-0.144760177535375
Q9U1W1	5.35990638755859e-05
Q9U1V9	0.414703817991701
Q9U1W0	0.414703817991701
Q9XWG2	1.0252105056394
G5EF48	0.809083576260866
Q9NA64	-1.12944156563529
G5EFX3	-0.409924505596999
G5ECL0	-0.409924505596999
A0A061AKU0	-0.409924505596999
N1NVB8	-0.409924505596999
N1NTK8	-0.409924505596999
Q7YWP3	-0.340040205650395
Q95Y56	0.183291842876819
A0A078BQM0	0.48643133189617
Q9XTW5	0.48643133189617
Q9BL57	0.577591622411767
V6CLX0	0.0739800553012684
V6CLS8	0.0739800553012684
Q9BL59	0.0739800553012684
Q9BL60	0.008567999734403
V6CJF0	-0.401285476427403
Q9BL61	-0.401285476427403
Q9BL56	-0.0853784473123778
Q9N300	3.1037636213578
V6CLC9	0.184289035126113
Q9N303	0.184289035126113
V6CLI5	-0.714348480169727
V6CK48	-0.714348480169727
Q9N302	-0.714348480169727
V6CLH3	-1.6386717480828
Q95XU4	-1.6386717480828
A0A7R9XMR0	-1.6386717480828
H1ZUX7	0.649855837113154
Q9N2Z4	0.0122051887570753
V6CLX5	-2.69613442739374
V6CJJ4	-2.69613442739374
V6CKQ7	-2.69613442739374
B6DX32	-2.69613442739374
B6DX33	-2.69613442739374
G5EEP5	-2.69613442739374
Q9N2Z6	0.0213139770413454
V6CLY4	-0.488562798605286
V6CJJ8	-0.488562798605286
Q95XU3	-0.488562798605286
Q9N2Z7	-0.488562798605286
Q86S66	-0.8791928059085
Q9N2Z8	-0.8791928059085
Q9N2Z3	-0.0535646344027874
H2L083	-0.0535646344027874
Q9BL54	0.765187510515072
G5EF59	1.52870719673777
G2HK18	1.52870719673777
Q7K6J1	0.921604467421721
O45293	0.107763443010409
G5EDQ7	-0.575963981856572
Q56VZ6	0.228989982028884
Q95Q05	0.140691472939021
Q95Q03	0.381450746101089
Q9BI47	-1.58224039276417
Q95Q02	0.532502467912934
Q95PZ4	0.524367264453787
Q95Q00	-0.209130152704744
Q95PJ8	0.84253992734344
Q9Y0V6	-0.155364577584467
Q95PZ8	0.923900606715979
Q95PZ5	0.222272069098981
Q95Q08	0.358526434887919
Q9BI40	1.91939846051471
Q95Q06	0.391785323248293
G2HK16	0.391785323248293
G2HK17	0.391785323248293
A0A8S4SQL6	0.973484347322671
Q95PZ7	0.973484347322671
U4PF58	-0.127913602751862
Q9TYJ7	-0.127913602751862
Q9TYJ8	-0.629603391677539
Q9TYK1	0.208560838068759
Q9TYK0	-0.638248345794691
H2L0I7	-0.218945118938346
U4PBY2	-0.218945118938346
D0IMZ5	-0.534703328487258
Q9TYW4	-0.534703328487258
D0IMZ7	-0.534703328487258
D0IMZ8	-0.534703328487258
U4PM01	-0.534703328487258
U4PR92	-0.534703328487258
U4PEE3	-0.534703328487258
U4PB53	-0.534703328487258
U4PBJ9	-0.534703328487258
U4PM04	-0.534703328487258
U4PR97	-0.534703328487258
U4PEE8	-0.534703328487258
U4PB58	-0.534703328487258
U4PBK4	-0.534703328487258
U4PM09	-0.534703328487258
U4PRA0	-0.534703328487258
U4PEF1	-0.534703328487258
D0IMZ6	-0.534703328487258
Q9Y194	0.352118732654543
Q7YWN3	-0.986992156710884
Q9U1V5	-0.659840592101619
H1UBK5	0.621932349995938
H1UBK4	0.621932349995938
H1UBK3	0.621932349995938
A0A061ADP1	0.621932349995938
Q9U1V2	-0.274856584822854
A0A061ACE6	1.44960114600209
Q9U1V1	1.44960114600209
Q9U1V0	-0.0844567639105357
O02279	-1.91347325443611
A0A565CXP8	-1.91347325443611
Q9GTE5	-1.91347325443611
A0A565CXN2	-1.91347325443611
B3WFY6	-1.91347325443611
Q9BKQ5	0.0829044526998373
Q9BKQ6	0.154544107665988
Q9BKQ9	0.230366951721921
G4SNS6	1.193203679791
Q9BKR1	1.193203679791
A0A8D8EIT5	1.193203679791
Q9BKR0	-1.20083173703252
Q9BKQ8	1.42056507295514
Q9BKQ7	0.267881346761238
Q5W7E3	0.0349678680807038
U4PF78	0.0349678680807038
U4PC02	0.0349678680807038
U4PCD4	0.0349678680807038
U4PMS5	0.0349678680807038
U4PS34	0.0349678680807038
U4PF86	0.0349678680807038
U4PC07	0.0349678680807038
U4PCE2	0.0349678680807038
U4PMS9	0.0349678680807038
H2L0I6	0.0349678680807038
H2L0I5	0.0349678680807038
Q95XU1	0.45784069095974
Q95XT9	-0.690607980655652
G4SP46	-0.690607980655652
B7CED8	-0.161290571947602
O76832	-0.161290571947602
U4PMD6	-0.161290571947602
Q8MXS0	-0.161290571947602
Q95XP6	-0.161290571947602
Q95XP5	-0.161290571947602
Q9GUN8	0.711032665471303
Q86DD2	0.711032665471303
U4PRN1	0.711032665471303
U4PES1	0.711032665471303
U4PBJ5	-0.137899069166116
U4PBX5	-0.137899069166116
U4PMD1	-0.137899069166116
U4PRN6	-0.137899069166116
U4PES6	-0.137899069166116
U4PBK1	-0.137899069166116
U4PBY0	-0.137899069166116
Q9GUP2	-0.137899069166116
Q95XP7	0.160786382788798
A8W765	-0.383715701563681
H2L0M5	-0.383715701563681
Q95PY8	-0.695922788336904
D3NQB9	0.377354371816525
Q86DA8	0.377354371816525
D3NQC0	0.377354371816525
Q95PZ3	0.420163037675922
Q2HQK0	0.420163037675922
H8ESI3	0.420163037675922
H8ESI2	0.420163037675922
H1UBL1	-0.00124589687059846
H1UBL2	-0.00124589687059846
Q8I0Y9	-0.00124589687059846
Q95PZ2	-0.00124589687059846
Q95PZ1	0.241576575478758
C5VUK2	0.428527183805664
Q95PZ0	0.428527183805664
A0A061ACY6	-0.000349869455287234
Q95PY9	-0.000349869455287234
Q21056	-0.413217727973077
Q9NEQ0	-0.413217727973077
Q56VZ3	5.32363423283238
Q3V5J7	0.126699869413084
U4PC11	0.0986777471475868
U4PCE7	0.0986777471475868
U4PMT4	0.0986777471475868
Q95XG1	0.0986777471475868
H2L0R7	0.0986777471475868
Q95XI5	0.917495987912819
M1ZJV8	0.750349208997434
U4PC16	0.750349208997434
U4PCF3	0.750349208997434
Q95XI7	0.750349208997434
Q95XJ0	-1.0718869774843
Q86DD4	-0.167045215762586
Q9GSX9	-0.167045215762586
U4PS45	-0.167045215762586
U4PF95	-0.167045215762586
Q95XJ1	1.02778118418217
Q95XI6	0.801716574554935
Q95XH0	0.225663742445202
Q95XG6	0.372317274313197
Q9NGT3	0.835414519545331
U4PC21	0.835414519545331
Q8T870	0.835414519545331
Q95XG5	-0.312536388315121
Q95XG8	0.70380798398308
Q95XG9	-0.717025499527516
Q95XH1	0.232711315265739
Q86DD3	-0.0574002930065961
Q95XH2	-0.0574002930065961
H2L0S0	-0.0574002930065961
Q9XW37	-0.0484579489936401
A0A061ADS9	-0.618052983189319
A0A131MBS2	-0.618052983189319
Q9XW36	-0.618052983189319
Q7Z1Q3	0.20567375911321
Q7Z1Q2	0.20567375911321
A8WI97	-0.912948112287776
L8E811	-0.912948112287776
L8EC36	-0.912948112287776
L8E6L7	-0.912948112287776
A0A4V0IMV3	-0.912948112287776
A0A4V6M3C6	-0.912948112287776
Q8I4B9	-0.912948112287776
Q9U1T6	-0.912948112287776
Q9U1T5	-0.912948112287776
Q8I4B8	-0.912948112287776
Q9U1U4	0.782760710339492
K8F7X9	0.281518683402498
Q9U1U3	0.281518683402498
Q9U1U1	0.391758233462456
G5EFH7	0.318801787246629
Q7K783	0.318801787246629
Q9XWE9	-2.46189497638138
G5EGE8	0.393898724573942
Q5ZEQ3	0.777418805373978
Q9XWE8	0.777418805373978
Q9U1T2	-0.569704245293337
A0A8D9MHE1	-0.569704245293337
B3KYB9	0.49802004535996
Q9U1T1	0.49802004535996
Q9N4P9	-1.81488043804929
Q8WTM6	-0.205713757996269
Q9U1S8	-0.244628555168183
Q9U1S9	0.319241619329534
A8XHS5	-0.323246161837423
O45969	-0.0333055073642717
Q9XXT8	0.373526710411707
C7FZV0	0.0140389580112286
A8E0Q0	-0.483721961977837
O62498	-5.26999608558714
O62496	-2.35847863887218
G5EGH5	0.710736710299655
A7DY69	-1.97795440436058
G5EEC8	-1.97795440436058
Q9XWC5	-0.765144559643786
A0A1D3PD11	-0.628687291493101
Q9NEN6	-0.780753148640986
Q9NEN0	0.886911737390854
D0FY32	0.903895604920505
G5EC58	0.903895604920505
G3DRG2	1.17485957041941
H2KMM1	1.17485957041941
H2KMM0	1.17485957041941
Q9GRV2	1.44974731758325
Q95Y51	-0.102149519853479
Q8T8B9	0.167968108751226
Q95Y54	0.167968108751226
Q95Y52	-0.695582834936759
Q9N4H1	0.463531583109357
A0A4V0IMW1	0.130482487395064
A0A4V0IMP7	0.130482487395064
A0A4V6Z7Z0	0.130482487395064
A0A4V0IJT2	0.130482487395064
Q9N4I6	0.130482487395064
A0A4V0III5	0.767727742262414
A0A4V0IKZ6	0.767727742262414
A0A4V0ILF5	0.767727742262414
A0A4V0IJT8	0.767727742262414
A0A4V0IJP4	0.767727742262414
A0A4V0IK83	0.767727742262414
A0A4V0IMX7	0.767727742262414
Q9N4I5	0.767727742262414
Q9N4I4	-0.558263814405486
Q9U3B1	-0.558263814405486
Q9N4I1	-1.28694915721389
Q9N4I0	0.667761883982328
Q9N4H7	0.186160986770462
A0A0K3AUD3	-0.0530514178431298
A0A0K3AWQ2	-0.0530514178431298
A0A0K3ARD5	-0.0530514178431298
Q8MZU4	-0.0530514178431298
Q9N4H4	-0.0530514178431298
A0A4V0IMR4	-1.7190499604418
Q9N4H6	0.876518904151647
Q9N4H9	-0.319996661814197
Q9N4I2	0.820151700823835
Q9N4I3	0.739852383059745
Q2V0X4	0.0501736884522123
Q6AW08	0.0501736884522123
H2L0S2	0.0501736884522123
G8JYG1	0.191961231889239
Q9U757	0.191961231889239
Q95XT5	0.658180794300555
G5ECL4	-0.0677228859058298
A4UZ34	0.878370228940113
Q95XT1	-1.22511275510071
A4UZ35	-0.3740956749539
Q9N4G1	0.619703896115127
A0A078BPF6	0.56295529250088
A0A078BPE0	0.56295529250088
A0A078BQI3	0.56295529250088
A0A078BTJ0	0.56295529250088
A0A5S9MMF7	0.56295529250088
Q95Y43	0.56295529250088
Q9GPV1	0.56295529250088
Q9N4G4	0.56295529250088
Q8IAB0	0.565158985723916
Q9N4F9	0.565158985723916
A0A078BS22	0.163029412487946
Q95Y44	0.163029412487946
A0A078BTI5	-0.277072649211827
Q9N4G7	-0.277072649211827
Q9N4G8	-1.42693740006328
Q9N4G9	0.298044190578944
G5EDV1	-0.628190752183969
A0A078BS14	-0.628190752183969
Q95Y45	-0.628190752183969
A0A078BPF2	0.437420179969659
A0A078BPD7	0.437420179969659
A0A078BQH9	0.437420179969659
A0A078BTI7	0.437420179969659
A0A078BS18	0.97032911175793
G5EGE7	0.97032911175793
H2KZY2	-0.159463623372423
C0VXV5	-0.159463623372423
G4SPY0	-1.29181104791037
Q3V5J6	-1.29181104791037
G4SPY1	-1.29181104791037
Q8MXS3	-1.29181104791037
Q33BL1	-0.384726714304648
B1V899	-0.644008104377481
Q9BL51	-0.644008104377481
H2L0P2	-0.644008104377481
X5LV96	-0.345373673940739
Q9BL53	-0.345373673940739
Q95XL8	0.064542416040381
Q95XL9	0.064542416040381
Q95XN1	-1.3791471872058
G4S9F5	-0.78098105712643
A0A0K3ATT6	-0.78098105712643
A0A0K3AUD9	-0.78098105712643
Q95XN3	-0.78098105712643
A0A0K3AQU9	-0.78098105712643
W6SBK6	-0.78098105712643
G5EGK1	-0.78098105712643
W6RR39	0.474560847458333
Q3V5I7	0.474560847458333
Q3V5I8	0.474560847458333
Q95XN5	-1.5697281487302
Q95XN6	0.823184498125382
W6RY98	-1.26202530360742
Q95XN7	-1.26202530360742
G5EDE5	0.653794496669729
Q95XP0	0.140498630299888
Q4W5R2	-0.0863518154761963
W6RTP3	0.850762999808037
W6SBL1	0.850762999808037
Q86LT8	0.850762999808037
Q95XP4	0.850762999808037
Q9NI38	0.850762999808037
Q95XP2	0.15999502329158
H2KZF3	-0.647110398541115
C0VXV9	-0.647110398541115
Q95XN2	0.0777773958882306
W6RR41	0.0777773958882306
W6RYA2	-0.114995478979845
Q95XM8	-0.114995478979845
W6RR46	-1.22759838688896
W6RYA7	-1.22759838688896
Q4W5R0	0.43262563453502
C0VXW0	-0.390213903733845
Q95XM2	0.0825277616971668
W6RS16	1.29198137364744
Q95XM5	1.29198137364744
Q95XM9	0.264098406632584
W6RTP0	-0.46841959541197
Q4VNJ8	-0.46841959541197
Q4VNJ9	-0.46841959541197
Q95XN0	-0.46841959541197
Q8IU04	-0.46841959541197
Q95X24	-0.714788929728708
Q9TZL8	-0.714788929728708
Q9TZL9	-0.397043214975127
Q86MI3	-1.15742800546869
Q9TZC8	-1.15742800546869
Q95X21	-1.15742800546869
Q9N2Y1	-0.620664783290141
A0A2K5ATX4	-0.650067338131964
Q9N2Y0	-0.650067338131964
Q9BL28	-0.240791469352072
Q9BL47	-0.162777587580159
Q9BL46	-2.36812901153385
Q9BL44	0.68781567285745
Q9BL43	-0.179735357096666
A5A8Q3	0.117224831419274
H2L0S4	0.117224831419274
H2L0S5	-0.675112302067751
Q3V5J3	-0.675112302067751
Q9BL40	0.141565376056056
Q9BL39	-0.164910519641349
D0PV95	-0.160214248916874
Q4W5R4	-0.160214248916874
Q9BL29	-1.32012819331455
H2L0S3	-1.2316958499853
Q9BL35	-1.2316958499853
Q9BL31	-1.63519008260636
Q3V5J5	-1.63519008260636
G5ECM6	0.917949498032747
Q7JQD2	0.917949498032747
Q3V5J2	0.821470551821324
A0A2X0RCX2	-1.11994667927348
Q2AAC0	0.016900703407636
Q9BL33	0.807699918845952
Q9BL34	-0.314750051529244
B5D5N5	0.140035588839419
Q9BL36	0.140035588839419
Q9BL45	-1.14804299575429
Q9BL48	-0.627446066474727
G4SSS9	-1.42319378187466
Q3V5J4	-1.42319378187466
Q9BL27	-1.06099650868416
Q8IAA2	-3.26801780380415
Q9N4E7	-0.487531564545554
Q9N4F3	-0.480077747813515
Q95Y42	-1.45940455356246
Q9N4E8	0.25293926644045
Q9N4E9	1.09593945338664
Q9N4F0	-0.0713361159642835
Q9N4F1	0.662016413053638
Q9N4F2	0.907728220833312
Q9N4F4	-1.5424441356114
Q9N4F6	-0.425440545790213
Q9XWC6	-0.584965904621197
Q22165	-1.11946413784783
Q9N644	-1.11946413784783
A0A1C3NSP0	0.209389899988429
G4S066	0.209389899988429
Q3V5K9	0.209389899988429
A0A1C3NSM7	0.209389899988429
Q95XE3	0.765012306221921
A3KFD5	-0.346021311794951
Q95XE9	0.14464340239571
V6CLY9	-2.4574318098258
Q9N4E6	-2.4574318098258
Q9N4E4	0.928754512566263
G5EF47	-0.111377874638306
V6CJK3	-0.261209760860001
V6CKR7	-0.261209760860001
V6CM38	-0.261209760860001
V6CM34	-0.261209760860001
Q07292	-0.261209760860001
Q6RT23	-0.261209760860001
Q8MXT8	-0.261209760860001
Q9N4E3	-0.261209760860001
Q95XC6	-0.550433154544063
Q9GUG4	-0.104158344726081
C2BR97	-0.215568251043574
G5EDT8	-0.215568251043574
Q95XD1	0.1983261525798
Q95XC8	-0.364342575287876
V6CLQ6	-0.0844737034530561
A0A0K3ARM8	-0.0844737034530561
V6CLM0	-0.0844737034530561
Q9GUF5	-0.0844737034530561
Q95XC9	-1.35486747537259
Q9GUF2	-0.279276079581061
Q9GUF1	0.432722472339172
V6CJ96	0.379289203195456
Q9GUF0	0.379289203195456
Q9GUE9	-0.582962059824595
V6CKE5	0.0709211213329361
Q95XD5	0.0709211213329361
Q95XD0	0.718677866952714
V6CLS1	0.18038145028715
Q95XD3	0.18038145028715
Q95XC7	-0.252391529978036
Q5W7A3	-0.252391529978036
Q95XD4	-1.64768966634073
V6CLR1	0.450820939623071
Q8MXR2	0.450820939623071
V6CLM5	-0.347419731330751
Q8MXR0	-0.347419731330751
Q8MXQ9	2.29597282472353
Q8MXR3	-0.958672965764089
Q65XS8	-0.381943931041229
Q65XS9	1.14670688439809
Q4W5P1	-2.09404928609769
A2V8C6	0.0983986566270614
H2L0L8	-0.774292536417747
H2L0L9	-0.774292536417747
A9D2P7	-0.774292536417747
Q8IU02	-0.774292536417747
V6CLR5	-0.774292536417747
Q8MXR6	-0.712359406807759
Q4W5P0	-0.712359406807759
A0A1N7SZF9	-1.17592855314686
G5ECY5	-1.17592855314686
Q9TZP5	-1.17592855314686
O18649	0.458542618480989
P15796	0.458542618480989
Q8IU03	0.458542618480989
Q8MXR7	0.458542618480989
Q9N2X8	-0.657428220850651
Q86DD5	-0.657428220850651
Q9N4E0	-1.10865721772966
Q9N4E1	0.237453814814501
Q9N4E2	0.554553116155625
Q9GUM1	0.459107775450698
Q2AAB8	0.459107775450698
Q9GUM5	-0.15788258851944
G4SSQ1	0.44041538053311
W6RRP9	0.44041538053311
Q9GUM8	0.44041538053311
W6RT83	0.44041538053311
Q9GUM7	0.831103566524899
G5EE03	-0.150949855333279
Q9GUM2	0.615500470914575
W6SB74	0.615500470914575
Q95XL6	0.522135507139254
Q4W5Q8	0.125393241860375
W6RQR8	0.125393241860375
W6RXS5	0.125393241860375
W6RRQ3	0.125393241860375
Q9XWC2	-1.22291153111495
Q9XWC3	-0.374515788761341
Q9XWC1	-1.38122005433532
C5VUK1	-0.198197944915591
Q9NA53	-1.54552669371652
J7SEZ3	-2.25263929664624
Q9NA51	-2.25263929664624
Q9NA35	0.11209083246691
D3NQB3	0.11209083246691
K8F7X5	0.11209083246691
K8ESJ1	0.11209083246691
A5HWB1	-1.56372181181315
A0A078BTL9	-1.56372181181315
A0A078BS59	-1.56372181181315
A0A078BPK7	-1.56372181181315
Q8I0Y8	-1.56372181181315
Q9NA34	-1.56372181181315
A0A078BPI8	-0.166270635255736
Q9NA33	-0.166270635255736
Q9NA32	-2.11657867468742
H2KML8	-0.921239024635418
H2KML9	-0.921239024635418
Q9NA31	-0.149939364840978
Q2HQK5	-0.149939364840978
D3NQB4	-0.149939364840978
D3NQB5	-0.149939364840978
F3Y5R7	-2.95382888486426
F3Y5R8	-2.95382888486426
Q9NA40	-1.05290691325657
Q9NA39	-0.579938781857346
Q9N2X7	-0.142960464228034
A0A061ADR6	-0.257425384389081
Q965S8	-0.257425384389081
G4SRS5	-0.78382628892911
Q3V5J1	-0.78382628892911
Q71JP9	-0.78382628892911
A0A061AJH7	-0.78382628892911
A0A061ACG9	-0.78382628892911
Q71JP8	-0.78382628892911
Q9N4D8	-0.391709846953777
V6CJ31	-0.391709846953777
Q9N4D9	0.108500549776981
V6CK76	-0.265029362092582
V6CLK9	-0.265029362092582
H2KZI1	-0.265029362092582
Q95Y41	-0.265029362092582
Q9N4D6	-0.178069510108876
H2KZY7	1.6061643844661
Q8TA50	1.6061643844661
H2KMK2	-0.411035397783509
C8TDI7	-0.411035397783509
Q9XWB8	-0.411035397783509
P52015	0.125926130834271
Q9XWC0	1.85476709896317
Q9XWB9	-0.618174395842609
P52011	-1.16694862035611
Q9XWB7	-0.911773812305079
A0A0K3AT43	-1.50083533283905
A0A0K3AVE6	-1.50083533283905
A0A0K3ASJ2	-1.36936823665755
Q965S7	-1.36936823665755
Q965S5	-1.03790102337136
Q965S4	-0.193182303104249
H2KZS7	-0.193182303104249
A0A0K3AW57	-0.193182303104249
A0A0K3AYE4	-0.193182303104249
A0A0K3AT49	-0.193182303104249
A0A0K3AVE9	-0.193182303104249
A0A0K3ASJ8	-0.193182303104249
Q9N4D3	0.6983464933712
Q9U9C3	-0.297071932723644
Q9XW88	-0.297071932723644
Q9XW71	-0.115237999139412
Q9XW70	0.411754546099139
Q9XW69	-0.228621079429844
Q9XW68	-0.483826551140439
A0A8S4SS68	0.881882713773911
A0A8S4SRQ8	0.881882713773911
Q9U1S3	0.881882713773911
B2FDA6	-2.24403544626077
B2FDA5	-2.24403544626077
Q9XW67	0.0672074584469804
G5EFY5	0.457993879438474
G5EGL1	0.457993879438474
Q7K756	0.457993879438474
Q7KKJ1	0.457993879438474
Q9XW83	0.930715588081902
Q9XW66	-5.19543209612149
G5EDN3	0.819171662737653
Q9XW63	0.13270993025541
Q9XW62	0.533899826211838
Q9XW61	0.184507808498211
Q9XW82	0.166566403357254
Q9XW81	2.47478571266937
Q9XW80	-0.534920627265143
Q9XW75	-0.584426258159058
Q966Q4	0.0346560049332987
Q9XW79	0.0346560049332987
Q9XW78	-0.378525010256811
Q9XW77	-0.466328759485224
S6FWP2	0.096613880109748
G5EE45	0.096613880109748
Q9Y0B9	0.096613880109748
Q9U1S5	0.096613880109748
Q67X95	2.53086596185094
Q9XW87	0.750645300124175
D0Z5N3	-0.146296118938418
Q9XW74	-1.62447245810079
A0A168H365	-1.11477053015744
A0A168H3A5	-1.11477053015744
A0A163VU15	-1.11477053015744
Q9XW58	-0.436897897213421
Q9XW73	0.124203325627646
Q7K755	-1.85230836784146
Q9XW72	-1.85230836784146
G5EE14	-0.215986192269904
O17537	-0.215986192269904
G5ED40	-0.215986192269904
K8FE00	0.339515511836183
K8F7Z0	0.339515511836183
K8ESK9	0.339515511836183
G5EDS2	0.339515511836183
Q9XWD2	1.05382940262837
Q9XWD1	0.356595449665787
Q9XWD0	-0.392396835313399
Q9XWC9	0.286443849130122
G5EBM7	-0.444253997620932
U4PCB8	-1.19022947698068
Q9N4C1	-1.19022947698068
Q9N4C3	0.0416798971184699
U4PMQ9	-0.357080146128502
Q9N4C6	-0.357080146128502
U4PF68	-3.11296424678725
U4PBZ1	-3.11296424678725
U4PCC4	-0.324257712164004
U4PMR4	-0.324257712164004
U4PS25	-0.324257712164004
Q9N4C2	-0.324257712164004
Q95Y40	0.560429308162114
U4PBN7	-0.65812024837883
U4PC09	-0.65812024837883
Q9N4A5	-0.65812024837883
U4PMH7	-0.0228519705335719
Q9N4B1	-0.0228519705335719
Q9N4A8	0.511190766891869
Q60F73	0.511190766891869
U4PRT3	0.511190766891869
Q9N4A6	-1.23311045400437
Q9N4A7	-1.23311045400437
U4PBQ3	-0.512324016271505
U4PEX8	-0.512324016271505
Q3V5K2	-2.44011002795245
Q9N4A9	-2.89425355543134
U4PC24	-0.0121825019147638
Q9N4B5	0.898325305454912
U4PMG8	-1.43864935289143
Q9N4B7	-1.43864935289143
U4PRS4	0.289558762395205
U4PC14	0.289558762395205
U4PEX3	0.289558762395205
H2L0E0	0.289558762395205
Q9N5W1	0.197952176691072
Q9U1S2	0.197952176691072
I2HAF5	0.197952176691072
Q17322	0.197952176691072
A0A1I6CM54	-0.211456429283861
Q95QC4	-0.211456429283861
Q9U1S0	-0.211456429283861
Q5TEB3	-0.22792921923141
Q9U1R8	0.141789129567206
Q7K705	0.141789129567206
H8ESG0	0.141789129567206
H8ESF9	0.141789129567206
H8ESF7	0.141789129567206
H8ESF8	0.141789129567206
H8ESF6	0.141789129567206
A0A3P6PCS5	0.273073423126786
Q9U1R7	0.273073423126786
Q9XVZ2	-0.575689618250461
Q9XVZ1	0.135967720389984
Q9XVY8	-0.548457258741265
O18256	0.696861466939188
O18259	1.14153714826402
G5EDY2	-0.631338383996415
Q95ZI9	-0.45104331864454
Q9U1Q7	0.545802925830879
D8FRP8	0.545802925830879
D8FRP9	0.545802925830879
Q9U1R0	-1.59481605057851
Q9U1R5	0.364063516782485
H1UBK7	-0.760858247503943
H1UBK6	-0.760858247503943
Q9U1Q8	-0.0439518370846162
D0Z5N4	0.107929290228143
Q9XVY4	0.107929290228143
Q9GR36	0.908028403251269
Q9GR37	-1.1892961935647
Q9GR41	0.331994686564158
Q95XB9	-1.9368439415908
Q95XB8	-0.0711296198692529
Q95XB6	1.01979833101085
Q9BKS7	-0.462100456103073
Q9BKS4	-2.87622544674233
Q9BKS2	-0.0359644774692186
Q9BKS1	-0.703275656506612
Q7Z1Q8	0.260466135857968
Q9BKR9	0.260466135857968
Q9BKR7	-1.49641538359576
Q7Z1Q7	-1.49641538359576
Q9BKR5	-0.00152036544448799
G4SNV3	-1.07564425051423
Q3V5I5	-1.07564425051423
Q7Z1Q6	-1.74183797092775
Q7KWZ2	-0.607086737662107
Q2AAB4	-0.782639719942646
A0A1I6CM88	-0.782639719942646
P90799	-0.191369105985603
Q9BKS0	-0.191369105985603
Q2AAB5	0.0830819267449872
Q9BKS5	0.763439203238587
Q9BKS6	-3.05229696881838
Q9U1Q6	-0.945597934940919
Q9NA26	0.317107862037315
Q9U1Q0	0.996134017095344
Q9U1P9	0.224633906128462
Q9NA25	-3.38779124785747
Q7YXB5	1.18732475305984
Q7YWN4	-0.545161938201154
Q7YXD6	-0.81661244238488
Q56VY4	-0.871405575028372
Q9U1Q5	0.346765616902946
H2KMK8	1.34540723959968
K8ESC5	0.010810392923188
Q9NA30	0.010810392923188
G5EBS5	-0.936810876599241
I7FXD9	-0.936810876599241
Q9U1Q4	0.420407336446286
Q9U1Q3	0.402855671569599
Q9NA28	0.518936848590796
Q7K707	0.0663893228025434
Q9U1Q2	0.0663893228025434
Q9U1Q1	0.817283128438638
Q9TYK4	0.584541561883305
O44887	0.0428390039926272
Q9BL23	1.35404757946861
Q9N2X3	0.779141095852493
O76839	-0.0550348210734053
P90978	-0.0550348210734053
Q95XT0	-0.0550348210734053
Q9N2X5	-0.0550348210734053
Q8MXS1	0.211016911946302
Q9BL22	0.211016911946302
G5EE56	-1.15521177234
W6RRW6	-1.15521177234
W6RTE9	-1.15521177234
W6SBD5	-1.15521177234
A0A061ACQ8	-0.652642924560215
Q9BKW4	-0.652642924560215
W6RQY9	0.268897978026175
W6RY35	0.268897978026175
W6RRX0	0.268897978026175
W6RTG0	0.13918304097084
Q2AAB7	0.13918304097084
W6RR04	-0.511360170190783
Q8MXQ7	-0.511360170190783
Q95XC4	-0.0832796298383958
A0A5S9MQG4	0.482950968240328
G4SNJ8	-0.211571696411124
Q9GR27	-0.211571696411124
Q9BPN9	0.141473448903834
Q3V5I6	-0.214349547910267
Q9BPN8	-0.214349547910267
Q9BPP1	-0.583859712619693
Q9BPP2	-0.18942039670784
Q9BPN6	0.0261942350318438
Q75MI6	0.11109700642552
U4PLQ8	0.141375073360662
U4PR13	0.141375073360662
A7WK43	-2.22052551342233
U4PE54	-2.22052551342233
Q9N2X1	-5.37527169141863
Q9N2X2	1.66101597556228
Q688Z4	0.653969681286694
Q688Z3	0.653969681286694
Q9N2W9	-1.00568412747228
A7WK41	0.681279956779088
Q9N2W7	-0.159807288030677
Q86DD7	0.11746459198689
Q9N2W5	0.11746459198689
U4PBA6	0.11746459198689
U4PAW3	0.11746459198689
Q9N2V3	-0.167764359308889
Q9N2V2	-0.167764359308889
G8JYF6	-0.378954449043533
V6CIW4	-0.378954449043533
Q9N2V9	-0.378954449043533
V6CK14	-0.0434567575896187
V6CLF9	-0.0434567575896187
Q9N2V7	-0.0434567575896187
Q9N2V4	0.00924586080723737
H2L0P4	0.00924586080723737
H2L0P5	0.00924586080723737
H2L0P6	0.00924586080723737
H2L0P7	0.00924586080723737
H2L0P8	0.00924586080723737
V6CK09	0.652441823072719
V6CLF2	0.652441823072719
Q9N2V6	0.652441823072719
H2L0P3	-0.433576902318631
V6CLD9	-0.433576902318631
V6CLA6	-0.433576902318631
E9RKC7	0.0814347342870872
Q9U1P7	-1.34254456940656
A5PEX9	0.168734746870701
Q965S1	-0.942926179895651
Q965S2	-0.0420836764507879
Q965S3	1.14136962858004
Q9N2U9	-1.0126478720291
H2L030	-0.464877445510975
Q7KX02	-0.464877445510975
Q9N2U8	0.177617297813291
Q9N2U7	1.37220913255683
Q965S0	0.0309970640000838
Q965R9	-0.117536694228967
Q9N2U6	-0.768028403624771
Q965R2	-2.10747779098161
Q965R5	-1.95936643766071
D9P2J5	-1.95936643766071
Q8MXT9	-0.468054103092227
A0A8S4Q9Q4	0.455978594734995
A0A8S4QB26	0.455978594734995
Q9N4P4	-0.503038595320697
G5EDR4	-0.799835055518077
Q9XXU0	-0.799835055518077
A0A8S4QBQ3	-0.799835055518077
G5EEV8	-0.799835055518077
Q9N2S5	-1.36731978073971
Q9N2T3	-0.457297919264238
Q06561	-0.647643446861115
G1K109	-0.647643446861115
H9G352	-0.647643446861115
H9G351	-0.647643446861115
H9G353	-0.647643446861115
H9G354	-0.647643446861115
H9G348	-0.647643446861115
H9G349	-0.647643446861115
H9G350	-0.647643446861115
U4PS79	-0.647643446861115
A0A1T5HUZ1	-0.647643446861115
G5EEI5	-0.647643446861115
O18261	-0.647643446861115
O18263	-0.647643446861115
Q6BEQ6	-0.647643446861115
Q9U7E8	-0.647643446861115
Q9XTD2	-0.647643446861115
Q9XTI5	-0.647643446861115
G5EFT7	-0.40747348533944
B5U8M5	-0.442524498691985
Q20911	-0.037991883922269
Q23242	-0.037991883922269
V6CJA9	-0.356289420606468
V6CKG1	-0.356289420606468
V6CLT5	-0.356289420606468
V6CLS4	-0.356289420606468
V6CLP1	-0.356289420606468
V6CLN5	-0.356289420606468
H2L0S7	-0.99703380431215
Q65CM2	-0.99703380431215
H2L0S6	-0.99703380431215
Q7JNM2	-0.108642650256078
H2KZZ7	-0.108642650256078
Q3S1L6	-1.44275306730036
Q95Q41	-1.46732477533577
Q3L453	-0.95903930517589
Q95Q39	-0.95903930517589
A0A163VUD3	1.05852731935881
O17515	0.120163725277802
O17523	-0.567201753903535
Q067W9	-1.85043368125892
O18268	-0.485623273837817
O18271	0.383990391009357
G5EEA8	-0.627858714141593
Q23245	-0.529987513835677
Q23243	-0.683583650306769
Q23244	-0.970662082113963
H2KZ72	-3.81569916553146
Q8I7F6	-3.81569916553146
Q9TY08	0.269469285299949
G5ECW0	-0.311011487480931
Q23247	-0.0473733384048491
D3YT51	0.298913314034811
Q23249	0.298913314034811
Q10653	-0.935682467226632
Q23248	-1.9873800965018
G5EES1	-0.735058836396185
O76699	-0.941947273990315
O76701	-0.887714667962423
O01630	-0.445446402781722
A0A0K3AYE8	-0.545467822791707
O01629	-0.545467822791707
O01627	-0.996812315294479
A0A0K3AT53	-1.84251702568384
O01626	-1.84251702568384
O01623	-0.546812406604838
P91544	0.315669914997571
P91546	0.851027929323781
P91547	-0.506010792490299
P91541	0.432561661583378
Q3S1N7	0.221604650185814
P34585	-0.337095334751642
P34586	-0.337095334751642
Q8IG03	-0.337095334751642
Q27GV1	-0.337095334751642
U4PBK5	0.345394289631149
U4PBY4	0.345394289631149
U4PME0	0.345394289631149
G4RUC0	0.345394289631149
P34587	0.345394289631149
H2KYD8	-1.53547235686467
P34590	-1.53547235686467
P91555	-1.76409964520588
P91561	-0.140494406146712
P91563	1.44157618957567
P91564	-0.288023072663018
C8JQQ3	-0.496266712090773
P91559	0.649897569060085
P91557	-1.07424207381288
P91556	0.197295783502544
P91550	-0.449223747315981
G5EBP5	0.264961982708108
Q94379	-0.985881955230263
P20154	-2.37830888203948
H2L037	0.785939402313855
A9D417	0.785939402313855
G4SIR8	0.455518915718049
O01878	0.455518915718049
O01879	0.699960347076433
A3KFD8	0.00204184358997141
A0A2K5ATK4	-0.118942653223427
P34594	-0.350320376975644
Q8I7F4	-0.350320376975644
P34595	-0.180131309650272
Q95PY4	0.498873965336126
Q23254	-0.53710162312004
Q23255	-0.0338472832393072
Q23256	-0.862203886984091
O17087	-0.554862831692664
A0A0K3AWQ7	-0.554862831692664
A0A0K3ARE1	-0.554862831692664
Q86S49	-0.554862831692664
Q86S50	-0.554862831692664
Q86S51	-0.554862831692664
A8WIQ9	-2.00355640082752
H2L0E4	-2.00355640082752
Q23075	-1.59697286568634
G5EEZ3	-2.88962768789488
O02051	-1.43971312339582
O02050	0.35382179921391
Q2MGF5	-0.0567742052679389
H2L0J6	-0.0567742052679389
O02053	1.03063405691829
Q9XUI9	2.14098709964821
B5BM43	0.987171708916844
Q9XUI8	0.67971941975582
Q7JKM9	-1.18590821461241
G5EFH8	0.179777933652282
H9G2P9	0.179777933652282
Q23260	-2.10862275015143
Q23261	0.0158977476696003
Q23266	1.95844084409002
Q23273	-0.0602590458912055
H9G2Y9	-0.0602590458912055
H9G2Y8	-0.0602590458912055
G5EDJ7	0.244403616450804
Q23269	0.196196300767995
Q23270	0.175695732415898
E5QCH1	-0.243263678760956
Q23271	-0.243263678760956
Q23272	-0.256353828488186
E5QCH2	-0.256353828488186
Q52GY6	-0.256353828488186
Q8I4B7	-0.256353828488186
Q23280	-0.319473430564934
P48376	-0.497984637907509
Q45EL5	0.108745023748094
O18272	0.108745023748094
Q23281	0.108745023748094
Q9GYG2	-1.29887325289006
G5EBS1	0.676665478427268
Q9GYG4	0.0156285539207338
Q9GYG1	0.152551634581699
Q23291	-0.0405944850936496
G8JYD7	-0.0216704713675261
Q23288	-0.0216704713675261
G5EF02	1.34935574451728
Q23290	-0.325499467518591
Q1NZ29	-1.45076407298115
Q23294	-1.45076407298115
Q5VKT4	-1.45076407298115
H9G2T1	-1.45076407298115
H9G2T0	-1.45076407298115
G5EFZ7	0.248122895143209
Q23295	-0.015278878301255
Q23296	1.3425439785892
D3YT22	1.3425439785892
Q23297	-0.135173198962831
Q7JM20	-0.135173198962831
P91844	-0.896254749189383
D3YT23	-0.896254749189383
A0A1N7SYX2	-0.346599192830154
A8WHT2	-0.743568169375264
A0A1C3NSL5	-0.342454976005701
Q23307	-0.342454976005701
H2KZH8	-0.193979585319678
H2KZI0	-0.276655183477466
U4PAP4	0.554164153462159
O44183	0.554164153462159
Q23312	-0.0948382119206856
Q23313	1.5806914696902
Q23314	0.337254560525638
Q23315	0.378226966320814
A5Z2T7	-0.544219323973319
Q23316	-0.544219323973319
Q23317	-0.706660149887818
A5JYU1	-0.706660149887818
Q27535	0.826824449737826
Q23318	-0.735431535557674
Q7JLE3	-0.735431535557674
G3MU29	-0.735431535557674
G3MU28	-0.735431535557674
G3MU30	-0.735431535557674
Q23320	-0.755353233953796
Q23322	0.428906993629539
Q23321	-0.769725546245039
Q23319	-0.255110676434721
Q23323	-0.0638810194052215
G5EGK7	-0.514971332440723
Q23327	0.13030193184902
Q23326	0.547769280115848
Q8MPS3	0.547769280115848
Q23329	-1.16871774629954
Q23330	-1.76637122891308
A4UVJ8	-1.75099193377245
B2D6M8	-1.93442929416884
G5EEL6	-1.93442929416884
G5EGE4	-1.93442929416884
G5EGE1	-1.93442929416884
G3MU23	-1.93442929416884
G5EEA0	-1.93442929416884
Q23338	0.131647824414959
Q23333	1.37410501605324
Q23334	-2.91325625895984
Q23335	-0.298141748873125
Q8I4B6	-0.51970238456983
Q23336	-0.51970238456983
G3MU24	1.27239307878423
Q23337	1.27239307878423
A4F334	-2.57551691105191
A4F333	-1.60859765213335
A4F331	-1.45466825731977
A4F332	2.40696034402951
A4F330	0.166298826663181
A4F329	0.644964500177547
H2KZ70	0.355105100597901
Q5WRS7	0.355105100597901
H2KZ71	0.355105100597901
Q23342	0.919110818001142
P19826	-0.500270473157928
Q8MPS2	-0.500270473157928
Q9BI31	-0.500270473157928
Q9BI32	-0.500270473157928
V6CJ36	-0.500270473157928
V6CK82	-0.500270473157928
V6CLG2	-0.500270473157928
V6CLK1	-0.500270473157928
V6CLL2	-0.500270473157928
O18276	-1.34516582955894
Q8ITG2	-1.34516582955894
G5ECN1	-1.01993797293486
H2L0M7	-0.206010034965648
Q304E6	-0.206010034965648
Q23353	-1.59049163929767
A0A2S0RPX3	-0.463138900184236
F2YQX1	-0.463138900184236
Q23355	-0.463138900184236
Q23357	1.21206646942127
Q23356	0.194980866620807
Q8I4B5	0.194980866620807
Q8T8M3	0.194980866620807
Q95ZI7	0.194980866620807
Q9UAN7	0.194980866620807
Q9XYC3	0.194980866620807
Q9XYC4	0.194980866620807
O18280	-0.339542234265764
Q963E7	-0.339542234265764
Q09641	0.364702141792865
Q09642	0.364702141792865
Q09643	-1.21616322007285
A3FPK2	-0.600340065308719
Q09630	-0.600340065308719
A0A0K3ASV1	-0.600340065308719
A0A0K3AWH7	-0.600340065308719
F1LIM2	2.21657026594931
Q23365	0.482146839520248
Q23360	-0.168480284584742
Q23361	0.0971867744722205
Q23359	0.756503749731352
A7UQ07	0.0189924763288924
J7SEZ5	0.0189924763288924
A0A061AJF0	0.0189924763288924
A0A061AL29	0.0189924763288924
Q8I4B3	0.0189924763288924
Q23369	0.0189924763288924
Q23368	0.490481051323083
Q9U1P4	-0.405454008419435
B3GWC3	-0.405454008419435
A0A061AD13	-0.405454008419435
Q8I4B4	-0.405454008419435
G5EE09	-0.405454008419435
O01775	-2.31447087426436
O01772	0.245718106388928
A0A1N7SZF6	-0.524350702740496
A0A1N7SYU5	-0.524350702740496
A0A1N7SYQ4	-0.524350702740496
O01776	-0.524350702740496
Q23378	-0.28928093260166
A0A7R9SVK5	-1.20525510871218
P41934	-1.20525510871218
A0A1X7RBW0	-0.735784556232324
A0A1X7RC92	-0.735784556232324
G5EEA1	-0.735784556232324
Q23084	-0.255152882438449
H2L0I3	-0.251787492868657
H2L0I4	-0.251787492868657
A0A5E4LWV7	-0.251787492868657
A0A5E4M3N2	-0.251787492868657
A0A5E4LZU4	-0.251787492868657
H2L0I2	-0.251787492868657
Q23083	0.718730279768141
P90800	-2.04112656279793
Q03611	-2.04112656279793
P91845	-0.845896082805333
Q03609	-0.845896082805333
Q03613	-0.671531104086167
Q7YWM4	-1.29399720137777
E9P839	-1.41538589607418
P34599	-1.41538589607418
Q2PWT9	-1.41538589607418
Q8I7F3	-1.41538589607418
Q9TXQ1	-0.784790112907072
Q8I0N5	-0.784790112907072
P14792	-0.0501684000614901
P49632	-0.0501684000614901
Q9U1P3	-0.0501684000614901
B6VQ95	-1.8158797892876
G5EEZ0	0.994692231328297
O18282	0.839803910662984
O18283	-1.07268519276319
F5GUH3	-1.07268519276319
O18286	0.185395146064331
O18287	-0.6315037767907
G5EDS7	-5.25509372631564
O45988	-0.697405101490929
M1ZJ49	1.07516798739577
Q965Z5	0.761563115457477
Q965Z3	-1.36369822449047
O02339	-0.19238080734533
O62505	0.0475496300197839
O45995	0.0621105195040557
G5EEQ3	0.685627205774245
O76447	-0.425661911961854
O76446	-0.771300187129056
H2KZL9	-1.2733780556641
H2KZM0	-1.2733780556641
Q8MXF9	-1.2733780556641
O76449	0.487759877907223
Q23381	0.151272640003859
Q27874	-1.05459434221818
Q27536	-0.412366429688832
Q23382	-0.306959574547354
Q23383	0.897073489427517
Q23384	-0.193174845567774
C9IY21	-1.46049291354134
C9IY22	-1.46049291354134
B5BM28	-0.431832120542359
B5BM27	-0.431832120542359
A0A0K3AX35	-0.431832120542359
P24348	-0.431832120542359
E9P860	0.093293972370115
Q23388	0.093293972370115
Q23389	0.147233751978302
Q23387	-0.581565754957375
A0A0K3ARR9	-0.790574829686355
Q22708	-0.790574829686355
Q23391	-0.790574829686355
Q86GJ8	-0.790574829686355
Q23390	-1.43833556322529
O02485	-0.955223605168787
A0A9J5DJK1	-1.74669128890409
Q23393	-1.74669128890409
Q8MPR9	-0.212995595241893
G5EC19	-0.212995595241893
G3MTW8	0.147537346604378
P34600	0.147537346604378
A0A8D8EJE6	0.147537346604378
P34609	-0.504543016347422
A7LPE3	-0.504543016347422
A7LPE4	-0.504543016347422
C0P271	-0.504543016347422
C7FZT6	-0.504543016347422
Q95V72	-0.504543016347422
S6EZN6	-0.504543016347422
S6EZP3	-0.504543016347422
S6F548	-0.504543016347422
S6F556	-0.504543016347422
S6FD02	-0.504543016347422
S6FN04	-0.504543016347422
S6FN08	-0.504543016347422
S6FWP4	-0.504543016347422
S6FWP6	-0.504543016347422
U4MKU8	-0.504543016347422
G5EE42	0.194943544839879
P34601	0.689461019367456
P34602	0.689461019367456
P34603	-0.885569398497686
P34604	1.1336016797094
P34605	0.802022097892881
P34748	0.258089113467726
P34607	0.135056851176145
P34610	-0.606945418668761
A0A0K3AX41	-0.809302264655788
A0A0K3ARS2	-0.809302264655788
A0A0K3AUA6	-0.809302264655788
A0A0K3AUY6	-0.809302264655788
A0A0K3AXB1	-0.809302264655788
A0A0K3AS01	-0.809302264655788
A0A0K3ARF3	-0.809302264655788
P34611	-0.809302264655788
A0A9J5I4K9	-1.38220675574888
P34614	-1.38220675574888
P34616	0.635673858376476
Q23406	0.972600756101027
P55216	-0.44471379541472
Q23405	-0.0665005022761043
Q23401	-2.07799000466093
E1B6Q6	0.749094854757949
Q23403	-0.729541094484068
Q23402	0.210722703068912
Q23400	-0.0432218609639548
Q95PX8	0.574293538818215
Q95PX7	0.574293538818215
Q95PX9	0.574293538818215
Q86MN9	0.574293538818215
Q09644	-0.604437041919182
Q09357	-2.42533812278029
Q8I4B2	-2.42533812278029
Q09645	0.135892655680779
Q09646	-0.433673260676178
Q09647	0.00795973400584526
Q5FC81	0.00795973400584526
G5EF99	-0.00399088936710655
Q9XVX5	-0.0594229394123073
Q86D99	-0.0594229394123073
G5ECP9	-0.0458854406879185
G5EEC3	-0.0458854406879185
G5EFD1	-0.0458854406879185
A0A1N7SYN9	-0.0458854406879185
G5EFM3	-0.0458854406879185
A0A1N7SYR7	-0.0458854406879185
A0A1N7SYP3	-0.0458854406879185
A0A1N7SYN7	-0.0458854406879185
A0A1N7SYQ0	-0.0458854406879185
A0A1N7SYN2	-0.0458854406879185
G5EEC4	-0.0458854406879185
G5EFM4	-0.0458854406879185
G5EDD3	-0.0458854406879185
G5EFW2	-0.0458854406879185
G5ECG8	-0.0458854406879185
G5EFK7	-0.0458854406879185
A0A1X7RBP4	0.500189939340075
A0A1X7RBR0	0.500189939340075
A0A1X7RBT0	-0.516843883844967
A0A1X7RBW4	-0.516843883844967
Q86MH8	-0.516843883844967
Q86MI0	-0.516843883844967
Q9N4P2	-1.49358947518897
Q2AAC3	-1.49358947518897
Q9N4P3	-0.17204206997949
P34617	0.141714717319128
P34618	0.103040956546531
P34619	0.0185255070992395
Q1NZ36	0.0185255070992395
P34621	0.125405215735789
Q45EM1	0.125405215735789
Q629J9	0.125405215735789
P34622	0.332401478177575
P34623	0.766531530548848
H1ZUW3	0.766531530548848
Q05035	0.766531530548848
Q45EM0	-0.571399615607516
A0A0K3AUB2	-0.571399615607516
O16684	-0.175461883186629
O16682	-0.642579422558332
A0A0K3AU33	-0.503032730963001
O16680	-0.503032730963001
F0IWS6	-1.12825231819054
Q95X87	-0.208330193537958
Q23419	-1.28014103021547
Q23420	-0.360906376556504
Q23421	0.966779800768798
Q23424	-0.821080737764187
Q23425	-0.290014301737348
G5EFI4	-0.457986904131875
Q7JPD8	0.0189705408610006
Q23422	0.564682364302291
Q9BIF4	0.337412805591429
A0A061AD18	-0.799249650176022
Q23435	-0.799249650176022
A0A061AJI4	-0.147836109799901
Q21106	-0.147836109799901
Q23436	-0.147836109799901
Q09337	-0.802322467645517
Q94128	0.123704546048638
Q8I7F2	-1.39104997300267
Q4TTC3	-0.938755871477431
Q2V4U7	-3.50534361600949
G5EED8	-3.50534361600949
Q09631	0.925547144271244
Q5H9N2	0.925547144271244
Q5H9N3	0.925547144271244
Q09632	0.200583074894042
Q09635	0.128923159549221
Q09359	-0.396162702117071
A0A7I9BCB0	-0.396162702117071
Q09360	-0.992311602927838
Q09363	-0.522791874464337
A0A7R9SW82	-0.666105250258735
Q09649	-0.666105250258735
G3MTY1	-1.72312697123163
Q09650	-1.72312697123163
G5EC87	0.265599231679147
Q09651	-0.0160411685470162
O18293	-0.120783709903741
O62022	-0.120783709903741
G5ECV7	-0.120783709903741
O02656	-1.22118257814353
P04255	-1.22118257814353
O02656	-1.22118257814353
P04255	-1.22118257814353
Q09652	-2.35579519553206
Q09367	-0.513424825171449
D2YW03	0.14547651852715
Q8WQ98	0.14547651852715
Q8WQ97	0.660689815527493
Q7YTH5	0.660689815527493
Q5FC82	-0.781861171642885
Q09364	0.205426986761725
Q09365	-0.340682538064258
Q09653	-5.70347909795287
Q09366	0.94699477292331
Q09654	0.800722044842209
Q09655	0.11735581472131
Q09657	-1.04505555082987
Q8I4B0	-2.32797743804863
E3W725	-2.32797743804863
Q09658	-2.32797743804863
Q14V33	-2.32797743804863
Q6BEV2	-2.32797743804863
Q8I4A9	-2.32797743804863
Q8I4B1	-2.32797743804863
Q09369	-0.787552777141407
G5EFP2	-1.23411555300853
G5EDL9	-1.23411555300853
A0A679L8N1	-1.23411555300853
Q94312	1.26034897626082
P12456	-0.0124501571484931
Q94313	0.439039698046571
Q94314	-1.36180155312133
Q94315	-0.633510428809359
H2KZC4	-0.633510428809359
Q94316	0.309177629506188
Q09372	0.67076221397291
Q09660	0.590210249993008
Q09373	0.245724100503929
Q09661	0.245724100503929
Q09374	0.0266698918735533
Q95PX5	0.0266698918735533
B7WN65	-0.0164610454672841
G5ECB2	-0.0164610454672841
Q23444	-1.82325864206159
Q86DD6	-1.82325864206159
U4PBU5	-1.82325864206159
Q23445	-0.634573475890956
H2L0H1	-0.341443935077044
Q8MPR7	-0.341443935077044
H2L0H2	-0.341443935077044
A3FPJ6	-1.18632454263574
D3YT09	1.17474996690129
U4PRK1	1.17474996690129
U4PR50	1.26008905963056
U4PEA1	1.26008905963056
U4PLU8	1.26008905963056
O44197	1.26008905963056
O44196	1.44544470412392
O44195	0.708422768284392
Q3V5H6	-0.715991703541155
Q23448	-0.546822354661149
Q23451	-0.238581102836437
Q23450	0.386844422840765
Q23449	0.262062543914623
Q18673	0.0371607824901197
Q23453	0.0371607824901197
O45998	-2.33406798450632
O46000	0.241052904802053
O46009	0.192059223866684
A5Z2W6	2.13611012471067
K8FDY8	2.13611012471067
O46010	2.13611012471067
O17299	0.00203711276552868
G5EDU1	-0.561853233853327
G5EFK9	-0.561853233853327
G5EC26	-0.561853233853327
Q9XTR7	-3.39784456621276
Q9XTR8	1.23677675780994
G5EDH0	-0.327142339990366
G5EF18	-0.327142339990366
A0A0S4XRQ4	-0.804915343940322
A0A0S4XRV4	-0.804915343940322
Q94398	-0.804915343940322
Q94403	0.780922042362921
Q94402	-0.974763808440015
Q94404	0.144012587309237
G5EDD6	-5.22061412332298
E9P879	-5.22061412332298
Q5CZ37	0.883086288133856
G5EE13	-0.420701330351378
G5EBP4	0.0524704175199265
G5EFD6	0.0524704175199265
G5EEP9	0.0524704175199265
G5EEG8	0.0524704175199265
Q7YWM2	1.07224268277117
J7S127	-0.35540769593033
Q23460	-0.35540769593033
G5EFB2	1.24364995208872
Q3LTR4	1.24364995208872
F5GUB2	1.24364995208872
Q23455	-1.29130676234799
Q23457	-0.0239190246513194
Q8WSQ1	-0.0239190246513194
Q23458	0.733146676236347
Q23459	0.251797174644807
P34704	0.287643076928002
Q65ZB2	0.287643076928002
Q7YWN0	0.704909255609874
G5EDU8	-0.341749692934278
Q8WT44	-0.341749692934278
Q19070	0.821275211019677
Q23463	0.821275211019677
Q23462	0.186602332746081
G5EEH9	-1.77874798263871
D1MN48	-1.77874798263871
H2L014	-1.77874798263871
Q8TA81	-1.96982690497284
Q20255	-0.156611342370191
Q23468	-0.156611342370191
Q7Z146	-0.156611342370191
O46014	0.0617213404426773
O46015	0.0617213404426773
Q7YTU0	0.0617213404426773
Q7JKM0	0.0617213404426773
O46016	-0.0946745396069778
G5ECI1	-0.739316999942987
P34624	0.777917121088738
Q2V4Y0	0.098334814546292
A0A0K3AXB5	0.098334814546292
P34629	0.645056528604588
P34630	0.268453877335285
P34631	0.608429041071421
Q95ZI6	1.42490473984017
H2L0L3	-0.404364047375478
D6RYD5	-0.404364047375478
B4DCT1	1.79266742527713
A0A4V0IIJ7	-0.266838033182847
Q02329	-0.266838033182847
Q02330	-0.266838033182847
Q02328	-0.10123339307505
Q95PX2	-0.10123339307505
Q02331	-0.523175104287762
Q6LDE9	-0.523175104287762
Q6LDF0	-0.523175104287762
Q95PX1	-0.523175104287762
Q02332	-0.559074773155972
Q02333	-1.36790970868475
F5GU44	-1.36790970868475
P34632	0.208190646002409
Q02334	0.208190646002409
Q02335	0.84627413114517
P91573	-1.37543033782421
Q9U7D2	-1.37543033782421
G5EBF1	0.245697438966273
H2KYQ9	0.245697438966273
G5EBG0	0.596695959718729
Q304E5	0.404998069182738
Q9TZQ3	0.404998069182738
H2KYA1	-0.339549596544949
A8WFL0	-0.339549596544949
Q23087	0.169123885101787
Q4TTC6	1.37792208678783
Q4TTC5	0.0390526187100727
Q23482	-0.100802225384921
Q23483	0.538494012266809
Q23484	0.0528942666599664
Q23485	-1.17415476042022
Q23486	-0.0147075527663211
Q23487	-0.0512145109060846
Q7Z145	-0.0512145109060846
Q23495	-0.198888472894464
Q23493	-0.00975339847988574
Q23494	-0.8066626335887
Q23490	-1.24502637833019
Q23500	-0.295845254412733
E7EAU8	-0.276893270255796
Q23496	-0.276893270255796
Q23498	-1.91040892752798
G5ED47	-0.00310958981001348
P34713	-0.16693060559147
Q20335	-0.16693060559147
G5EE82	0.0278211556314761
Q23501	0.0278211556314761
H8W3Z1	0.637222689377775
Q4JFH7	-1.3877736244557
Q23505	-1.3877736244557
Q23506	-1.3877736244557
H2KZP7	-1.3877736244557
Q95PX0	-0.059139826355524
Q95PW9	-0.059139826355524
A8WIR2	-0.35271551834432
O44900	-0.35271551834432
Q9NHZ6	-0.35271551834432
O44897	-1.05002885664611
Q8IA64	-1.05002885664611
O44895	-0.031341163382622
H2KZ16	0.169457604790531
A0A8S4SRC3	-1.25495818515624
O17024	-1.25495818515624
O17025	0.0593210332888059
Q9GTC8	0.0593210332888059
A0A8S4SQV1	-1.73461448327625
O17021	-1.73461448327625
P34636	-0.614580344864218
P34638	0.242633148165584
P34639	-1.16381793315803
Q7YTH1	0.0685413631783729
P34640	-0.493289726408753
H2FLF4	-0.493289726408753
P34641	0.244784178243499
P34642	0.759300734846274
P34643	-0.0177125174835213
M1ZK05	-0.0177125174835213
S6DQ91	-0.548079199272393
P34644	-0.548079199272393
Q9TZN7	-0.548079199272393
G5EEV9	-0.61173976596291
G5ECZ4	0.128880917892492
G5EDS4	0.128880917892492
Q17390	0.244506407400851
O46021	0.244506407400851
Q8I4A7	0.244506407400851
Q8WQ96	0.244506407400851
Q9NA22	0.244506407400851
P27715	-0.379268558418186
O17665	-0.379268558418186
Q23512	-0.379268558418186
Q7YSR2	-0.379268558418186
Q867Z2	-0.379268558418186
Q8I095	-0.379268558418186
G5EDN9	-0.379268558418186
A0A1C3NSI0	-0.379268558418186
A0A1C3NSN5	-0.379268558418186
A0A1C3NSH2	-0.379268558418186
A0A1C3NSL4	-0.379268558418186
A0A1C3NSJ3	-0.379268558418186
G5EBH2	-1.07370806265784
Q23511	-1.07370806265784
B3WFV4	-1.07370806265784
G5EFV2	-0.115119324531067
O46023	-1.02414566268694
O46024	-0.265406673540164
Q23514	-0.446286953695658
Q2PJ91	-0.446286953695658
Q23515	-0.584918683745509
Q2L6W2	-0.584918683745509
Q7YZT6	-0.584918683745509
Q8MPR4	-0.342670502944203
Q23529	0.0376351882128213
Q2V4T6	0.0376351882128213
Q7JPD4	0.0376351882128213
Q23520	-0.153060938342429
Q23523	0.602188265730694
G8JYE5	0.354494753060498
Q23525	0.354494753060498
Q7Z144	0.307058200208635
Q95PW8	-0.720554692776178
Q23526	-0.720554692776178
Q23527	-0.720554692776178
Q23521	-0.122068426104233
O62511	-0.656684046381996
O62512	0.380119769112331
G5EG49	0.752458703831641
O62515	-1.24533165902295
G4RVP6	-0.655066196074488
Q23535	-0.655066196074488
Q23530	-1.63287603678533
Q23532	-0.243103685762065
H2KYF7	-0.243103685762065
Q23533	-2.6080569729775
Q23534	-0.575960306088194
Q4TTB1	1.15728477182878
Q23539	-0.784273210193818
D3YT36	-0.784273210193818
D3YT37	-0.784273210193818
Q23540	0.0779715899294532
D3YT35	0.0779715899294532
Q23537	-1.57392776712
A0A061ACP3	0.149730878719589
Q23541	0.149730878719589
E2JKZ0	-0.185200363404343
E2JKY8	-0.185200363404343
L8E938	-0.185200363404343
L8EC32	-0.185200363404343
Q23542	-0.185200363404343
Q23536	-0.960578519994571
E2JKY9	-0.960578519994571
Q23543	0.388930302312155
Q23544	-0.125601450803661
Q23545	0.139009168163414
A0A0K3AVF2	0.731275331059257
A0A0K3ASK2	0.731275331059257
O61874	0.731275331059257
H2L0Q1	1.56476271908088
Q6EZG8	1.56476271908088
A0A0K3AW68	0.13280459091364
A0A0K3AYF1	0.13280459091364
O61866	0.13280459091364
D0G911	-0.515825238065334
Q9N4N1	0.717099686543011
V6CJI3	-0.674233537493352
V6CKQ0	-0.674233537493352
Q9N4N4	-0.341948893909026
Q965Z2	-0.536209997413067
V6CM14	-0.725916478325315
Q9N4N3	-0.725916478325315
Q23551	-0.0442546488117835
H2FLH2	-0.0442546488117835
H2FLH3	-0.0442546488117835
A0A061AE24	-0.0442546488117835
A0A061ACT3	-0.0442546488117835
A3RMU0	-0.0442546488117835
D3YT57	-0.0442546488117835
D3YT58	-0.0442546488117835
Q23020	-0.0442546488117835
Q23550	-0.0442546488117835
Q27232	-0.0442546488117835
Q7JN85	-0.0442546488117835
H2KZF5	-0.627238621743094
Q23552	-0.627238621743094
Q86NB3	-0.627238621743094
Q95PW6	0.211285272239977
P34647	0.557224195962755
Q5FC84	0.557224195962755
P34655	-1.93314667813441
P34656	-0.841646963765429
P34657	-0.0572477033954266
G3MTX2	-0.0467806681355328
Q10120	-0.0467806681355328
Q7YWL9	0.0355098786337386
P34648	0.0992242767065399
P34649	0.343023638357414
P34650	-0.543900638887134
P34651	-0.401268293292605
V6CLE5	-0.572899796815639
P34652	-0.572899796815639
P34653	0.591059536763261
P34212	-0.604795917292455
P34654	-0.875523105900444
P30638	-1.27782897005183
Q21101	-1.27782897005183
P30635	0.680922695412806
P30634	-3.48180557132411
P30627	0.114599250663959
Q26332	0.114599250663959
P30631	-0.616711627142235
P30629	0.304676039144659
P30639	-0.255918462477705
P30637	0.0253834050613817
P30632	0.0674744131206079
P30630	-0.141643026830266
Q9NB37	-0.141643026830266
Q9NB38	-0.141643026830266
P30628	-0.16569276110344
Q23555	-0.16569276110344
Q9GPJ3	-0.16569276110344
Q9GPJ4	-0.16569276110344
Q9GPJ5	-0.16569276110344
Q9GPJ6	-0.16569276110344
Q9GPJ7	-0.16569276110344
Q9GPJ8	-0.16569276110344
P30636	-0.84333930992065
Q5FC86	-0.84333930992065
Q6R5A6	-0.84333930992065
I2HAB8	-0.354359949618939
I2HAB9	-0.354359949618939
C9IY19	-0.354359949618939
C9IY20	-0.354359949618939
P30647	-0.354359949618939
P30648	0.695642123377766
A7LPE2	0.553466801571535
P30649	0.553466801571535
P30650	0.553466801571535
P30651	-0.254197659145928
P34659	0.79138444787951
Q95PW5	0.49109557047604
G5EE41	0.0886027874150495
P34660	0.498633447052171
P34661	-1.49253888588783
P34662	-0.672120846696065
P34663	-1.25018377281427
Q9TYD8	-1.25018377281427
P34664	0.274492557986717
Q7Z143	0.274492557986717
A0A0K3AS04	0.274492557986717
A0A0K3AUB7	0.274492557986717
P34665	0.198890688564676
P34666	0.959647958020764
Q94406	1.37332354550312
Q94407	-0.348183442602739
Q9BJL1	-0.348183442602739
Q9BJL2	-0.348183442602739
A0A5E4LZF8	-0.348183442602739
A0A5E4LX31	-0.348183442602739
Q27395	-0.0908127472680568
Q94409	-0.0908127472680568
Q94414	-0.0908127472680568
Q23565	2.06820177946009
G5ECK6	-1.09801846141809
G5EG95	-1.09801846141809
J7S142	-1.09801846141809
G5EF80	-1.09801846141809
G5EFY2	-1.09801846141809
Q23569	3.25472581179348
Q23570	0.636252410016284
Q23571	-0.0525633569519417
Q1ZXV0	0.103076390073038
Q1ZXU9	0.103076390073038
Q09662	-0.709610847434062
B7WN75	-0.709610847434062
Q8I0Y7	0.593239710516516
E9P857	0.593239710516516
Q2XN08	0.593239710516516
Q09629	-0.145915401698287
Q09377	-0.0408939006327638
Q09663	0.575545470768317
Q09665	-0.771138485434475
G5EE24	-0.431651486027819
A0A3P6N6C5	-0.592078435671639
Q09614	-0.592078435671639
Q09615	0.492693540951806
A5JYR2	-1.2957252392133
Q09380	-1.63447075827638
Q21448	0.161177705205735
Q27365	0.161177705205735
G5EDB3	-3.57982374349393
Q23576	-0.190885916733526
Q23579	-0.140193628035501
Q23580	-1.21662448810833
Q23581	0.312358141061849
P34667	0.379347976989634
P34668	-0.960998187492933
P34669	0.377347770718895
A2ID82	0.490671472023167
P34670	0.490671472023167
Q27GV3	-0.963967659756494
P34672	-0.243209232990889
P34673	0.0745893656016015
A0A679L8U9	0.2104349946283
P34675	0.2104349946283
Q8I7F0	0.2104349946283
L8EC34	0.2104349946283
L8E805	0.2104349946283
P34676	-1.04974190538633
Q95PW3	-1.04974190538633
P34677	-0.272271706112682
Q27GV4	-0.272271706112682
P34678	0.197924674835938
Q9U003	0.197924674835938
P34274	0.993222289910194
Q27GV5	0.993222289910194
Q95PW4	0.993222289910194
A0A0K3AVF6	-1.46184169986518
A0A0K3ASK8	-1.46184169986518
O44577	-1.46184169986518
H2L0Q5	-0.930528792602813
O44576	-0.930528792602813
A7YH04	-0.97354044728748
A7YH06	-0.97354044728748
Q9GYF0	-0.97354044728748
Q5FBV6	-0.922350023666642
Q9GYF1	-0.922350023666642
Q9GYF2	0.651139436362915
Q9GYF4	0.189269477765134
Q8MPS6	-0.347218762364583
Q23089	-0.347218762364583
Q23088	0.439480238708722
Q23090	0.39382428300608
Q23091	-3.90071924672101
Q23092	-0.474123676051926
A3FPJ7	0.165799347934691
G4S3A8	-0.0333337839984543
Q09627	1.45577133453939
Q09628	0.0342914602713754
F5GU74	-0.175759953181319
F5GU75	-0.175759953181319
P34679	-0.175759953181319
G1K0W0	1.11936601187125
P34680	-2.30209478641511
Q8I0G4	0.753346409122856
G5ECT4	0.753346409122856
G5EG19	0.753346409122856
F5GU67	0.753346409122856
F5GU68	0.753346409122856
G5EDL2	0.753346409122856
G5EBV7	0.753346409122856
O01635	-0.634708943753083
O01634	-0.904559589376626
I6Z0I7	1.09620730159008
I7J4C8	1.09620730159008
I7LHV8	1.09620730159008
I7K4J2	1.09620730159008
I7LFE6	1.09620730159008
I7J4C9	1.09620730159008
I7LHV9	1.09620730159008
I7K4J6	1.09620730159008
G4SPX0	1.09620730159008
Q23587	1.09620730159008
Q23588	-1.5100277464532
Q23590	0.295294964056937
A0A061ACM7	-0.526900796572511
Q95PW2	-0.526900796572511
Q23595	0.317861684966749
Q23591	-0.387496941121901
P22981	-0.40347429602163
N1NSF8	-0.891143042077943
Q23592	-0.891143042077943
Q9U1N6	0.313580000108324
O62519	0.072862182870294
O62518	-0.999392653914587
Q23598	-1.28575855483641
Q23597	0.492227973553202
G5EDJ3	-0.893384301434238
F5GU99	-0.893384301434238
Q23600	0.504582238683991
Q86D01	0.504582238683991
Q23601	0.393242520152929
A5Z2S9	-0.422826143985238
Q86D00	-0.422826143985238
G5EF38	-0.645320539987807
A0A061AJ50	-0.645320539987807
H2KYF6	-0.627704044900681
Q2V4T1	-0.627704044900681
Q8MPR3	-0.142351795218902
Q23611	0.12669347378167
Q23610	-0.734439399445996
Q23613	-1.37858968724919
Q23614	0.204901653476544
P35449	-0.424422081494859
Q95PV8	-0.424422081494859
Q95PV9	-0.424422081494859
Q95PW0	-0.424422081494859
Q23615	0.0538753805187798
Q23616	-1.3782100923338
Q5FC55	-0.674178959838204
Q23621	-0.0176493109430297
Q23623	0.415528894071539
Q23624	0.248270454647085
Q23626	0.610639739337606
Q23629	0.0909886945721644
F5GUD7	0.0909886945721644
Q7YWM9	-1.86446426743098
P56173	1.29311178832468
Q7JPJ3	0.834282467011085
O18302	-0.573015934937382
Q564T0	-0.573015934937382
A5JYY2	-0.573015934937382
Q23639	-0.839093078211269
Q23645	0.638788902889551
Q23646	0.644116174911155
Q23647	0.314671524209919
Q95PV7	0.240003316260826
G5EC76	0.0104876456243319
G5EGG1	0.0104876456243319
A8WHN5	-0.99665311174327
Q23640	-0.265125381407372
Q23641	0.650474800226959
Q23642	0.36901198207299
Q23643	-0.515917220820174
Q23644	0.0958129778810434
G5EFL0	0.267303258474506
Q94417	0.0468894630926896
K8F7T2	-0.669020625487189
Q94139	-0.669020625487189
Q94420	-0.669020625487189
Q94421	0.161064396868345
B3WFW5	0.0681208143345338
Q7YTF9	0.0681208143345338
Q94416	0.165848459801605
Q23650	-1.13042076901615
Q23651	0.681790713846979
Q23652	0.984567456075216
Q10661	0.308321371972503
Q10667	1.49522998242542
D9N141	1.49522998242542
Q8I4A6	-0.457674302085917
Q1ZXU1	-2.07656600740197
A0A5E4LWX4	-0.560367114681397
A0A5E4M3Q4	-0.560367114681397
Q95PV3	-0.560367114681397
Q95PV5	-0.560367114681397
Q95PV6	-0.560367114681397
Q3S1M3	-0.324761578328861
Q95ZI4	0.0849834050882352
Q8I4A5	0.0849834050882352
Q8I4A4	0.0849834050882352
Q8I4A3	0.0849834050882352
I2HAG1	0.0849834050882352
Q09581	0.0849834050882352
Q9GNP6	0.0849834050882352
Q23655	-0.274713096784191
O02341	1.15836684103757
Q9XUA9	0.608876569921139
Q9XUA8	1.57684231528049
Q9XUA7	0.0545458992252841
O02343	0.829726546807334
G5EFQ0	-0.423702630113742
O02345	0.14585182751635
E5QCI0	0.14585182751635
H9G2V2	0.320096938908891
C1P637	0.320096938908891
D3YT40	0.320096938908891
D3YT41	0.320096938908891
D3YT42	0.320096938908891
D3YT43	0.320096938908891
Q23658	0.320096938908891
H9G2V3	0.320096938908891
G3MU01	0.320096938908891
A0A061AKP8	0.320096938908891
A0A061ACM4	0.320096938908891
A0A061ADT8	0.320096938908891
A0A061ACJ2	0.320096938908891
A0A061AJ06	0.320096938908891
A0A061AKQ5	0.320096938908891
A0A061ACM9	0.320096938908891
A0A061ADU4	0.320096938908891
A0A061ACJ8	0.320096938908891
A0A061AJ13	0.320096938908891
Q23659	-0.492148159494247
Q23660	0.240327168147709
Q23662	-0.361373391208418
O18306	-0.186682201783307
Q8MLZ5	-0.276131522161821
A6ZJ45	-0.276131522161821
K8ERX6	-0.276131522161821
K8ERY0	-0.276131522161821
K8ESF6	-0.276131522161821
K8ESL7	-0.276131522161821
K8F7Z7	-0.276131522161821
K8FE04	-0.276131522161821
M1ZJ21	-0.276131522161821
M1ZMJ4	-0.276131522161821
O44239	-0.276131522161821
O44240	-0.276131522161821
O44241	-0.276131522161821
O44242	-0.276131522161821
O44243	-0.276131522161821
O44244	-0.276131522161821
O44245	-0.276131522161821
Q3S1K5	-0.276131522161821
Q9TVD9	-0.276131522161821
Q9TVE0	-0.276131522161821
Q9TVE1	-0.276131522161821
Q9TVE2	-0.276131522161821
Q9TVE3	-0.276131522161821
Q9TVE4	-0.276131522161821
Q9U991	-0.276131522161821
Q9UAH9	-0.276131522161821
Q9UAI0	-0.276131522161821
A0A2X0T496	-0.603961760521046
P21137	-0.603961760521046
O18310	-0.603961760521046
O18311	-0.603961760521046
Q9UB39	-0.603961760521046
Q9XZP8	-0.603961760521046
Q9XZP9	-0.603961760521046
Q9XZQ0	-0.603961760521046
Q9XZQ8	-0.603961760521046
Q9XZQ9	-0.603961760521046
O18307	0.388240897631928
Q94126	0.68509545885587
O18309	-0.0409830054917577
Q7YTT9	0.346194128436722
Q94127	0.346194128436722
Q23669	0.26991237965008
E9P864	0.26991237965008
Q23665	1.04612099906053
Q23664	-0.219852954314133
Q65ZB3	-0.219852954314133
Q23668	0.516773899855906
Q23672	-0.281851925285676
Q23676	1.51030792197601
Q09621	-0.562052402010816
Q09583	0.182441304520322
Q09622	-0.50508086394303
Q09381	1.6239370494801
Q09623	1.6239370494801
G5EDC4	-1.25136686537038
G5ED52	-1.25136686537038
B6VQ47	0.448435231158348
H2FLG3	0.448435231158348
Q27539	0.448435231158348
Q23679	0.700468430306094
Q23680	0.266877824616876
Q23682	0.0919318989889052
Q23683	0.00920513206315842
G5ED59	-0.400986408026323
Q9N4L5	-0.436064853887832
Q9N4L8	0.259348445149866
Q9N4L6	0.0492188592506383
Q9N4L7	-1.53430479962776
Q9N4M0	1.02616265101877
A0A2C9C3A7	0.495380221185132
A0A2C9C2Z1	0.495380221185132
O61841	0.495380221185132
O61842	0.495380221185132
Q6IMP3	0.495380221185132
Q9N4M4	0.495380221185132
Q9N4M1	1.0240242356883
Q9N4L9	1.19346620931377
V6CJ20	2.03606927132589
Q9N4L2	2.03606927132589
V6CK65	-0.778754024684089
V6CLJ8	-0.778754024684089
V6CLI8	0.773990336923477
Q1ENI8	-0.46738264600362
A0A3B1DQH4	-2.30235653868378
O44088	-2.30235653868378
